ID,Age,Income,Country,Total_Children,Total_Spend,NumWebVisitsMonth,NumWebPurchases,Response
15815139,33,52784.2,Canada,2,330,6,3,0
13780787,74,69746.9,Saudi Arabia,2,108,6,1,0
2968257,37,1730.0,India,1,68,7,7,0
7322177,49,1730.0,Spain,0,110,7,2,0
9006929,30,33032.9,Spain,2,112,8,4,0
10295988,19,1730.0,India,2,42,8,1,0
7142362,30,14761.9,Australia,0,131,8,3,0
622010,50,21109.4,Spain,1,47,7,3,0
11796404,27,24586.5,Saudi Arabia,1,54,7,1,0
4842847,37,1730.0,Canada,1,55,6,3,0
5576961,56,18727.7,Canada,1,310,6,7,0
14959473,34,4537.8,Saudi Arabia,1,16,6,2,0
7119290,26,10340.2,Spain,2,32,10,4,0
1917384,44,53161.0,Australia,1,191,6,2,0
1135566,43,1730.0,Saudi Arabia,2,68,8,6,0
12115466,30,1730.0,Spain,2,11,8,1,0
2100210,27,28821.2,India,1,73,7,4,0
11755920,28,1730.0,Spain,1,65,7,2,0
7248294,41,1730.0,Canada,1,142,8,2,0
12933809,56,12631.3,Spain,2,289,6,2,0
2924623,49,24683.2,Saudi Arabia,2,168,8,4,0
9860620,36,36236.5,Spain,0,111,8,2,0
11422224,27,99488.4,Saudi Arabia,0,263,6,2,0
7268453,47,1730.0,Spain,1,47,8,1,0
12508848,35,38663.3,Saudi Arabia,1,261,6,2,0
13701816,38,59534.7,Australia,2,158,7,4,0
3699727,52,67125.1,Saudi Arabia,1,290,7,4,0
2693323,38,15968.0,Spain,0,86,8,6,0
6944787,28,1730.0,Canada,2,29,7,0,0
11665366,34,1730.0,Spain,2,46,7,2,0
12571366,30,1730.0,India,2,50,8,2,0
10690550,45,8646.6,Spain,2,66,8,0,0
12510546,52,29942.1,Spain,1,243,6,7,0
6362038,24,86298.8,India,0,362,8,4,0
3362301,58,106642.7,Germany,1,254,7,2,0
6150043,46,21316.7,Saudi Arabia,1,155,7,7,0
5556534,27,1730.0,Spain,2,39,8,1,0
16372261,42,89938.1,Spain,0,426,7,5,0
6687490,42,1730.0,Spain,1,42,7,2,0
11383193,41,57466.4,Canada,1,340,8,2,0
435722,63,15429.2,India,2,40,8,0,0
16325051,27,39227.7,Germany,2,113,8,2,0
402828,52,54202.6,Canada,0,410,7,9,0
11115592,46,6508.0,USA,2,45,8,3,0
5112876,28,41225.1,Spain,0,66,7,6,0
7941647,53,8640.6,Spain,1,35,8,1,0
14418332,39,25904.8,Spain,2,388,6,2,0
6515163,40,17750.9,Saudi Arabia,1,91,7,1,0
5264904,35,73518.2,Saudi Arabia,0,281,6,4,0
9217028,55,5892.7,Germany,2,19,7,0,0
194823,41,1730.0,Spain,1,73,8,4,0
6063630,40,62617.7,Australia,0,146,8,3,0
15412079,37,3200.2,Australia,1,23,8,2,0
15964029,37,54343.6,Mexico,0,47,7,8,0
8080778,43,25832.0,India,1,408,7,6,0
6518531,28,1730.0,Spain,1,33,8,2,0
4230515,29,20794.5,India,1,20,7,2,0
1369459,36,53944.6,Saudi Arabia,2,85,6,11,0
2395535,35,25274.1,Spain,1,115,8,2,0
11352463,35,22435.6,Spain,2,38,8,6,0
13767021,42,58465.7,Spain,1,220,8,2,0
11384955,30,1730.0,Saudi Arabia,1,27,8,1,0
5466230,55,1730.0,Spain,2,56,7,1,0
11077421,50,1730.0,Saudi Arabia,2,16,8,1,0
2333011,53,4237.9,Canada,0,178,6,4,0
16485101,50,1730.0,Spain,1,23,8,1,0
4444925,39,1730.0,Spain,1,34,7,1,0
6880204,35,7967.1,Spain,2,67,8,0,0
1527249,18,64444.7,Canada,1,49,7,4,0
12819696,41,3180.7,Canada,1,191,7,1,0
7998853,28,31058.0,USA,2,43,8,5,0
12300871,41,10193.8,India,2,26,8,3,0
2753031,51,13787.1,Canada,1,76,6,13,0
3911870,23,42730.5,Saudi Arabia,1,39,8,2,0
14324926,33,33822.5,Saudi Arabia,1,61,7,2,0
2122022,47,103533.0,Spain,1,97,7,5,0
7721951,36,13060.3,Spain,0,199,7,4,0
11095487,38,9746.9,USA,2,45,8,2,0
14309160,32,4861.2,Canada,1,31,8,2,0
10815129,26,22546.4,Australia,0,95,8,3,0
16249386,44,51966.7,Spain,0,127,8,7,0
15087782,36,1980.5,Canada,2,352,7,3,0
4119431,23,16700.1,Australia,1,36,6,4,0
5626964,62,1730.0,Spain,2,42,8,2,0
2353838,37,2519.1,Spain,2,87,7,3,0
10672521,25,1730.0,Spain,1,80,8,2,0
2667800,65,81948.7,Spain,1,330,7,12,0
7975463,38,78404.0,Spain,1,271,6,2,0
4542081,20,53825.6,Canada,1,221,7,3,0
10184408,30,11251.0,Canada,2,18,8,0,0
4654758,25,1730.0,Spain,2,0,8,1,0
7564872,28,1730.0,USA,2,0,8,0,0
6824969,28,1730.0,Spain,1,49,8,1,0
5583734,63,42634.3,Australia,2,81,7,2,0
1091542,40,25509.7,Australia,0,325,8,3,0
7028005,27,13289.3,Canada,1,53,6,5,0
13540514,40,36195.6,USA,2,43,8,12,0
3853612,35,45977.3,Australia,1,85,8,7,0
13268197,26,92130.7,Saudi Arabia,1,126,8,3,0
8226051,44,68460.8,Spain,1,121,7,2,0
16408454,44,36037.3,Canada,2,103,7,3,0
16200972,21,7765.2,Spain,1,58,7,6,0
5287667,24,33727.0,India,2,165,8,1,0
1325569,31,37173.5,Saudi Arabia,2,164,6,2,0
1035777,47,40802.7,Saudi Arabia,1,171,7,0,0
16055558,30,18498.5,Saudi Arabia,1,7,8,1,0
1599141,30,7634.6,Spain,2,35,6,2,0
180598,48,72322.6,Spain,1,194,7,3,0
5632177,59,101267.2,Spain,0,218,7,5,0
4225642,49,27416.1,USA,1,90,8,1,0
14777113,36,105447.5,Spain,0,327,6,0,0
13646394,33,83977.0,Australia,0,297,6,4,0
9181959,33,2610.6,Spain,1,20,8,1,0
2637211,24,1730.0,India,1,32,8,1,0
6494572,44,31944.6,Germany,2,72,7,2,0
7757534,39,58216.0,Saudi Arabia,0,399,8,4,0
6053130,39,29934.0,Australia,2,197,8,1,0
1473995,29,61604.7,Canada,1,178,7,7,0
9895615,33,44170.3,Saudi Arabia,1,170,8,4,0
4396154,69,1730.0,USA,2,19,8,1,0
5938629,36,36423.3,Saudi Arabia,1,291,9,2,0
9617632,46,1730.0,Spain,1,41,7,3,0
12905551,48,1730.0,Australia,1,126,7,2,0
16523529,49,51733.9,Canada,1,174,8,2,0
324210,35,57692.2,Canada,1,63,7,2,0
2215189,49,1730.0,Canada,2,344,6,2,0
5516325,28,27544.2,Spain,0,326,7,1,0
11953351,45,1730.0,India,2,34,7,2,0
4104896,50,54241.9,Saudi Arabia,2,29,7,2,0
10902641,40,43211.7,Mexico,1,114,8,5,0
5348825,46,71536.6,Australia,0,60,8,4,0
2917537,36,31059.5,Spain,2,111,6,7,0
13830149,33,40729.7,Spain,1,103,8,7,0
3905906,53,115567.1,USA,0,356,6,5,0
10304510,52,72712.1,USA,3,228,7,2,0
14904299,33,10556.2,Saudi Arabia,2,73,7,2,0
2980259,28,1730.0,Spain,1,24,8,0,0
15168515,37,1730.0,Canada,1,0,8,2,0
3852714,47,70883.1,Saudi Arabia,2,167,8,3,0
15519949,26,5167.2,Canada,1,81,8,1,0
7073462,46,1730.0,Spain,1,6,7,1,0
9841004,45,1730.0,Canada,2,84,8,2,0
15850811,39,1730.0,Spain,1,22,8,2,0
14856869,36,40406.3,Spain,2,78,8,3,0
5081016,40,1730.0,Spain,1,0,8,1,0
1741989,30,39451.2,Spain,0,119,8,4,0
11056633,65,32541.0,Spain,1,92,6,0,0
5987089,30,1730.0,Spain,1,45,8,7,0
6922592,38,1730.0,Germany,1,75,6,2,0
10279667,26,1730.0,Saudi Arabia,1,2,6,1,0
15294414,38,1730.0,Canada,1,205,7,0,0
13905313,31,1730.0,Germany,1,28,9,2,0
12763843,31,53618.0,Canada,0,296,7,3,0
5358888,27,24411.8,India,1,143,8,12,0
3806164,37,30726.0,Canada,1,41,8,2,0
2205013,52,18348.5,Canada,1,332,7,1,0
2528896,30,66104.3,Canada,2,55,9,4,0
11698189,50,22350.4,Saudi Arabia,1,120,7,2,0
8980138,43,60063.1,Spain,0,144,8,3,0
11767540,37,1730.0,Saudi Arabia,1,40,7,4,0
2848815,36,76320.8,Spain,1,409,6,7,0
9117481,24,45430.0,Spain,2,71,8,1,0
8011343,45,30259.6,Saudi Arabia,1,24,7,12,0
13031389,44,84970.2,Canada,3,113,8,9,0
14303205,19,1730.0,Spain,2,60,8,1,0
13160166,27,75200.1,India,0,272,8,3,0
3183616,28,1730.0,Saudi Arabia,1,15,8,2,0
9935675,51,67548.6,Saudi Arabia,2,133,8,3,0
815856,50,18674.9,Canada,1,108,6,8,0
12095601,32,5192.1,USA,1,36,8,2,0
11581238,30,13524.2,Saudi Arabia,1,56,7,2,0
280244,42,42507.4,Spain,1,104,8,2,0
4737576,44,15352.3,Australia,1,96,8,3,0
415809,20,4801.3,India,1,27,7,2,0
800656,39,1730.0,Spain,1,221,6,2,0
2663128,56,1730.0,Spain,2,50,8,4,0
7506906,32,84522.8,India,1,130,9,3,0
4251810,58,28975.5,Saudi Arabia,2,287,8,1,0
14866855,36,29237.9,Canada,1,47,8,2,0
6478600,46,53188.8,Canada,1,145,7,3,0
16668261,44,1730.0,Spain,2,94,7,2,0
13845541,46,22410.6,USA,2,46,8,2,0
16456479,45,78214.4,Spain,1,64,7,1,0
3448997,42,73854.6,Saudi Arabia,0,329,6,2,0
2335442,49,2117.5,Canada,1,64,6,2,0
4954693,57,74440.1,India,2,125,6,3,0
12720007,38,56740.8,USA,2,110,7,8,0
8463112,41,9576.4,Saudi Arabia,1,53,6,0,0
5664958,38,3956.2,Saudi Arabia,1,25,8,2,0
496637,38,60995.7,Spain,1,228,8,3,0
5485874,39,25519.3,Spain,1,60,8,5,0
11276743,42,28436.9,Germany,1,236,7,1,0
9525121,26,1730.0,Saudi Arabia,1,1,7,1,0
2470890,33,38191.4,Canada,0,41,8,2,0
14098730,37,13254.9,Spain,2,44,7,2,0
3886708,32,6570.9,Saudi Arabia,2,31,8,1,0
9793987,44,78788.5,Canada,1,194,10,4,0
8922551,60,13045.9,Australia,2,17,7,3,0
11824495,55,59367.5,USA,0,191,8,2,0
13895488,37,97848.7,Canada,1,32,8,3,0
10935289,40,30327.7,Spain,2,202,8,5,0
1012701,37,85418.5,USA,0,71,7,2,0
9360027,43,24535.5,India,2,54,6,3,0
9433829,45,46249.3,Spain,2,99,6,10,0
1414991,32,72488.4,Spain,2,82,7,3,0
2989102,28,87706.5,Canada,0,168,6,11,0
8308179,68,40204.9,Saudi Arabia,0,183,6,3,0
14758184,40,12935.1,Spain,1,10,6,3,0
15092762,46,48674.6,Saudi Arabia,1,56,7,3,0
6731782,60,36761.4,Spain,1,144,7,3,0
8875428,59,9284.1,USA,1,128,6,0,0
2175398,47,13692.3,USA,0,53,8,1,0
12633755,38,6652.5,Spain,0,67,8,1,0
6572430,42,39123.6,Australia,1,58,7,3,0
464236,51,56124.7,Saudi Arabia,1,320,6,4,0
5767996,37,39706.5,Canada,1,63,7,1,0
6941572,39,84702.1,India,3,400,8,3,0
13746139,41,68864.5,India,0,266,7,5,0
14407336,46,32318.2,Canada,1,33,8,2,0
7962064,45,53914.1,Canada,2,248,7,2,0
2458472,44,57091.2,Spain,0,122,8,1,0
9638637,37,60756.2,Spain,1,268,7,2,0
3904958,27,17751.4,Saudi Arabia,1,33,6,3,0
5951433,30,29279.9,USA,0,152,6,6,0
12478166,29,32764.2,Spain,2,34,7,2,0
12990182,41,53163.1,Saudi Arabia,0,209,6,3,0
12055203,39,25622.1,Canada,1,289,7,3,0
3625832,47,17868.5,Spain,1,101,8,4,0
13325618,49,1730.0,Saudi Arabia,1,75,8,10,0
12677804,25,54706.7,Spain,1,49,8,2,0
13398344,43,1730.0,Canada,1,0,8,0,0
9986153,36,30482.8,Germany,1,108,6,2,0
11267755,49,21130.1,Spain,1,59,7,2,0
15892781,39,1730.0,Spain,2,54,7,0,0
11332677,29,44176.9,Germany,2,181,7,2,0
12113907,38,1730.0,Spain,1,27,8,0,0
14387183,63,15070.4,Spain,2,77,8,6,0
10554787,20,58943.8,Canada,1,123,8,2,0
13348510,47,57937.5,Canada,0,65,6,4,0
3689712,40,1730.0,Spain,1,41,8,1,0
14714327,48,47885.2,Spain,3,268,7,4,0
3078199,27,11139.8,Canada,1,21,7,2,0
15139069,36,1730.0,USA,2,59,8,1,0
6297006,33,34387.1,Canada,1,63,6,2,0
11208098,49,50329.8,Spain,2,58,8,5,0
13211217,39,3308.3,Canada,1,71,8,2,0
259162,42,19078.5,Canada,0,38,8,3,0
12715716,36,25567.9,Saudi Arabia,2,214,6,3,0
2904323,34,44320.9,Spain,0,37,7,1,0
8781943,31,1730.0,Germany,2,46,7,1,0
11616038,39,47993.2,Australia,1,99,6,4,0
13167911,50,28371.2,Canada,2,27,8,1,0
4921047,45,1730.0,Spain,2,23,7,13,0
3227196,52,15341.0,Spain,1,73,7,0,0
14509238,36,35019.2,USA,1,31,6,14,0
15297880,42,2128.0,Spain,2,23,8,2,0
832571,72,12375.6,Spain,1,101,7,1,0
15821889,51,48479.0,Mexico,0,326,8,4,0
4197564,48,1730.0,Saudi Arabia,1,43,6,2,0
2262023,60,1730.0,Canada,2,60,8,4,0
6301431,33,11017.9,Saudi Arabia,1,37,8,2,0
14586143,48,22452.5,Canada,0,200,8,8,0
16092632,60,3324.5,Spain,1,71,8,3,0
9562925,43,8725.7,Spain,1,52,8,1,0
10899180,49,7527.3,Canada,2,44,7,2,0
14038480,18,2179.4,Spain,1,23,8,3,0
1188427,52,30115.2,USA,1,4,8,0,0
15600210,56,43322.0,Saudi Arabia,1,197,7,3,0
13446733,48,56697.3,USA,1,203,7,2,0
4433515,43,13220.8,Spain,1,232,7,2,0
10295469,33,1769.6,Germany,0,19,6,2,0
7949674,26,11887.7,Saudi Arabia,1,35,8,3,0
6685153,41,21123.3,Canada,2,90,6,2,0
449901,29,39721.3,Spain,1,31,7,7,0
2273452,45,105849.7,Saudi Arabia,1,243,7,6,0
6740711,30,31615.1,Spain,0,80,6,2,0
11368217,41,15593.7,Germany,0,77,7,1,0
13328737,30,14314.7,Australia,2,23,6,7,0
9631269,31,1730.0,USA,1,2,8,0,0
1206292,34,39428.6,India,1,305,6,1,0
12447914,44,94091.6,Canada,0,113,8,2,0
7528954,27,3221.4,Saudi Arabia,1,23,8,2,0
10564878,39,51464.9,Saudi Arabia,1,153,8,3,0
7123966,26,51204.7,Canada,2,64,6,4,0
1805121,41,16557.2,Canada,2,179,6,2,0
1890275,23,7834.0,Australia,2,23,7,1,0
5618589,33,1730.0,Saudi Arabia,2,30,7,0,0
5170387,29,75943.1,Saudi Arabia,1,388,6,4,0
8412790,37,20145.4,USA,1,42,8,1,0
3505930,53,96044.8,Spain,2,144,7,2,0
3290830,43,83614.3,Australia,0,128,6,4,0
6916780,18,20735.0,Saudi Arabia,2,33,7,2,0
11689940,42,7233.5,Spain,1,70,8,3,0
10902362,18,1730.0,Canada,1,55,7,2,0
16645044,42,1730.0,Saudi Arabia,1,52,7,0,0
14910270,40,39119.8,Spain,1,144,8,12,0
10214926,51,11554.1,Spain,2,53,6,0,0
5348007,29,36567.9,Germany,0,255,6,3,0
4844246,47,99614.7,Germany,2,256,8,5,0
4209003,36,16905.8,India,1,322,6,7,0
1243246,35,32843.6,Mexico,2,164,6,2,0
4407197,36,35962.7,Spain,1,95,8,2,0
3502362,44,31107.5,Spain,1,54,7,3,0
4216472,50,7761.6,Canada,1,66,6,4,0
15286245,18,1730.0,Spain,1,39,8,2,0
7859929,28,16911.3,Australia,1,86,7,9,0
4168607,52,3906.5,Spain,1,2,7,2,0
14753953,43,24673.3,Germany,1,414,7,4,0
16357310,44,37011.3,Canada,2,182,8,0,0
14588021,48,5136.2,Germany,1,62,7,1,0
4755744,74,1730.0,Canada,2,110,8,3,0
6889518,21,22193.2,Canada,1,246,7,8,0
13879629,44,80881.5,Australia,1,94,6,6,0
790419,29,66587.0,Germany,1,143,8,2,0
12452448,39,14011.7,Saudi Arabia,1,0,7,5,0
11803706,36,48797.6,Saudi Arabia,1,296,7,0,0
9928668,42,9228.6,Canada,2,80,7,11,0
14012865,29,7026.9,Spain,1,24,8,2,0
1854450,51,9249.6,USA,2,50,8,11,0
11973846,40,44169.8,India,0,337,8,2,0
15710682,45,22213.9,Spain,1,0,8,2,0
7274016,33,37722.3,Spain,0,255,7,3,0
12421376,57,11573.3,Canada,1,44,7,5,0
1706671,46,76649.8,Spain,2,26,7,4,0
15623785,47,1730.0,Australia,3,134,8,2,0
5666996,48,66340.2,Saudi Arabia,2,192,8,2,0
4835534,32,45895.5,Spain,0,131,6,4,0
7475758,40,37878.4,Spain,1,64,7,3,0
15048233,28,48941.4,Canada,0,84,8,4,0
15868718,56,6459.6,Germany,2,109,8,3,0
2990210,32,10871.6,Canada,1,3,8,1,0
10348480,41,8985.1,Germany,1,64,7,2,0
15617017,34,2952.8,Spain,1,255,6,7,0
9865824,73,37563.4,Saudi Arabia,2,81,7,5,0
2756561,32,1730.0,Spain,2,49,7,1,0
13653923,37,57059.6,Spain,0,28,7,4,0
9822457,40,45840.3,Australia,2,216,7,1,0
5502205,35,32060.7,Canada,1,60,7,2,0
5767874,54,55830.6,Spain,1,68,9,5,0
3101724,31,8964.9,Saudi Arabia,2,49,7,2,0
9827966,56,1730.0,Spain,2,52,7,1,0
4379859,44,54948.8,Spain,1,282,6,9,0
9142309,46,1882.1,Canada,2,101,8,8,0
13952912,51,10685.8,Canada,1,69,7,2,0
2022795,40,7782.6,USA,2,21,6,2,0
6442475,35,1730.0,India,1,9,8,1,0
8778513,56,36485.6,Saudi Arabia,1,199,7,8,0
16566777,44,1730.0,USA,1,10,7,1,0
15615557,45,1730.0,India,1,57,7,4,0
6160307,29,54458.4,Saudi Arabia,1,94,6,0,0
8970017,36,56096.0,Spain,1,146,7,3,0
11511502,30,7864.2,Spain,1,60,7,3,0
12550396,47,1730.0,Spain,1,22,7,4,0
11898395,44,3746.4,Spain,2,45,8,1,0
4375203,53,42257.2,Spain,2,165,8,8,0
7844667,41,70899.9,Saudi Arabia,1,24,7,1,0
7309975,29,1730.0,Spain,1,59,6,2,0
10101685,43,1730.0,Australia,2,42,8,7,0
13093641,18,41834.5,Saudi Arabia,2,249,7,1,0
2523172,40,111856.3,Australia,1,272,8,10,0
16630476,27,1730.0,Saudi Arabia,1,51,8,1,0
5306107,33,33559.7,Spain,1,176,7,9,0
12502726,39,17089.5,Saudi Arabia,2,386,7,8,0
16136668,44,43488.7,Canada,1,106,8,2,0
7919595,25,13284.6,India,1,33,6,2,0
12030569,34,1730.0,Germany,1,173,6,4,0
357355,56,34730.8,Australia,1,85,6,2,0
14266653,49,1730.0,Spain,1,68,6,2,0
1329648,49,25726.1,Spain,1,69,8,1,0
5222297,33,1730.0,Spain,1,7,8,2,0
13949495,45,6989.0,Spain,1,61,7,6,0
2547714,18,40023.2,Canada,2,47,7,4,0
3658085,48,51382.7,Saudi Arabia,3,84,8,13,0
4262030,30,90471.2,India,1,48,7,2,0
7257779,39,47797.4,India,1,35,8,3,0
7243376,24,1730.0,Spain,1,1,7,2,0
7281187,30,99526.9,USA,1,408,8,6,0
14644437,40,1730.0,Spain,1,46,8,1,0
8467886,31,58445.0,Spain,2,104,8,3,0
1958766,59,43566.6,India,1,363,6,3,0
11100317,47,1730.0,USA,2,58,8,0,0
4716233,33,1730.0,Canada,2,32,8,1,0
15196654,56,64188.0,Spain,2,142,8,1,0
10398225,39,1730.0,Canada,2,51,7,1,0
10315303,28,72536.3,Saudi Arabia,1,393,7,9,0
12219872,27,3332.9,Canada,1,0,8,2,0
9826473,39,23498.0,USA,2,56,8,1,0
6166628,53,50857.5,USA,1,300,7,2,0
629138,35,11782.1,Spain,1,70,6,8,0
13829511,37,17788.5,Spain,1,73,8,2,0
6372589,48,57193.8,Canada,0,175,6,3,0
3981620,50,5997.2,Canada,2,7,7,2,0
9370574,34,75554.3,Spain,2,87,6,3,0
3926104,28,44343.2,Spain,0,181,6,3,0
9988836,55,1730.0,Spain,2,173,7,2,0
1412968,53,24889.8,Germany,1,32,7,3,0
12898203,23,22300.4,Spain,1,42,7,1,0
768259,36,11625.3,Canada,2,63,7,2,0
1399266,41,54911.5,Spain,2,272,6,5,0
5371447,42,4407.0,Canada,1,45,6,0,0
12208221,19,1913.9,Canada,1,18,6,2,0
15786365,38,3668.8,Australia,2,153,8,5,0
4660054,43,86691.2,Saudi Arabia,1,213,7,2,0
11256894,51,1730.0,Spain,1,48,8,1,0
10378954,36,44241.9,Spain,2,144,8,6,0
9414515,46,1730.0,Spain,1,62,7,1,0
14755444,54,94791.4,Canada,1,98,8,3,0
13318365,32,1730.0,Spain,2,45,7,1,0
12050191,39,72517.3,Australia,2,92,7,0,0
1849075,38,15710.2,Spain,1,49,7,2,0
8536549,43,6510.7,Spain,2,37,7,1,0
10136422,53,1730.0,Spain,1,40,7,2,0
12067404,43,23135.9,Spain,0,440,8,10,0
4071316,29,1730.0,Spain,2,40,7,1,0
14700753,74,6097.8,Canada,2,117,7,1,0
8696489,29,29649.4,Spain,1,355,8,2,0
16333013,35,103836.1,Canada,1,242,7,8,0
3720521,54,74880.8,Australia,1,260,8,4,0
7921417,47,49417.3,Canada,2,106,8,6,0
11339591,58,67706.0,Canada,2,339,7,10,0
5851672,36,18086.6,Spain,1,265,7,1,0
8618576,25,58520.7,Spain,1,426,9,6,0
6447671,25,39672.3,Saudi Arabia,1,42,8,0,0
689520,40,65538.7,Germany,1,171,7,2,0
15781358,30,1730.0,Spain,1,139,7,3,0
3866545,51,1730.0,Canada,1,131,7,4,0
13242803,29,1730.0,Spain,1,42,8,3,0
7469773,30,59103.4,Spain,3,47,8,3,0
8698177,38,60345.4,Australia,0,223,6,4,0
7872959,43,19183.3,Australia,3,136,8,2,0
8486300,39,3127.8,Spain,2,85,8,2,0
12845775,36,24864.3,Spain,2,16,8,3,0
11517399,29,1730.0,Spain,1,8,6,1,0
11855470,64,44224.8,Spain,1,38,7,0,0
8306119,41,107240.1,Spain,0,89,8,5,0
1228712,50,15485.4,Spain,2,291,7,10,0
16135725,29,1730.0,Canada,2,52,7,1,0
3073918,44,1730.0,Saudi Arabia,2,34,8,1,0
2202281,32,2132.8,Spain,1,88,6,2,0
14013122,30,44996.5,India,2,49,8,3,0
4787866,33,57035.5,USA,1,89,8,2,0
13370270,40,12542.9,Germany,0,358,7,2,0
13380090,36,7732.0,Saudi Arabia,3,34,6,2,0
7860906,26,78275.5,Spain,1,23,8,4,0
4038164,45,4919.6,Spain,1,74,7,0,0
14598594,18,44164.8,Australia,2,58,8,1,0
1325331,38,4733.1,Spain,1,8,6,1,0
10562261,33,13007.3,India,1,130,7,1,0
11407857,34,1730.0,Canada,2,25,8,2,0
7910329,48,63964.6,Spain,2,353,8,4,0
6809355,28,51290.3,India,1,31,8,13,0
12116193,32,33371.6,Australia,2,205,8,6,0
15949905,45,73999.4,Canada,1,97,8,7,0
9800981,31,101095.0,Spain,2,253,6,1,0
4665913,35,33672.6,India,1,43,8,2,0
5903183,36,22178.9,Canada,2,37,7,0,0
12430492,46,32263.1,Spain,1,26,8,2,0
1001495,36,1730.0,Canada,2,16,8,4,0
3944094,39,30481.7,India,1,320,6,3,0
9649362,34,1730.0,Germany,1,3,8,1,0
1896927,51,32105.3,India,1,55,8,2,0
8687834,40,35041.5,Spain,2,373,8,7,0
1206562,52,5082.2,Australia,2,73,7,1,0
16736128,37,23751.2,Canada,0,28,8,2,0
4009373,51,47524.2,Saudi Arabia,2,72,8,1,0
5743601,18,62679.0,Canada,1,38,8,4,0
11794786,42,93134.9,Saudi Arabia,1,189,8,8,0
16677119,30,1730.0,USA,2,32,7,1,0
9160342,34,59474.9,Canada,1,53,6,6,0
12229591,58,23013.1,India,2,369,7,4,0
11349362,48,5211.9,India,1,0,7,2,0
11802323,53,92487.2,USA,0,174,6,4,0
7469156,41,1730.0,Canada,2,24,7,2,0
16472096,50,17145.1,Germany,2,48,8,4,0
3487085,42,8863.4,Spain,1,1,7,3,0
6568512,70,50114.9,Canada,0,330,7,7,0
6167421,60,84611.4,Australia,0,390,6,6,0
16248551,53,22202.8,Germany,1,102,9,4,0
13511353,32,65750.8,Saudi Arabia,1,43,6,8,0
12801066,30,68199.9,Australia,2,281,8,2,0
2967207,50,19203.1,Canada,2,30,8,3,0
14885248,46,57226.3,Australia,1,90,8,2,0
11800383,40,43871.6,Germany,1,102,8,3,0
16658048,49,48227.2,India,1,40,8,1,0
6901741,38,12867.4,Canada,1,4,6,2,0
555269,25,3656.2,Australia,2,48,8,3,0
11387244,25,17308.2,Canada,2,62,8,2,0
11092747,45,16515.6,USA,1,35,7,1,0
10148308,44,8050.3,India,1,113,8,2,0
8847303,28,45241.2,Germany,1,118,6,3,0
6556985,42,1730.0,Canada,2,69,7,3,0
14781952,39,19795.1,Canada,1,25,8,2,0
7126409,44,16101.2,Spain,1,154,8,7,0
826356,57,25075.8,Spain,1,136,7,12,0
12947503,39,1730.0,Saudi Arabia,2,54,7,0,0
16132980,53,7995.4,Spain,2,46,7,2,0
13225660,39,10523.8,USA,1,57,6,6,0
7322099,28,61949.2,Spain,1,72,8,7,0
1138448,40,99530.4,Spain,0,416,6,4,0
15779556,20,58023.6,Spain,2,85,8,5,0
11056832,42,30959.4,Germany,1,63,7,7,0
11396844,41,1730.0,Spain,2,65,7,2,0
8334088,34,12428.6,Spain,1,8,7,1,0
2815993,44,23018.3,Spain,0,72,8,5,0
12009076,35,60318.1,Saudi Arabia,0,113,7,5,0
11239138,28,27676.7,Germany,2,434,8,3,0
12762898,55,71344.2,Canada,0,405,8,4,0
3527538,35,47567.5,Canada,2,59,7,0,0
1882337,49,26887.8,Canada,1,61,7,2,0
13708467,59,37298.9,Australia,1,50,8,2,0
11188074,74,1730.0,Canada,2,51,8,0,0
3378173,41,37699.8,Spain,3,66,8,2,0
11818606,36,37538.5,Spain,1,77,7,4,0
13950790,27,95924.5,Canada,0,3,7,2,0
16623051,43,42434.8,Australia,0,155,6,7,0
2397421,32,1730.0,Spain,1,42,8,2,0
8906817,46,13997.1,USA,1,23,7,3,0
12545039,51,1730.0,Spain,2,54,7,0,0
143455,47,1730.0,Spain,1,59,7,1,0
14630177,60,58754.6,Canada,1,73,7,2,0
12167722,60,53333.7,Spain,1,383,6,10,0
13153944,60,23010.5,Spain,2,188,6,3,0
14487324,35,32286.8,Spain,1,40,8,2,0
14312906,44,1730.0,Canada,1,37,6,1,0
10941341,33,21305.8,Spain,1,157,8,4,0
6242749,31,6315.8,Canada,1,270,6,2,0
2592105,60,42350.4,USA,1,54,8,13,0
1194739,26,34084.9,Spain,1,39,8,3,0
2543174,42,7863.5,Saudi Arabia,2,162,7,8,0
10691861,55,110290.4,Spain,0,290,6,5,0
15228862,18,1730.0,Canada,0,69,7,2,0
14375315,40,3030.2,Spain,1,62,7,2,0
4012335,41,1901.2,Canada,1,18,8,2,0
3415177,55,1730.0,Australia,1,59,7,3,0
4154701,33,29573.1,Mexico,1,220,8,3,0
8836631,56,35234.4,Australia,0,68,8,2,0
4198371,34,88572.4,Canada,1,391,8,3,0
13968589,37,96300.2,Spain,1,195,8,3,0
16097405,35,61338.6,Saudi Arabia,0,184,7,10,0
3562570,21,1730.0,Spain,0,42,7,0,0
6897798,31,11731.2,Canada,2,32,7,1,0
7367240,63,39906.1,USA,2,201,7,3,0
1960161,31,1730.0,Canada,1,22,7,2,0
243104,48,12890.0,Saudi Arabia,2,29,6,7,0
4046408,31,1730.0,Spain,1,21,7,1,0
1845736,38,58867.4,Spain,1,185,6,2,0
11500936,49,1730.0,Canada,1,117,6,0,0
15142594,70,1730.0,Saudi Arabia,0,37,7,1,0
14579906,33,104956.7,Saudi Arabia,1,296,6,3,0
10843957,27,1730.0,Spain,2,24,8,2,0
7141501,43,28454.7,Canada,1,220,7,2,0
15781052,38,44868.7,India,2,132,8,7,0
1936038,53,69731.9,Spain,1,349,8,4,0
12443875,45,30649.1,Spain,1,75,7,2,0
6859397,47,11270.7,Australia,1,111,6,3,0
9640501,20,4935.8,Spain,2,193,7,2,0
3032097,46,45791.8,Spain,2,184,6,3,0
4160609,50,44826.0,Canada,1,274,8,1,0
4055161,24,70617.3,Saudi Arabia,1,21,7,7,0
12926250,51,33776.2,Saudi Arabia,1,337,8,1,0
5268491,52,41320.0,Canada,1,114,7,2,0
13927010,39,33906.6,Saudi Arabia,1,22,8,3,0
11400672,52,39280.4,USA,1,102,8,0,0
7880050,58,72805.0,India,0,427,8,2,0
5845129,40,84997.2,Germany,0,419,9,7,0
10608184,53,1730.0,Canada,2,296,7,1,0
2181669,49,79747.2,Australia,2,74,8,3,0
4644455,50,15165.7,USA,2,92,7,7,0
2555306,38,48847.8,Spain,1,194,7,5,0
13395239,51,80909.4,USA,0,343,8,4,0
2351117,50,38969.8,Saudi Arabia,2,53,8,2,0
13175527,44,80349.1,Canada,3,298,7,4,0
15092618,33,10897.6,Spain,1,219,8,1,0
8809256,23,74390.0,Saudi Arabia,1,340,7,4,0
8404124,46,59395.4,Canada,0,231,8,7,0
2518112,27,13231.2,Canada,2,80,7,2,0
10199547,28,5436.0,India,1,17,8,1,0
15840892,36,1730.0,USA,1,22,7,1,0
2834675,48,50301.3,Saudi Arabia,1,42,8,2,0
11683072,25,40226.2,USA,2,429,8,4,0
3896144,32,45347.5,Spain,0,51,8,2,0
7083662,35,30967.9,USA,0,43,8,3,0
3649312,34,1730.0,Spain,0,29,8,3,0
7627274,39,1730.0,Spain,1,41,7,1,0
2451970,37,67680.2,Australia,1,183,8,3,0
13026920,38,58134.6,Canada,1,109,7,4,0
4075378,30,57217.4,Canada,1,51,8,1,0
4717602,33,37272.4,Saudi Arabia,1,121,6,10,0
5672682,38,3463.9,Canada,1,62,6,1,0
9436625,39,17439.2,USA,2,61,6,4,0
13422418,55,75135.0,Spain,1,438,6,4,0
7751587,43,9347.9,Spain,2,1,8,3,0
6909172,46,66047.9,Germany,2,62,8,4,0
14718235,30,30516.0,Canada,1,119,8,2,0
11430674,61,9932.8,Spain,0,31,10,3,0
11735942,18,40524.2,Spain,1,68,8,2,0
11884737,32,40861.6,Germany,1,52,8,9,0
15508216,62,9016.5,Australia,0,128,8,3,0
8147892,53,26109.6,Germany,1,124,7,2,0
4265131,34,6849.2,Germany,1,44,7,5,0
9089197,44,24935.6,India,2,229,7,3,0
9145742,34,58829.0,Australia,1,139,6,3,0
6888228,68,103406.8,Spain,1,192,8,8,0
4164673,46,57308.2,Canada,1,210,8,3,0
9893592,30,1730.0,Spain,1,41,8,1,0
9380864,39,88396.0,Australia,1,363,6,5,0
9490823,40,15849.8,Australia,2,1,8,3,0
4129012,45,7707.2,USA,0,51,8,2,0
14665895,43,52543.5,India,1,144,7,6,0
5748344,35,21651.9,Australia,1,34,7,0,0
753349,27,8802.0,Spain,1,84,7,1,0
10537229,49,38237.1,Saudi Arabia,2,70,8,5,0
14422785,40,24736.9,Canada,1,65,6,3,0
4052302,22,62787.5,Spain,1,101,7,13,0
444893,56,31242.0,Saudi Arabia,0,27,6,1,0
1959722,41,61909.4,Canada,2,38,8,2,0
15673180,40,1730.0,Canada,1,26,8,1,0
13522748,36,3940.2,Spain,2,1,7,1,0
7727312,37,6338.7,India,2,61,7,1,0
9097577,48,43636.4,India,1,81,8,2,0
7660656,25,97720.0,USA,0,303,8,3,0
10294288,24,45850.6,Australia,2,158,7,1,0
3957182,31,1730.0,Spain,1,3,7,1,0
2879039,18,1730.0,Spain,1,3,7,1,0
13005841,57,63916.9,Canada,0,210,8,6,0
8534323,43,58931.7,Saudi Arabia,2,63,9,4,0
7234602,37,25959.0,India,2,174,6,3,0
16685338,37,22557.2,Canada,2,224,8,3,0
12176075,38,6515.4,Spain,1,47,7,3,0
10465319,36,32822.3,Spain,1,28,6,4,0
94661,60,60383.1,Canada,1,415,7,3,0
1460564,39,3137.5,India,2,78,8,2,0
2052997,46,54172.7,Spain,0,66,8,3,0
15669195,71,25484.0,Saudi Arabia,1,23,6,3,0
11803818,57,1730.0,Saudi Arabia,1,40,6,1,0
12630978,32,36371.9,Spain,2,74,8,1,0
12186496,29,76491.0,Spain,1,86,7,2,0
313809,31,30947.3,Canada,1,99,7,2,0
3736592,39,1730.0,India,1,76,6,2,0
12022997,33,1730.0,Spain,1,46,7,1,0
4044332,46,1730.0,Spain,1,47,8,1,0
9747221,29,1730.0,Canada,1,49,8,3,0
2732278,18,1730.0,Spain,2,28,7,3,0
6409825,26,63774.2,Canada,1,89,8,1,0
2828388,41,1730.0,Canada,0,56,8,1,0
11963383,37,29002.8,Spain,1,59,8,2,0
15541056,66,17950.7,Spain,1,81,6,13,0
9675234,18,31144.1,Saudi Arabia,1,222,8,2,0
13775723,43,1774.7,Spain,1,57,6,1,0
5523300,31,3581.2,India,0,65,8,2,0
2367076,53,1730.0,Spain,2,54,7,2,0
15504232,56,33064.3,Germany,2,50,7,1,0
6194615,41,74607.1,Saudi Arabia,1,76,6,2,0
1193776,54,1730.0,Spain,2,70,7,1,0
2771255,37,64484.5,Germany,1,181,6,10,0
4369014,18,1730.0,Germany,2,137,7,4,0
9963966,34,1730.0,Spain,1,38,7,1,0
4629641,33,26685.1,Germany,3,68,7,4,0
13390983,53,49981.9,USA,0,120,7,5,0
11318747,46,1730.0,USA,2,5,6,1,0
5551975,55,1730.0,Spain,2,43,7,1,0
11173545,41,34485.1,Spain,1,71,8,2,0
4751021,21,41815.0,Spain,2,62,6,8,0
3987769,56,23544.9,Canada,1,80,7,2,0
4625115,20,1730.0,Canada,2,6,8,0,0
1093004,40,1730.0,Spain,1,399,8,3,0
13908687,39,1730.0,Spain,1,18,8,2,0
9979617,20,72529.6,Canada,0,154,8,3,0
6599493,46,40617.3,Spain,2,60,6,2,0
10896580,21,71240.5,Saudi Arabia,2,158,7,4,0
2712079,65,51754.3,Canada,1,398,6,1,0
6552467,29,20639.7,Saudi Arabia,1,192,6,13,0
7723784,44,107360.2,Spain,0,318,7,7,0
5352486,43,44609.0,Germany,1,318,6,2,0
15712379,38,35970.1,Spain,1,109,7,5,0
3476166,34,2369.4,Spain,2,0,8,2,0
11975191,22,90663.2,Saudi Arabia,1,413,6,8,0
4834194,38,1730.0,Spain,3,54,7,2,0
6946377,39,31877.0,Spain,1,88,8,3,0
6350326,36,7943.7,Spain,2,439,8,1,0
6625700,40,95870.5,Australia,0,320,8,3,0
1878519,27,41581.1,Australia,1,57,8,3,0
1901014,32,19091.1,Germany,1,61,6,2,0
5641189,45,11170.6,Spain,2,116,7,5,0
4218419,34,25376.3,Spain,2,114,7,5,0
11525199,28,10818.2,Germany,1,390,8,2,0
5221386,27,26199.0,Canada,2,49,6,2,0
12401367,31,1730.0,Australia,2,32,8,2,0
4656394,61,40769.9,Saudi Arabia,0,298,8,6,0
6489037,42,86382.7,Germany,2,315,7,2,0
6992163,38,29449.3,Canada,2,49,7,2,0
3283767,46,1730.0,Canada,1,65,7,0,0
16761987,40,1730.0,Canada,1,7,8,2,0
4495294,19,55530.6,Saudi Arabia,1,69,8,1,0
8036599,51,15340.5,Spain,2,44,8,1,0
11686312,44,22569.4,Germany,1,120,8,2,0
10341556,37,43602.9,Spain,1,97,7,2,0
3887957,59,99003.9,Canada,1,424,8,4,0
8650405,38,18796.7,Saudi Arabia,1,0,6,2,0
13670469,48,65498.7,India,1,6,8,2,0
4100648,27,26744.9,Canada,2,0,7,1,0
8491093,40,1730.0,Germany,2,5,8,2,0
14923201,53,17057.8,India,1,424,6,3,0
609164,60,1730.0,Germany,1,94,7,3,0
9469816,34,1730.0,Canada,1,28,8,3,0
7174378,43,6518.2,USA,2,6,7,3,0
2964672,47,1730.0,Spain,1,34,7,0,0
13666907,31,52060.8,Saudi Arabia,1,99,7,4,0
193112,35,42963.1,Saudi Arabia,2,45,8,2,0
10005640,50,29199.0,Canada,1,24,6,2,0
13339803,18,50721.1,Canada,1,16,8,5,0
518336,49,58743.8,Spain,1,49,6,4,0
11754681,28,78842.8,Germany,1,440,8,8,0
15671850,27,53222.8,Saudi Arabia,1,191,7,3,0
2369899,55,32617.8,USA,1,133,8,1,0
3282534,45,30376.9,Spain,3,120,7,3,0
5843689,38,33424.7,USA,0,26,7,6,0
2181319,41,1730.0,Spain,1,99,7,0,0
2669465,39,23949.5,Spain,1,41,6,1,0
12197874,24,35749.9,Spain,2,313,6,3,0
2874844,48,48636.4,Spain,3,134,6,1,0
1609061,37,6960.8,Spain,1,25,8,2,0
9337067,31,65083.9,Spain,1,87,7,2,0
7453395,28,21278.9,India,1,73,8,9,0
579224,31,84429.3,Saudi Arabia,2,54,8,2,0
5888819,45,1730.0,Spain,1,34,7,3,0
4659432,22,1730.0,Spain,1,62,8,3,0
13327357,45,61702.8,Spain,1,87,7,6,0
8975834,48,6602.2,Canada,1,48,7,0,0
9342417,40,40594.0,Saudi Arabia,0,177,8,2,0
6029718,55,1730.0,Spain,2,3,8,3,0
7451526,63,29298.3,Canada,1,165,6,2,0
2597992,38,1730.0,India,2,16,7,2,0
10307395,51,1730.0,Spain,1,19,7,1,0
5000058,42,1730.0,Australia,1,0,7,2,0
14574913,65,1730.0,Canada,2,184,8,2,0
15336947,44,64026.1,India,0,92,8,6,0
4533882,50,73127.7,Spain,1,352,6,3,0
13385580,43,7768.4,Canada,1,81,6,0,0
2910703,68,11038.0,Saudi Arabia,0,160,8,1,0
11118305,57,3145.0,USA,2,31,7,1,0
11379467,33,40348.5,Spain,1,53,7,3,0
2494647,50,8211.0,Spain,1,25,7,1,0
6754170,48,28712.4,Spain,1,426,7,9,0
5364495,49,15672.8,USA,2,79,9,10,0
11258250,18,30652.4,Spain,1,247,8,2,0
10434343,40,88394.2,Spain,2,85,7,5,0
16154081,27,7875.3,Spain,1,428,8,4,0
8530404,22,46933.3,Australia,2,204,6,1,0
13747418,48,14265.2,Canada,2,177,7,5,0
1249115,29,49922.0,Saudi Arabia,1,121,8,5,0
1066947,64,44937.1,Spain,0,96,7,4,0
9400228,51,11403.7,Spain,1,88,7,2,0
9682715,35,1730.0,Spain,1,0,7,1,0
5495488,55,1730.0,USA,1,34,7,1,0
16309094,24,1730.0,Spain,1,21,6,1,0
5362598,30,35486.6,Canada,1,5,7,7,0
2743312,25,80734.2,Spain,1,102,7,2,0
11457764,27,1730.0,Saudi Arabia,2,16,6,3,0
6691409,56,102603.9,India,1,258,7,5,0
249671,51,35278.3,Canada,1,43,7,12,0
4779441,28,55927.0,Saudi Arabia,0,220,7,1,0
3220882,41,20955.2,Australia,1,286,7,2,0
11299074,41,43412.9,Canada,1,251,6,10,0
13275670,20,2385.4,Spain,2,51,8,1,0
4828390,18,36226.7,Australia,1,314,8,2,0
1839072,52,1730.0,Saudi Arabia,2,105,7,2,0
11783758,39,1730.0,Spain,1,0,8,0,0
15810957,47,6952.8,Canada,2,10,7,2,0
2875887,34,1730.0,Canada,1,13,8,4,0
7084775,31,63289.9,Australia,1,317,6,3,0
7800157,61,18888.8,Saudi Arabia,1,109,6,0,0
4472085,40,34205.4,Canada,1,43,8,5,0
2143488,46,15721.0,Canada,1,130,7,2,0
9389517,33,1730.0,Saudi Arabia,2,81,8,1,0
12205629,34,1730.0,Germany,1,36,7,2,0
220725,40,12384.1,Spain,2,60,7,2,0
10929551,53,114788.6,Canada,0,310,7,5,0
16612433,37,52944.2,Spain,2,277,7,3,0
11844115,49,9936.4,Spain,0,51,8,1,0
1609538,26,11582.0,Spain,2,40,8,4,0
10353651,29,1730.0,Spain,1,38,7,2,0
453907,52,66238.7,Spain,1,355,6,13,0
10090610,58,1730.0,India,2,44,7,1,0
15575434,22,93827.0,India,1,65,7,2,0
10161505,53,60449.7,Germany,1,96,7,6,0
10837874,48,29763.1,Saudi Arabia,1,98,6,1,0
11724053,27,1730.0,Spain,1,60,7,2,0
2718990,36,56758.6,USA,0,114,7,6,0
6985811,18,32422.7,USA,1,44,7,2,0
14395740,23,98083.3,India,2,410,8,6,0
3212180,48,40298.6,Spain,0,70,6,0,0
2776473,50,12433.1,Germany,1,135,8,4,0
7644291,44,39153.6,Spain,1,136,8,3,0
8251186,41,38525.8,Canada,1,346,7,9,0
5362385,29,44158.2,Spain,1,63,8,2,0
16087377,49,44335.7,Saudi Arabia,2,54,6,1,0
5377431,52,21217.6,Spain,2,83,7,1,0
12991303,32,11996.6,Spain,1,33,6,0,0
12671327,28,4730.5,Spain,2,69,8,2,0
7241296,29,8709.7,Germany,1,82,7,2,0
13903595,38,62010.4,Saudi Arabia,2,84,7,1,0
712264,43,1730.0,Canada,1,247,6,2,0
16696241,69,3566.4,Saudi Arabia,2,44,7,5,0
1804944,30,44366.2,Canada,2,57,6,2,0
2823943,36,8862.2,USA,2,2,7,0,0
1784272,48,96674.8,Germany,0,377,6,4,0
3892679,52,28422.1,Spain,2,18,8,2,0
7958012,75,18409.6,Spain,2,25,6,3,0
15769180,34,23203.6,Saudi Arabia,3,140,6,5,0
9421858,41,110212.5,USA,2,319,6,4,0
5955656,36,60450.9,Canada,1,337,8,4,0
11974080,50,79992.5,Australia,0,252,6,2,0
12671577,27,57080.0,Saudi Arabia,1,396,8,3,0
12297442,29,5840.2,Spain,2,30,8,3,0
3820320,55,14578.3,Canada,1,395,8,1,0
3402975,35,109211.3,Spain,1,263,7,1,0
6180258,26,38263.5,Spain,2,147,8,2,0
14243399,23,23033.6,Australia,1,91,8,4,0
8338109,27,97099.4,Canada,1,416,7,6,0
6281671,42,21688.3,Canada,2,177,7,2,0
12336181,25,55790.5,Germany,1,283,7,6,0
15622081,28,98668.5,Saudi Arabia,0,69,8,9,0
12238082,19,48054.3,Spain,1,158,7,2,0
9368743,39,2207.4,Spain,2,63,8,0,0
12234391,48,4407.8,Canada,1,14,6,2,0
14198974,37,26466.9,Canada,1,135,8,3,0
2342144,44,22979.3,Germany,2,117,6,4,0
11090495,34,40180.3,Spain,1,74,8,2,0
13271473,48,45675.9,USA,1,219,7,2,0
10796128,38,14521.8,Australia,0,70,8,1,0
3369601,36,50876.4,Spain,1,13,8,1,0
13286023,42,32229.2,Saudi Arabia,1,226,7,2,0
7250864,47,44935.9,Canada,1,332,6,4,0
2945855,48,18913.6,Spain,1,91,7,2,0
7814743,46,1730.0,Saudi Arabia,1,41,8,2,0
157708,23,22068.5,Spain,2,25,8,2,0
4961588,28,1730.0,Spain,1,68,8,1,0
7030973,70,1730.0,USA,1,51,8,1,0
2180636,21,34175.8,Spain,1,394,8,10,0
15064209,43,21047.2,India,0,188,7,6,0
9525847,18,7308.4,Canada,1,111,8,3,0
8088382,49,81529.8,Australia,0,148,6,7,0
12564347,34,1730.0,Germany,2,20,7,1,0
5575293,42,15982.9,Canada,1,378,7,2,0
5764592,31,34178.9,India,1,58,8,2,0
12646075,47,1730.0,Canada,2,4,8,12,0
452746,49,60899.3,Saudi Arabia,2,219,6,4,0
667747,19,23042.1,India,1,10,7,6,0
12603940,47,17604.2,India,2,51,7,1,0
7842554,28,81777.1,USA,0,236,6,12,0
9049525,42,38306.8,Australia,0,436,7,14,0
2901399,41,37282.1,Spain,1,428,6,6,0
10550576,38,6954.4,Spain,1,50,6,9,0
13169520,25,111184.4,Australia,0,302,6,5,0
16527064,43,1730.0,Spain,1,14,6,1,0
15752677,42,1730.0,Spain,1,61,6,1,0
10153089,32,23494.4,Spain,1,45,6,4,0
7057355,35,44867.7,Germany,1,293,8,3,0
2231699,23,50807.3,Spain,1,228,7,6,0
9608710,40,20009.4,Canada,1,50,8,3,0
3195720,29,45288.0,Spain,1,61,6,2,0
15522533,44,1730.0,Canada,1,104,8,3,0
14703312,31,25955.7,India,1,126,7,2,0
12945765,42,2182.8,Canada,1,162,8,3,0
3859041,46,104409.2,Germany,1,163,8,3,0
574960,30,1730.0,Spain,1,33,7,2,0
15795123,68,27335.1,Spain,1,186,7,2,0
11922026,31,11514.9,Spain,2,82,8,2,0
5445324,35,19743.2,Germany,0,272,8,2,0
11274893,47,11619.8,India,2,225,8,12,0
11762148,29,1730.0,Australia,2,38,7,2,0
13762138,34,86631.0,Spain,0,309,8,3,0
12144508,43,4658.8,Spain,1,39,7,2,0
10693635,60,64335.8,Canada,1,32,8,6,0
2471540,30,44600.9,Spain,2,339,7,1,0
5925750,48,1730.0,Spain,2,71,7,2,0
2670922,24,1730.0,Spain,1,73,6,2,0
14049038,30,54513.0,Spain,2,130,8,4,0
5103394,24,1730.0,Spain,1,0,7,2,0
3728319,67,5405.9,USA,1,61,7,3,0
8536047,21,1730.0,Spain,1,52,8,1,0
9895433,38,52167.1,Canada,1,404,6,2,0
7913714,30,1730.0,Australia,1,144,7,3,0
1960037,34,17665.8,India,1,129,6,4,0
4641014,31,2041.8,Canada,1,44,6,2,0
634468,28,1730.0,Germany,2,22,7,1,0
2510552,45,1730.0,Canada,2,4,7,0,0
14460816,35,23079.5,Germany,1,0,8,1,0
4277054,47,1730.0,India,1,70,7,3,0
11811793,31,22446.0,Australia,1,42,6,10,0
16104931,45,46674.5,Saudi Arabia,1,23,8,2,0
3013138,37,31852.2,Spain,2,63,7,5,0
4371281,26,68498.5,Saudi Arabia,1,223,6,7,0
15753283,62,42807.3,India,0,198,8,7,0
11515333,28,44275.0,Germany,1,52,6,4,0
9441291,52,1730.0,Spain,1,51,8,1,0
5833989,41,22248.4,Saudi Arabia,2,67,7,3,0
1131972,38,45955.0,India,1,46,8,3,0
11438961,41,1730.0,Canada,1,14,8,4,0
12505277,51,8771.0,Spain,1,95,8,7,0
5493715,36,1901.4,Mexico,2,175,7,1,0
16775223,54,26640.0,India,2,101,6,2,0
13867545,39,1730.0,Saudi Arabia,1,37,7,6,0
15828541,35,5280.5,Spain,1,6,6,2,0
12534983,24,60401.1,India,1,111,7,1,0
6560387,40,1730.0,Canada,1,99,6,2,0
716957,42,24365.5,Saudi Arabia,1,2,8,1,0
490390,30,49399.2,Australia,1,423,8,4,0
16118554,35,1730.0,Spain,1,48,7,7,0
11165250,18,29031.9,Saudi Arabia,1,107,8,9,0
13683787,42,19633.7,Spain,2,66,6,7,0
5353827,52,2255.1,India,1,92,6,3,0
14568718,44,82891.3,Spain,1,396,8,6,0
5529783,41,19585.4,Saudi Arabia,1,88,6,8,0
15980292,54,7037.3,Spain,2,94,8,0,0
15587476,56,44475.1,Spain,1,89,8,2,0
13325357,29,89040.0,Spain,1,235,6,2,0
10468170,54,1730.0,Spain,1,137,8,2,0
1015501,25,87602.2,Australia,2,182,7,3,0
7806204,42,67132.0,Germany,1,119,7,9,0
10092906,32,1730.0,Spain,2,7,8,1,0
8789566,38,21734.9,USA,1,64,7,6,0
6735366,57,53166.7,India,2,336,8,12,0
12576137,32,9859.4,Canada,2,41,7,3,0
5200335,34,11676.0,USA,2,28,8,2,0
10793041,38,1730.0,Spain,2,40,8,1,0
1938221,47,1730.0,Canada,1,71,8,0,0
13822409,47,21450.7,Spain,1,38,8,3,0
3798188,27,1730.0,Spain,1,40,7,1,0
2209251,30,54582.2,Spain,1,152,8,2,0
9079858,36,24043.1,Spain,1,27,8,1,0
10619982,43,46143.1,Canada,2,114,7,3,0
371916,33,35401.3,Spain,0,276,7,6,0
3229649,67,34113.2,Australia,1,237,7,2,0
395052,18,1730.0,Australia,1,22,7,3,0
9882186,24,83144.7,Spain,0,344,6,4,0
1875224,46,10674.1,Saudi Arabia,1,71,6,1,0
8425265,26,54928.0,Australia,1,87,7,4,0
14882503,41,1730.0,Spain,1,9,7,1,0
7641996,28,58001.5,Spain,1,304,8,6,0
8308512,39,41832.8,Spain,1,151,8,2,0
15836628,37,16078.0,India,1,25,8,3,0
1629557,39,8776.0,Mexico,2,45,7,3,0
16481952,22,75489.5,Saudi Arabia,0,151,8,3,0
12496131,34,47979.5,Germany,1,367,8,12,0
4330977,66,3301.2,Germany,1,125,7,1,0
9442850,37,11442.0,India,1,208,8,2,0
4404447,39,69629.5,Saudi Arabia,1,154,8,7,0
9664112,56,74267.7,Saudi Arabia,0,246,7,6,0
14168503,39,1730.0,Saudi Arabia,1,31,8,1,0
13135060,56,16266.0,Canada,1,59,8,2,0
7214166,36,1730.0,Spain,1,10,8,1,0
16387980,27,7531.3,Spain,1,81,8,2,0
7066906,41,21814.2,Canada,1,62,7,1,0
16511050,47,34904.9,Spain,2,150,8,2,0
14749279,32,45636.0,Spain,2,381,6,3,0
13792362,53,58537.4,Saudi Arabia,1,390,8,3,0
11469210,59,26289.4,Saudi Arabia,1,64,8,3,0
10398178,53,23110.0,Spain,1,46,7,2,0
7145377,28,5312.9,Canada,2,26,8,3,0
6873403,28,5046.7,Spain,2,54,7,1,0
10782197,32,3925.4,USA,1,0,7,2,0
5101548,52,28555.6,Canada,1,131,8,2,0
83508,42,26871.8,Saudi Arabia,1,82,7,1,0
12590479,36,51445.9,Australia,1,97,6,2,0
2075381,41,63630.3,India,2,47,8,4,0
1534469,39,1730.0,Canada,1,52,7,1,0
8941152,53,23326.5,Spain,1,220,8,11,0
3689767,50,29452.8,USA,1,25,8,2,0
11596510,44,96946.7,Australia,1,424,6,3,0
5751406,29,4543.0,USA,1,15,8,1,0
12485817,41,20795.0,Spain,1,85,8,2,0
9768247,27,16371.7,Spain,1,64,6,1,0
7241130,53,19698.8,Spain,0,259,8,2,0
13633484,37,1730.0,Canada,2,32,6,1,0
310659,60,35620.7,Germany,0,315,6,4,0
11442692,22,35771.6,Spain,1,94,7,3,0
4293048,54,3135.3,Spain,1,272,7,7,0
64694,29,51603.2,Australia,1,68,8,3,0
8370351,31,38493.0,Spain,1,66,7,2,0
8211736,33,1730.0,Spain,2,11,8,2,0
6602866,57,55924.2,Saudi Arabia,2,129,8,2,0
1911503,47,61141.4,Spain,1,144,7,1,0
15437241,31,8124.8,Saudi Arabia,2,17,7,1,0
10640220,20,1730.0,Saudi Arabia,1,106,8,0,0
16284988,33,36728.7,Canada,1,103,8,2,0
3680353,36,20630.3,Canada,1,85,6,10,0
734216,72,47459.1,USA,2,366,7,2,0
5417090,45,47437.8,Canada,2,248,8,14,0
6687158,55,26134.9,USA,0,57,6,2,0
2842560,36,8720.5,Canada,1,45,7,1,0
16526895,52,29099.8,USA,1,144,8,3,0
14533000,36,25970.2,Saudi Arabia,1,277,6,3,0
9893410,52,74853.2,Spain,1,274,7,2,0
14916845,43,79469.6,Canada,1,188,6,2,0
16483569,53,11215.4,Spain,1,81,8,8,0
8512176,22,49077.5,Spain,1,242,6,5,0
11981488,65,42545.9,Spain,1,415,7,4,0
3304783,37,36277.4,Canada,1,96,7,3,0
11454605,48,16900.8,Spain,0,264,7,3,0
2748244,29,59787.7,USA,0,130,7,1,0
217552,44,1730.0,Canada,1,23,7,2,0
3811712,27,17770.3,India,1,37,6,6,0
8651114,55,5390.4,Australia,1,54,7,9,0
9949896,55,112107.5,Canada,1,97,8,3,0
12387605,29,12467.6,India,1,0,8,2,0
5651134,49,80873.9,Spain,1,279,6,7,0
13511241,52,72401.5,Canada,1,355,8,5,0
10854628,28,1730.0,Saudi Arabia,1,3,8,0,0
16540552,38,31709.2,Australia,1,163,7,2,0
14907496,42,13337.6,Canada,1,78,6,1,0
4104648,58,40419.8,Canada,2,38,8,2,0
8017630,32,44627.3,Spain,1,70,6,2,0
2829102,40,26547.6,Spain,2,15,8,1,0
8161038,21,27699.1,Spain,1,305,8,2,0
3992974,35,51877.8,Canada,1,314,7,2,0
13404719,64,78838.3,Spain,1,84,7,2,0
9823648,33,18157.1,Canada,1,238,8,2,0
759355,47,1730.0,India,1,193,6,4,0
14116253,38,67256.1,Canada,1,348,9,11,0
4454261,23,5975.9,Spain,1,103,8,2,0
16502594,31,16185.8,Spain,2,55,6,0,0
9496576,45,1730.0,India,1,5,7,2,0
5633706,26,66532.3,Spain,1,123,8,2,0
13091367,34,10889.5,Germany,2,20,7,2,0
5064504,43,79532.9,Canada,2,131,8,9,0
12899526,29,59742.9,Saudi Arabia,1,141,8,3,0
5739854,32,4392.9,Saudi Arabia,1,67,6,4,0
4483750,32,89915.5,USA,0,21,7,5,0
11006102,42,1730.0,Saudi Arabia,2,64,8,3,0
2980459,54,80810.1,Spain,0,140,7,3,0
1885930,33,59885.2,Saudi Arabia,1,55,6,0,0
6361222,39,60744.7,Germany,0,210,8,3,0
3658954,32,1730.0,Spain,2,27,7,0,0
16056270,31,42940.3,Saudi Arabia,1,63,7,2,0
8027410,39,28265.6,Spain,0,71,6,1,0
13082451,45,46342.2,India,2,172,8,1,0
3261856,31,6215.1,Canada,1,234,7,0,0
8813445,40,18912.0,India,1,141,8,3,0
13848189,29,42040.1,USA,2,104,6,6,0
2392547,46,80620.3,Saudi Arabia,2,233,6,3,0
15521327,38,45500.0,Australia,0,260,8,4,0
4892617,50,43891.9,USA,2,268,8,2,0
1857385,35,1730.0,Saudi Arabia,2,0,8,1,0
8518385,33,53186.2,Germany,1,210,8,3,0
6929591,46,56171.6,Canada,1,382,6,4,0
4250717,30,42571.9,Australia,1,93,7,7,0
8238640,44,72134.8,India,1,103,8,2,0
10040333,40,1730.0,Canada,2,33,8,1,0
6800032,29,17579.8,Spain,2,0,7,2,0
14961821,69,70929.4,Spain,2,142,7,5,0
3265231,47,18984.5,USA,1,67,7,2,0
4402398,32,34835.6,Canada,1,380,6,9,0
13408644,33,11273.6,USA,1,11,7,3,0
12963043,30,1730.0,USA,1,31,7,1,0
15879838,29,48211.6,Spain,0,24,8,1,0
12794097,43,44329.4,Canada,1,300,6,5,0
3954297,25,26273.2,Australia,1,72,8,7,0
3286756,54,44564.2,Spain,2,7,6,2,0
14286657,56,15991.7,Saudi Arabia,2,68,6,1,0
3746073,24,31947.4,Canada,1,34,8,2,0
15603139,46,49140.0,Spain,1,332,7,2,0
2802056,42,1730.0,Germany,1,62,7,0,0
3530056,57,58877.5,Saudi Arabia,1,428,8,5,0
10672630,36,4444.0,Spain,1,70,6,5,0
15207968,34,1730.0,Canada,2,44,8,2,0
8354135,41,13137.5,Canada,1,89,7,1,0
16158649,52,1730.0,Canada,1,88,6,10,0
8687124,42,5068.1,Saudi Arabia,1,67,6,2,0
10480126,45,6941.9,Spain,1,73,7,3,0
12184098,66,1730.0,Canada,1,37,7,3,0
15184980,30,1730.0,Spain,2,27,6,0,0
15523194,42,1730.0,USA,1,14,7,1,0
4005171,45,59599.8,Spain,1,154,6,2,0
13819019,34,83256.1,Saudi Arabia,1,301,6,6,0
10287161,46,9469.2,Spain,1,29,7,1,0
7169113,29,3182.8,Spain,0,179,8,1,0
15590476,49,21278.5,Spain,1,246,8,3,0
10528272,51,95998.1,Canada,0,374,8,4,0
10698718,54,26405.2,Canada,1,104,8,4,0
2382090,40,9781.9,Saudi Arabia,0,146,7,1,0
1837620,34,1730.0,USA,1,148,6,2,0
15566703,23,15663.0,Canada,1,195,8,3,0
5568829,18,1730.0,Spain,2,23,7,2,0
2100267,49,32680.2,Saudi Arabia,0,257,7,2,0
15304597,65,1730.0,Spain,1,45,8,2,0
3055434,27,52465.8,India,1,126,7,1,0
16101393,52,1730.0,Spain,2,146,6,1,0
8933284,39,1730.0,Spain,1,45,7,0,0
3837833,32,28084.7,Spain,0,155,6,2,0
4665107,28,21948.9,USA,2,20,8,6,0
5238219,59,1730.0,Spain,2,79,7,2,0
10158944,26,75749.6,Canada,1,112,6,1,0
12736601,40,1730.0,Spain,1,36,6,2,0
9633837,51,20535.7,Saudi Arabia,2,38,8,2,0
2716686,42,17498.9,Saudi Arabia,2,63,8,1,0
849053,42,60098.8,Australia,2,65,8,4,0
9536070,41,67535.7,Australia,1,276,7,2,0
797180,34,60554.7,Spain,2,61,7,1,0
13348746,51,26661.2,Germany,1,117,7,4,0
8228960,38,15008.0,Spain,1,19,7,2,0
5409211,24,69594.5,Spain,1,35,7,6,0
2813990,30,56028.6,Saudi Arabia,2,64,8,1,0
6471610,63,67578.6,Canada,1,210,8,4,0
6717205,39,5665.0,Saudi Arabia,1,28,8,2,0
9244061,28,80928.0,Germany,1,304,7,3,0
2158047,37,15757.7,Saudi Arabia,2,362,8,1,0
4528305,63,74213.5,Saudi Arabia,2,224,8,1,0
6467447,56,53975.5,Canada,1,39,8,2,0
1402892,52,69617.4,Spain,0,218,6,6,0
4635658,30,1730.0,Mexico,1,2,8,1,0
10997197,18,51037.8,Spain,1,149,8,6,0
6536623,29,11114.9,Saudi Arabia,1,24,8,1,0
5609959,21,17807.9,Canada,1,65,8,1,0
16244191,34,2973.0,Spain,2,44,8,4,0
12177839,44,18268.6,Spain,1,41,8,2,0
10628744,49,9632.8,Spain,2,127,6,4,0
9167582,46,1730.0,Australia,1,23,8,2,0
9910298,39,1730.0,India,2,54,7,6,0
7977873,60,43766.7,Spain,1,64,7,0,0
4378750,66,33997.8,Canada,1,157,6,6,0
13541101,26,1730.0,Spain,1,33,7,1,0
884356,19,1730.0,Germany,1,28,7,3,0
14537927,67,24606.1,Spain,0,19,7,2,0
11597527,60,58453.5,Spain,1,80,8,3,0
7926306,53,1730.0,Canada,2,136,7,1,0
1653927,54,1730.0,USA,1,0,8,3,0
6183980,30,6907.2,Australia,2,28,8,3,0
7544657,27,1730.0,Spain,1,37,8,1,0
9183421,52,71948.5,Germany,0,170,7,4,0
14413415,32,32145.3,Saudi Arabia,0,427,6,3,0
3072113,57,1730.0,Canada,2,40,7,1,0
2502178,35,97707.6,Canada,1,137,8,2,0
12952980,33,10673.9,Spain,1,1,7,2,0
12332760,63,1730.0,Spain,1,64,8,4,0
9329051,20,1730.0,Canada,1,41,7,1,0
1753790,27,14235.2,Saudi Arabia,1,20,8,1,0
11522551,38,8239.0,Spain,1,44,6,0,0
8321751,52,93553.5,Spain,0,301,6,2,0
11407485,45,6421.9,Canada,1,41,6,5,0
13159464,31,1730.0,India,1,19,8,2,0
4537389,26,22738.0,Spain,2,10,8,2,0
9748299,53,6591.0,Spain,0,42,8,2,0
12773644,63,1730.0,Canada,2,50,8,2,0
11912757,38,39473.5,Spain,2,115,8,1,0
14929205,34,112720.4,Saudi Arabia,1,434,8,4,0
3005775,48,6554.4,Canada,1,37,7,1,0
5663642,31,42152.8,Canada,1,116,7,3,0
16238518,62,1730.0,Saudi Arabia,1,47,6,10,0
6422439,52,43750.3,Canada,3,230,7,3,0
7181716,64,1730.0,Canada,2,8,7,1,0
9090561,38,72427.9,Germany,1,54,8,2,0
9207931,59,47167.2,Spain,0,52,6,11,0
2461006,31,44356.4,Spain,1,39,7,2,0
3775815,29,76989.4,Canada,2,38,6,9,0
3680908,37,44710.5,Australia,2,128,8,2,0
1107826,51,71731.2,Spain,0,386,7,2,0
11196187,54,83280.8,Spain,2,205,7,4,0
15245689,47,15709.1,Saudi Arabia,2,322,7,2,0
6121977,29,9688.1,Germany,2,90,7,5,0
10145840,38,62078.1,Canada,1,248,6,12,0
15350012,41,100667.6,USA,2,395,6,2,0
10286916,29,5815.6,Spain,1,83,8,1,0
463001,34,64879.5,Canada,0,122,7,7,0
4042961,41,1730.0,Spain,1,48,7,2,0
6581621,39,1730.0,Saudi Arabia,1,27,7,1,0
16077470,18,21347.5,USA,1,72,9,2,0
5901634,43,51248.7,Australia,1,179,9,2,0
6612872,32,4422.4,Saudi Arabia,1,62,6,0,0
13970319,43,57807.5,Canada,0,301,8,5,0
97926,30,12598.9,Canada,1,130,6,1,0
5045181,31,1730.0,Canada,2,0,8,0,0
129406,52,1730.0,India,1,50,8,1,0
10609460,48,64791.2,Saudi Arabia,1,380,8,3,0
14206303,27,75180.1,Spain,0,199,7,2,0
1269910,24,11933.4,Germany,1,78,8,6,0
15991340,48,22762.3,Canada,0,78,7,6,0
5983304,45,37966.6,Saudi Arabia,1,38,7,0,0
3973336,47,40781.0,Canada,0,193,6,9,0
9216412,32,2836.4,USA,1,56,6,0,0
15904042,46,2418.9,Spain,1,25,8,2,0
10576813,47,105840.7,India,2,62,6,2,0
2015108,39,1730.0,Canada,2,66,8,3,0
4121729,56,67707.1,Canada,0,312,6,4,0
15455283,38,19024.1,Spain,1,60,8,1,0
2069481,33,10480.9,India,2,83,8,3,0
14015592,52,13531.6,India,1,65,7,4,0
7645859,47,6978.7,Canada,1,10,8,0,0
16034234,62,36473.3,India,1,48,7,6,0
13646799,40,4913.5,Spain,1,14,8,0,0
7590431,18,29623.6,Spain,0,42,6,7,0
2381642,45,36231.6,Germany,1,221,8,9,0
8618442,33,1730.0,Canada,1,56,8,1,0
5843329,38,61144.8,Canada,1,75,8,5,0
9768814,31,26088.6,Saudi Arabia,1,71,8,12,0
15603941,51,21070.1,Canada,1,392,8,2,0
14337344,49,2828.4,Spain,1,14,8,4,0
14519125,36,22267.1,India,0,58,8,2,0
8664623,32,53794.8,Germany,0,382,8,2,0
2828310,52,68471.8,Spain,0,287,7,8,0
6272021,55,29316.9,Canada,1,47,8,3,0
9934198,60,83782.5,Australia,2,271,6,3,0
10684563,43,16491.7,Canada,2,174,6,8,0
6232447,41,54269.0,Spain,0,120,7,3,0
9551126,40,36790.0,India,1,292,6,1,0
10015844,24,33590.7,Canada,1,50,8,2,0
5056123,49,5013.2,Saudi Arabia,1,69,8,3,0
3928384,54,12588.7,Spain,1,119,8,3,0
8194786,41,1730.0,Spain,1,39,8,2,0
9812698,26,52565.5,Spain,1,77,6,2,0
1854155,23,69322.0,Canada,2,55,7,3,0
4922511,45,1730.0,Australia,1,92,7,2,0
3294228,26,25089.2,Canada,1,16,9,1,0
11447116,25,1730.0,Spain,1,96,8,4,0
11830252,48,29508.4,Spain,1,58,8,1,0
12175180,35,85641.7,Saudi Arabia,1,334,8,9,0
8645063,34,1730.0,Spain,1,12,7,1,0
5586287,31,103095.9,USA,1,152,8,2,0
12540918,37,27039.6,Spain,2,72,7,1,0
13465338,38,1730.0,Spain,1,41,8,1,0
13097612,36,11040.0,Spain,2,62,7,0,0
4159911,32,65971.1,Saudi Arabia,2,383,6,4,0
11847083,20,39602.8,Saudi Arabia,1,150,7,1,0
6834296,63,24042.4,India,1,192,7,3,0
4745670,35,71529.4,USA,1,216,7,2,0
2953089,28,62806.3,Spain,2,79,7,9,0
220181,29,49239.0,Canada,2,239,7,1,0
9773060,36,62827.2,Canada,1,233,6,6,0
11446027,51,18287.2,Australia,2,67,7,3,0
12543029,41,41114.4,Canada,1,113,6,3,0
301957,42,49387.0,Mexico,0,360,8,5,0
4880726,42,15358.1,Germany,2,78,8,2,0
5592548,22,2068.1,Spain,1,35,7,1,0
12822029,32,32182.8,Mexico,1,75,7,3,0
1388625,35,77169.5,India,0,362,6,5,0
11989476,45,6295.8,Mexico,1,20,7,2,0
7398472,52,19369.4,Canada,2,127,7,7,0
2807270,36,6395.0,Germany,0,152,6,9,0
14313205,36,1730.0,Canada,2,3,8,1,0
3468217,51,49382.1,Spain,1,19,8,2,0
11878434,57,21369.4,Canada,2,87,8,1,0
13875758,32,2417.6,Spain,1,62,8,2,0
805901,32,45864.8,Spain,0,70,6,8,0
16772490,53,3940.8,Saudi Arabia,1,56,7,2,0
1266242,20,1730.0,Spain,2,383,6,3,0
8943674,63,79786.9,Australia,1,414,7,3,0
9128515,51,96328.9,Spain,0,178,7,8,0
3905356,49,56257.4,Canada,0,171,8,4,0
6713743,43,22451.3,Canada,0,38,8,3,0
5137036,31,12998.6,Canada,1,209,8,1,0
5295817,38,56596.9,Spain,1,298,7,3,0
16482568,45,27804.9,Canada,1,184,8,6,0
1273169,25,1730.0,Australia,2,22,8,1,0
8869976,31,1730.0,Canada,2,33,8,1,0
6752215,49,66570.5,Australia,1,118,8,4,0
85296,46,10953.5,Spain,2,34,8,2,0
2383994,20,1730.0,Spain,1,64,8,3,0
7164832,41,15752.2,Spain,2,71,7,5,0
11252573,21,51695.8,USA,1,49,8,4,0
15236808,42,45065.0,USA,1,348,8,4,0
1324885,68,46316.0,Saudi Arabia,3,56,7,1,0
4423018,52,27832.7,Spain,1,295,8,0,0
4582700,43,1730.0,Spain,1,46,8,0,0
1998804,26,52571.3,Saudi Arabia,1,157,8,1,0
1421183,29,8350.4,Spain,2,32,7,0,0
14890108,43,15757.8,Spain,1,313,7,3,0
260994,53,21513.2,Germany,1,232,6,2,0
6536064,24,40701.1,India,1,78,6,5,0
7351780,23,81401.2,USA,1,121,8,5,0
10071707,32,1730.0,Spain,1,6,7,1,0
9330811,31,59968.9,Spain,1,163,7,9,0
9544710,39,7070.1,Germany,1,58,7,0,0
16651705,39,24983.3,USA,2,53,6,12,0
568071,35,44676.3,USA,2,104,8,4,0
16377757,34,33223.4,Canada,2,151,9,2,0
10822456,49,31283.5,Saudi Arabia,0,157,7,4,0
12056181,22,74271.3,Spain,1,184,7,3,0
11556300,33,39650.2,USA,1,150,7,11,0
14730058,69,2104.6,Spain,1,35,7,2,0
12995788,27,48700.8,Australia,1,144,7,2,0
7299592,28,57963.3,Spain,1,54,8,2,0
10059278,55,25008.5,Spain,1,102,6,8,0
4250377,68,6779.0,Canada,2,271,6,2,0
1733254,47,2553.4,India,2,66,7,2,0
118361,48,29239.4,India,2,118,8,4,0
14335139,46,48195.3,Spain,1,353,8,6,0
7271357,45,13271.7,Spain,1,62,8,9,0
452631,35,38323.8,Saudi Arabia,1,103,8,2,0
12231091,32,33035.4,Canada,1,140,7,6,0
2559266,44,39396.1,Saudi Arabia,1,117,7,3,0
5677623,51,1730.0,Canada,2,0,6,9,0
14123864,52,1730.0,Spain,2,120,7,1,0
1413734,55,34083.9,Saudi Arabia,2,91,6,3,0
2027069,49,9139.9,India,0,90,8,4,0
13013187,18,1730.0,Canada,2,0,8,1,0
5991723,38,19660.5,Canada,1,57,8,4,0
11604631,53,27353.2,USA,1,68,7,3,0
13330274,54,19509.9,India,2,68,8,3,0
2005526,40,2228.7,Spain,2,71,6,1,0
1479187,32,1730.0,Canada,2,203,7,2,0
8891207,38,32343.6,USA,1,97,8,2,0
15169983,58,1730.0,Spain,1,200,8,3,0
5104917,37,11359.1,Spain,1,52,7,2,0
15309034,20,8880.0,Spain,2,43,7,1,0
9317736,39,1730.0,Spain,1,58,6,1,0
14553116,28,32101.1,Spain,1,39,7,6,0
5244167,60,29624.9,Spain,1,293,7,4,0
16244138,35,4442.0,Spain,1,31,8,1,0
12568403,36,21428.5,Spain,2,93,7,0,0
4901363,39,30669.2,Spain,1,188,7,2,0
9150786,55,48033.9,Spain,1,33,8,12,0
8582899,35,55593.8,Spain,2,250,8,5,0
10062274,55,46082.8,Spain,1,103,7,2,0
9917037,35,30351.0,Canada,1,129,8,2,0
16516161,49,49331.7,Spain,2,82,8,3,0
6882796,33,57371.9,Spain,2,295,8,7,0
5498421,35,42940.6,Saudi Arabia,1,35,6,7,0
3588832,21,76679.4,Spain,2,5,10,4,0
16086629,41,86588.6,Saudi Arabia,0,158,7,3,0
9895250,54,9649.6,Spain,1,56,7,0,0
13670218,37,1730.0,USA,2,14,8,5,0
438666,40,34701.9,Saudi Arabia,2,32,6,0,0
5478785,21,4332.0,Saudi Arabia,1,15,7,2,0
8888309,39,1730.0,Saudi Arabia,1,18,7,0,0
701138,27,25038.9,Canada,1,2,7,2,0
8332829,26,22390.9,Canada,2,182,8,2,0
11427417,41,9252.2,USA,1,1,8,2,0
4549543,40,61548.6,Saudi Arabia,3,331,6,2,0
13334859,27,43492.9,Spain,1,43,8,3,0
7988461,32,44214.5,India,1,90,6,4,0
10012766,43,7168.8,Spain,1,50,8,2,0
14073688,37,25098.1,Saudi Arabia,1,43,6,1,0
12161814,24,1730.0,Germany,1,69,8,2,0
15136398,63,35593.2,Spain,2,117,7,4,0
15090655,26,16300.1,Canada,1,75,8,6,0
10101869,28,1730.0,Canada,1,41,8,1,0
8436538,36,58024.2,Canada,2,116,6,5,0
7228366,37,63197.2,Spain,1,241,8,5,0
15267943,33,42717.2,India,0,74,6,8,0
13043316,47,5767.7,Spain,0,42,8,5,0
13339476,33,14971.4,Spain,1,126,8,5,0
1396795,33,49128.4,Saudi Arabia,1,36,8,3,0
2279700,34,4864.2,Spain,2,60,8,2,0
12831978,32,1730.0,India,1,51,7,4,0
14704700,32,53824.2,Saudi Arabia,1,258,8,2,0
11232743,59,88673.2,Canada,2,251,7,2,0
7661336,40,1730.0,Spain,1,50,8,1,0
14944026,38,63105.8,Canada,3,114,6,2,0
955141,34,3447.7,Spain,0,34,7,1,0
10272551,63,42036.4,Spain,0,140,6,5,0
9262253,35,23835.0,Spain,1,13,6,2,0
5806252,29,73580.8,India,2,197,6,2,0
3462707,32,5164.0,Canada,1,68,8,4,0
10308683,54,30053.0,Germany,1,69,8,2,0
10680428,31,31444.0,Germany,2,40,7,4,0
13458971,40,7478.8,Canada,2,88,6,3,0
8734170,44,1730.0,Canada,2,32,7,0,0
16199007,26,23089.7,Canada,1,63,7,0,0
14371006,50,32408.9,Spain,2,85,7,2,0
14569067,31,4867.8,India,2,66,7,2,0
862463,38,2310.9,India,2,60,8,3,0
12062113,40,18942.5,Canada,1,268,8,1,0
7990970,27,5087.0,Spain,1,59,8,10,0
2510643,18,49590.6,Canada,0,67,8,3,0
14939108,41,69645.3,Spain,0,345,8,8,0
3927997,43,13682.4,Spain,2,220,8,3,0
12635671,20,1730.0,Saudi Arabia,1,36,8,3,0
311342,26,53683.4,Australia,1,417,8,2,0
12284564,34,45817.1,USA,1,227,8,8,0
5329746,43,10379.7,Germany,2,21,7,1,0
5903592,30,6442.6,Saudi Arabia,1,6,7,1,0
252230,34,80862.3,Canada,1,426,6,4,0
5920841,62,20905.8,USA,0,191,8,3,0
14201557,51,18434.2,Germany,1,67,6,2,0
13766157,42,8847.6,Canada,2,259,8,4,0
13951740,39,56708.5,Canada,1,250,7,9,0
29938,58,18671.6,Spain,2,144,8,2,0
12441884,34,1730.0,Spain,2,0,7,1,0
3662462,51,62157.8,Canada,1,207,7,2,0
3456844,60,1730.0,India,1,16,6,2,0
2125828,33,33235.2,Canada,1,110,8,5,0
3861047,30,68680.1,Saudi Arabia,1,54,6,2,0
16614548,42,27957.8,USA,0,430,8,8,0
6893767,39,86546.3,Mexico,0,244,6,5,0
13959865,28,68993.4,Canada,1,131,8,6,0
1370402,35,30129.0,Spain,1,126,6,4,0
13488783,45,103868.6,Mexico,1,275,8,2,0
2501476,18,18673.1,Spain,1,70,7,3,0
984461,44,51408.0,Spain,1,60,7,2,0
3269007,26,63739.9,Saudi Arabia,1,440,8,7,0
3524706,35,56685.9,Australia,0,61,7,8,0
7716178,19,1730.0,Spain,2,18,6,1,0
10208519,36,48147.4,Canada,1,147,6,3,0
1515509,30,15227.8,Spain,1,59,7,1,0
5270118,36,13431.5,Canada,2,86,7,7,0
11971219,51,71512.9,Spain,2,252,8,4,0
9681869,44,91130.4,Mexico,1,66,7,9,0
497491,55,34874.0,Spain,1,312,8,5,0
11652529,35,60040.9,Spain,1,174,7,3,0
10469310,51,16149.2,Spain,2,68,8,3,0
6635551,22,54084.2,India,2,51,8,7,0
8958003,19,1730.0,India,2,60,7,4,0
5299558,38,19613.7,Spain,1,54,7,6,0
9522539,37,2971.7,Saudi Arabia,2,77,8,0,0
4939432,33,11409.4,Australia,1,83,8,2,0
6082018,25,63167.7,Spain,2,307,7,2,0
1654414,30,43053.8,Spain,2,92,8,3,0
14816918,49,10338.3,Spain,2,84,7,2,0
5069682,42,1730.0,Canada,2,77,7,5,0
4243199,43,3169.4,Canada,1,34,8,4,0
4711796,60,87378.2,Canada,1,164,8,2,0
15278003,46,1730.0,Canada,1,0,8,2,0
14048753,37,13533.5,Canada,1,78,6,1,0
16239790,41,3434.0,Spain,1,47,7,2,0
4220321,52,54220.9,Saudi Arabia,1,243,8,1,0
13261489,49,36714.1,Canada,1,28,7,2,0
13346204,36,14181.1,Canada,2,408,8,4,0
10708608,44,48187.3,India,1,237,8,3,0
2170440,37,95674.9,Saudi Arabia,1,5,7,11,0
650446,44,69461.4,USA,2,328,6,1,0
2048695,18,46438.7,Saudi Arabia,1,7,7,2,0
12852803,43,1730.0,Spain,2,40,7,1,0
10488649,21,49499.1,Spain,1,95,7,8,0
1992406,34,14773.3,Canada,1,7,8,2,0
10709671,44,1991.4,Spain,1,124,8,2,0
16742780,58,64216.1,Spain,0,428,6,4,0
11948034,36,7222.4,Spain,1,26,7,8,0
15349788,46,1730.0,Germany,1,21,7,6,0
3664386,41,44990.8,USA,1,202,7,4,0
2338566,32,50341.6,Australia,1,49,8,2,0
7250535,18,11136.9,Spain,1,32,8,2,0
15543726,43,10268.2,USA,0,24,7,1,0
11680057,42,4453.8,Canada,1,23,6,1,0
7512980,42,25399.7,Canada,1,65,8,2,0
6109811,36,72169.1,Germany,1,195,7,7,0
12907153,18,87506.1,India,0,174,7,7,0
10467331,30,30026.1,India,1,127,7,3,0
15489874,39,55066.0,Spain,1,27,7,6,0
1938858,18,1730.0,Spain,1,60,8,1,0
7468673,39,6086.6,Australia,0,49,8,2,0
13553864,36,1730.0,Spain,1,29,7,1,0
1577844,53,91279.4,Spain,2,352,6,13,0
10259014,63,46553.2,Saudi Arabia,1,98,8,3,0
606893,46,54090.7,Spain,1,104,6,4,0
12255101,50,36360.3,Spain,0,372,8,5,0
12810513,21,27401.9,Canada,2,22,8,2,0
16090168,34,4121.8,Canada,2,55,8,2,0
2981443,18,1730.0,Australia,0,51,8,2,0
1554409,47,39136.6,Saudi Arabia,0,245,6,2,0
8562922,32,24683.5,India,1,164,8,5,0
5585030,39,29704.1,Canada,1,158,8,4,0
4875117,28,1730.0,Mexico,2,25,8,2,0
13910605,44,12156.8,Spain,2,150,10,11,0
2769913,45,6478.3,USA,1,7,6,2,0
7546631,37,82697.6,Spain,2,326,7,3,0
13623422,46,24099.8,Canada,2,47,7,4,0
10341021,18,29519.3,Saudi Arabia,2,0,8,1,0
15744438,32,20928.7,Spain,2,116,8,1,0
8777832,50,39266.1,Spain,2,150,7,4,0
13607251,24,14897.4,Spain,1,67,8,2,0
10378746,33,1730.0,India,1,78,8,8,0
7132130,18,1730.0,Saudi Arabia,1,44,7,1,0
6148549,44,17899.0,Spain,1,130,7,2,0
3081624,45,15013.6,Saudi Arabia,1,45,7,1,0
1529603,25,14686.4,Spain,1,62,7,1,0
4579444,56,36714.1,Canada,2,229,8,2,0
14006507,39,1730.0,Spain,1,55,7,0,0
7467107,49,30186.2,Australia,1,64,8,2,0
10402226,28,1730.0,USA,2,56,8,1,0
11452818,36,15474.2,Germany,2,12,8,4,0
14263003,48,24293.2,India,2,131,6,9,0
12071899,37,38470.0,Canada,1,65,7,1,0
16080083,29,21367.0,Spain,1,59,9,5,0
14053106,36,91242.6,Spain,0,136,6,4,0
11410999,42,28749.5,Spain,2,82,8,2,0
519551,68,52915.5,USA,1,37,8,1,0
8609323,68,94217.1,Canada,1,432,8,10,0
12504612,36,64310.7,Canada,2,127,6,12,0
9000944,35,1730.0,Spain,2,57,7,1,0
12006454,43,56670.5,Spain,1,306,7,3,0
13449976,35,34664.1,Spain,2,54,7,1,0
2934984,21,97262.6,Saudi Arabia,2,247,6,4,0
11747096,44,47813.1,Mexico,1,94,6,1,0
9696267,34,1730.0,USA,2,80,8,4,0
15602108,40,11138.0,Saudi Arabia,1,89,8,2,0
11418924,36,34695.4,Germany,0,28,6,1,0
11802220,50,8356.1,USA,1,59,6,1,0
1359152,26,4265.1,India,2,48,6,2,0
5604451,30,1730.0,Saudi Arabia,1,51,7,2,0
9948896,30,15108.0,India,1,56,8,1,0
14142621,47,1730.0,Spain,1,28,8,0,0
13480441,38,1730.0,Spain,2,36,7,1,0
2864365,60,51654.3,Spain,1,376,6,2,0
11079747,24,24605.1,Saudi Arabia,2,28,8,0,0
4683035,33,14645.1,Germany,1,74,8,3,0
13943205,29,33167.5,USA,1,51,8,1,0
10070667,52,4333.5,Spain,1,15,6,1,0
2502190,34,2359.8,Spain,1,24,6,7,0
11072210,39,37972.8,Saudi Arabia,0,237,7,3,0
8612675,31,23176.8,India,2,115,8,3,0
11213959,48,88670.7,Spain,1,147,6,8,0
10045097,26,41282.4,Mexico,2,40,7,3,0
631213,70,51841.1,Spain,2,337,7,3,0
16078737,36,49926.8,Germany,1,387,7,1,0
12483986,31,14156.9,Canada,2,37,6,3,0
8554583,30,43787.7,Saudi Arabia,1,119,7,1,0
13665963,37,36650.6,Spain,2,118,8,3,0
8288358,37,1730.0,India,1,0,8,1,0
10443395,36,1730.0,USA,1,33,7,1,0
3024641,45,83582.9,Spain,1,179,8,3,0
15139825,36,1730.0,USA,1,63,7,1,0
5224919,37,14864.1,India,1,345,6,4,0
8621982,62,1730.0,Canada,1,77,8,1,0
13836083,63,56633.2,Australia,1,388,7,5,0
7571211,34,1730.0,Spain,2,14,7,2,0
8204600,44,7559.1,USA,2,68,6,2,0
8758185,44,29893.3,Spain,2,330,8,2,0
5822558,59,2212.6,India,1,44,7,3,0
4329766,35,34109.3,Canada,2,116,9,2,0
9999316,45,48436.6,Canada,2,430,6,8,0
10990590,24,78297.4,Germany,1,392,8,6,0
6110960,54,64589.5,Australia,1,220,8,9,0
8604148,18,37741.1,Spain,2,55,7,5,0
1175817,37,10802.6,Spain,1,44,7,6,0
10557544,43,58836.5,Australia,2,202,7,4,0
13454398,35,1730.0,Spain,2,53,7,2,0
6295597,27,1730.0,Saudi Arabia,2,25,7,1,0
13711850,57,86515.3,Saudi Arabia,1,67,7,6,0
15337064,46,52546.9,Mexico,1,101,7,3,0
16603685,46,59978.0,Canada,1,227,8,5,0
370642,42,1730.0,India,1,61,7,3,0
13496377,35,81654.1,USA,1,440,6,3,0
10300018,24,49694.4,India,1,140,7,1,0
5503562,40,4378.1,Spain,1,140,6,3,0
14858415,60,95411.6,Canada,0,368,7,5,0
2027544,43,1730.0,Australia,2,48,7,0,0
5284318,44,25479.9,Spain,1,48,6,7,0
5898926,51,35860.9,Saudi Arabia,1,254,7,2,0
3776226,44,97463.0,Spain,0,365,7,3,0
7297192,26,29751.7,Canada,1,42,8,2,0
3049854,44,41279.2,Spain,1,274,7,11,0
15574726,47,30852.3,Germany,1,55,8,2,0
11657756,18,38088.6,Spain,2,92,7,3,0
8746600,27,1730.0,Australia,1,98,8,5,0
512743,21,42597.6,Spain,3,133,7,5,0
2925002,28,12518.9,Spain,0,325,8,5,0
13686804,33,10309.7,Spain,1,20,8,3,0
3390645,67,1730.0,Germany,1,51,7,2,0
14859299,36,42227.8,India,1,29,6,3,0
75475,32,26768.4,India,2,347,7,4,0
8885353,18,13029.1,Canada,1,50,6,11,0
5404399,36,15033.0,Canada,1,44,8,2,0
12280128,45,83455.6,Canada,1,250,7,3,0
10300966,33,63529.8,India,2,304,6,5,0
12583228,58,1730.0,Spain,2,62,7,3,0
16120730,49,10671.9,Australia,2,54,8,2,0
7569278,28,105510.0,India,1,68,7,2,0
13441674,45,23354.5,Canada,2,23,7,2,0
12243156,60,31705.5,Spain,1,168,6,3,0
10454609,36,36963.6,Spain,0,132,8,2,0
2674447,42,45484.6,Saudi Arabia,1,261,7,5,0
1360784,53,33649.7,Spain,1,203,7,4,0
4267292,52,35729.8,Saudi Arabia,1,164,7,9,0
16626160,39,7592.0,Spain,2,68,8,1,0
13111591,46,32410.3,Canada,1,60,8,2,0
3854042,35,42897.0,Spain,2,372,6,3,0
15818116,58,71248.3,Spain,0,382,6,5,0
15021295,57,65215.7,India,1,222,7,3,0
10605061,34,7880.1,Spain,1,101,8,3,0
10463051,28,1730.0,Canada,1,135,8,1,0
7071432,19,10214.6,India,2,10,7,3,0
8258556,50,23685.1,Spain,1,204,7,3,0
16768158,46,36681.4,Canada,2,0,7,2,0
5110229,48,34803.2,Spain,0,224,8,10,0
15649333,19,58822.2,Spain,1,139,7,1,0
5492664,52,1730.0,Australia,2,30,7,4,0
3710497,35,65436.8,Spain,2,257,8,1,0
7679944,54,28878.5,Australia,1,199,8,1,0
3276485,33,44484.0,Mexico,1,40,8,1,0
2904343,41,93642.5,India,1,343,8,12,0
13902769,66,6189.0,Saudi Arabia,1,159,7,3,0
16640725,37,33835.6,USA,1,199,7,8,0
12261465,63,21389.8,Spain,1,35,6,4,0
6075347,48,24602.5,Canada,1,28,8,0,0
3936915,44,29824.7,Spain,1,10,7,3,0
8453351,18,1730.0,Spain,1,87,7,2,0
8654362,41,88879.8,Spain,0,368,8,6,0
12476867,41,17933.8,Spain,1,172,7,2,0
3527718,41,31573.6,Australia,1,242,8,4,0
9865932,49,1730.0,Australia,1,222,8,2,0
7017108,43,16847.4,Spain,2,81,6,4,0
16225660,62,47662.0,Spain,1,321,6,2,0
5448779,34,55461.8,Saudi Arabia,1,53,7,1,0
11837768,23,14374.6,Saudi Arabia,1,1,7,0,0
3648705,51,43037.7,USA,1,221,6,5,0
10234876,27,65505.6,USA,3,16,8,5,0
7828158,49,15698.0,Mexico,0,334,7,11,0
13540353,48,5724.3,USA,2,106,6,4,0
9987178,64,1730.0,Spain,1,52,7,1,0
7668846,49,39799.9,Spain,0,379,7,4,0
11917920,33,49804.5,Canada,1,48,8,3,0
15394872,18,15557.6,Spain,2,117,8,4,0
872875,25,1730.0,Spain,2,41,8,2,0
13120486,59,62003.5,Spain,1,257,6,11,0
7220960,38,1730.0,Spain,1,24,8,0,0
8491515,51,53078.2,Spain,1,79,6,9,0
16149850,27,28227.3,Spain,2,267,8,0,0
290058,44,1730.0,Canada,2,36,7,2,0
7491457,52,37332.9,Spain,1,289,7,2,0
13962363,41,1730.0,Spain,1,52,8,2,0
61702,49,54650.9,Spain,0,62,7,1,0
4430922,30,20425.8,India,1,37,8,3,0
4151243,30,63389.6,Canada,2,203,6,1,0
8776813,30,5676.3,Saudi Arabia,2,35,8,4,0
9244374,62,22645.0,Spain,1,214,8,1,0
14146013,35,77560.0,Spain,1,12,6,3,0
5229429,18,59061.8,Saudi Arabia,1,61,8,5,0
3336868,46,26390.0,Germany,2,92,6,5,0
14830825,29,42330.4,Canada,1,0,8,2,0
7817953,28,73012.4,Canada,1,295,8,2,0
3699228,32,1730.0,Saudi Arabia,2,29,7,4,0
10486862,45,46595.6,Australia,0,362,8,7,0
4608459,49,30333.1,Canada,2,122,7,2,0
2607157,47,61135.7,Spain,1,73,8,2,0
12789341,31,20532.3,Spain,2,41,8,2,0
5535220,18,8859.1,Saudi Arabia,1,52,8,2,0
16110820,57,51133.4,Saudi Arabia,1,73,6,11,0
2589065,28,47969.6,Saudi Arabia,2,255,7,3,0
3510303,35,45920.9,Saudi Arabia,1,44,8,1,0
15946788,45,1730.0,Saudi Arabia,1,24,7,2,0
13956643,41,82568.5,Spain,0,116,8,2,0
16335804,40,15561.1,Germany,0,402,8,4,0
11880845,55,80212.6,Saudi Arabia,1,246,7,3,0
13805492,37,47114.3,India,2,41,7,2,0
13500463,22,1730.0,Spain,1,7,8,3,0
3246144,36,1730.0,Canada,1,40,7,9,0
2279146,31,54370.8,Spain,1,362,8,4,0
14893788,28,28298.1,Canada,0,365,8,6,0
11972764,23,25381.3,Canada,2,43,8,1,0
9593203,39,39595.3,USA,1,67,8,2,0
14485525,52,2782.1,Spain,1,3,7,1,0
2159188,46,1730.0,Spain,1,83,8,2,0
5302878,18,17394.5,Australia,2,118,8,3,0
13474172,37,1730.0,Spain,1,29,6,3,0
8659521,33,15277.9,Spain,2,11,8,1,0
767257,25,90128.9,Saudi Arabia,2,428,8,2,0
5150879,49,1730.0,USA,1,70,8,0,0
2692255,34,10015.6,Canada,1,32,8,2,0
15387975,38,54827.8,Spain,1,69,8,2,0
2910511,27,48971.7,Saudi Arabia,1,215,6,4,0
5436799,48,32900.0,Canada,2,73,8,3,0
13194723,37,29086.6,Canada,1,79,8,2,0
7782610,43,13666.9,Saudi Arabia,1,17,8,0,0
15214404,54,65453.4,India,1,262,9,1,0
12520232,32,1730.0,Spain,1,31,8,1,0
9326291,66,19610.2,Canada,1,66,8,3,0
12393852,19,1730.0,Spain,2,56,8,0,0
9647728,40,92880.4,India,2,73,8,13,0
446917,67,41660.6,Australia,0,377,9,9,0
14722067,55,16867.2,Germany,2,143,6,3,0
6628318,45,58874.9,Spain,1,80,7,3,0
5434896,42,34478.5,Saudi Arabia,2,259,6,4,0
6244585,36,9983.6,Canada,1,92,6,2,0
11176027,27,1730.0,Saudi Arabia,1,40,8,2,0
15009448,43,6447.8,Germany,2,64,8,3,0
290147,40,65587.9,Canada,0,336,6,2,0
8563123,21,1730.0,Saudi Arabia,1,10,6,2,0
16033023,25,34653.0,Saudi Arabia,1,129,8,2,0
1997639,18,1730.0,Spain,2,34,8,0,0
9592464,42,6975.3,India,1,73,6,3,0
843019,29,27349.4,Spain,2,46,9,6,0
7012109,58,1730.0,Canada,2,23,7,0,0
9219511,52,4504.7,USA,1,297,8,2,0
3215972,31,10786.1,Spain,1,57,7,1,0
5508690,25,13112.9,Saudi Arabia,1,95,6,4,0
16016717,51,80479.3,Canada,1,412,8,13,0
5585338,34,48688.9,India,1,72,8,5,0
697520,30,34532.0,Saudi Arabia,2,55,8,2,0
12502223,47,95353.7,Spain,1,213,8,3,0
15256839,23,2822.3,Spain,2,47,6,4,0
16546694,45,1730.0,Canada,1,136,8,7,0
7965621,37,27850.5,Spain,1,102,7,3,0
15621594,50,15615.6,Spain,1,164,8,9,0
12069400,39,25075.9,Canada,1,112,6,5,0
15760953,43,57851.5,Spain,2,351,8,7,0
6488636,42,11425.9,Spain,1,27,6,4,0
7242874,37,26226.7,Saudi Arabia,1,27,8,4,0
2707101,34,23434.7,Spain,2,64,6,3,0
6442344,38,57170.9,Canada,2,185,8,2,0
4064675,40,78330.4,India,1,116,7,1,0
16408183,35,35272.0,Australia,2,0,8,2,0
1540399,19,90940.1,Spain,1,45,8,4,0
8777191,52,1730.0,Spain,1,42,6,2,0
11246863,22,5136.6,Canada,3,31,8,3,0
11009346,44,46752.3,Canada,2,66,7,5,0
13354762,52,3873.2,Spain,2,130,8,4,0
2982540,55,30587.6,Spain,1,368,7,4,0
2757075,57,13313.2,Germany,1,350,7,4,0
1124715,56,2050.6,Australia,0,274,8,9,0
14811197,40,18357.3,Saudi Arabia,1,44,8,0,0
6489819,40,89039.6,Spain,0,373,6,2,0
16152836,48,1730.0,Spain,1,16,8,2,0
12728712,32,72855.6,India,1,204,7,6,0
7346607,40,48571.4,Canada,0,53,6,3,0
15390476,32,40852.2,Spain,2,55,7,2,0
1052098,46,12609.5,Spain,2,31,6,2,0
1438601,38,76205.1,Canada,1,60,8,1,0
6895876,49,100769.4,Spain,2,433,7,4,0
3751482,46,24817.7,Spain,1,29,8,8,0
8414385,28,33647.8,Australia,2,209,9,2,0
9499940,33,1730.0,Spain,1,0,7,1,0
9794714,24,96252.3,Australia,1,91,6,2,0
8521820,47,95545.1,Canada,2,152,8,4,0
13596928,30,3658.4,Spain,1,25,8,3,0
9900257,40,15034.6,Canada,1,85,6,2,0
8690425,42,11741.7,Germany,2,0,6,2,0
2976805,39,108131.9,Saudi Arabia,0,259,6,11,0
15764884,36,44001.7,India,1,48,7,2,0
2537174,27,1730.0,Spain,2,60,8,2,0
8834334,37,5483.1,USA,1,12,8,2,0
718557,60,2352.6,India,1,61,7,3,0
7356134,39,2625.0,India,2,42,6,3,0
8998616,41,93482.4,USA,1,242,6,7,0
16525039,47,47546.4,Spain,1,34,6,2,0
771445,33,29059.8,India,1,74,7,10,0
4989281,35,58298.6,Australia,2,92,6,3,0
12275563,43,1730.0,Germany,1,0,7,1,0
5138791,53,77375.7,Canada,1,323,8,1,0
8226582,34,61273.5,USA,1,2,7,4,0
2219902,47,49385.7,India,1,113,6,5,0
16553267,40,64057.9,Canada,1,8,6,2,0
2114360,32,1730.0,Spain,1,53,8,7,0
14710266,34,94870.9,Mexico,1,96,7,6,0
2745602,31,6612.2,Saudi Arabia,2,64,8,4,0
7861243,50,20807.2,Spain,1,148,7,2,0
7933502,38,27763.8,Spain,1,365,8,2,0
8093302,44,18762.2,Saudi Arabia,1,253,7,5,0
15150838,45,51545.3,Australia,2,71,7,5,0
10785450,38,48284.0,India,2,175,8,1,0
16478498,39,22293.6,Spain,1,78,6,2,0
8117085,71,39440.7,Spain,1,175,7,3,0
3508541,43,58263.9,Canada,2,176,8,3,0
16743057,23,1730.0,Spain,2,30,7,2,0
12317863,39,60172.5,Saudi Arabia,1,52,8,2,0
14800475,33,1730.0,Spain,2,43,7,2,0
13373002,54,1730.0,Saudi Arabia,1,74,7,1,0
2949667,43,32337.8,Mexico,2,14,8,2,0
2730669,30,11519.9,Saudi Arabia,1,42,7,2,0
10891821,51,48370.7,Spain,1,349,7,3,0
2735252,40,36381.4,Spain,1,380,8,3,0
11064140,24,13466.4,Germany,2,53,8,2,0
12447616,18,42838.2,Germany,1,199,6,6,0
14960152,37,13776.3,Australia,1,72,7,3,0
4973280,37,1730.0,Spain,1,0,7,2,0
12401305,42,26453.4,Spain,1,132,6,2,0
1708010,33,69347.8,Saudi Arabia,1,404,7,2,0
11167413,29,3760.4,Saudi Arabia,2,50,8,6,0
6614086,30,57671.9,Spain,2,103,8,3,0
8959078,53,2050.7,Spain,1,66,7,2,0
7367717,68,42167.4,Spain,1,244,8,2,0
6882609,43,74539.7,Canada,2,275,8,0,0
5931765,30,1730.0,Spain,1,9,7,1,0
9780908,30,30055.4,USA,1,253,8,3,0
14458861,43,14454.0,Canada,2,54,8,2,0
15304072,29,32913.9,India,1,26,7,2,0
14702500,32,1730.0,Canada,1,27,7,2,0
10163238,31,26364.6,Spain,0,28,8,1,0
6938059,48,58994.3,Spain,2,367,8,1,0
2726786,31,1730.0,India,1,30,7,1,0
13133946,55,24300.6,Spain,1,127,7,7,0
3461546,46,66371.0,Spain,0,247,8,3,0
4125374,40,92893.6,Spain,1,121,6,7,0
5805753,42,43359.0,Spain,1,426,8,1,0
10265892,28,1730.0,Spain,1,62,7,1,0
11637732,40,10627.7,India,1,32,6,2,0
11928055,42,26648.7,Spain,1,44,7,8,0
5305355,47,28072.0,Australia,2,80,7,6,0
7784273,48,95998.4,Canada,0,317,7,3,0
10407491,38,5716.8,Canada,2,55,6,2,0
1145003,45,1730.0,Saudi Arabia,1,64,8,3,0
5080978,31,1730.0,Canada,1,41,7,3,0
6911354,35,65173.8,Spain,0,332,6,4,0
10393856,29,19536.4,USA,1,61,6,0,0
6846186,68,44730.0,USA,1,338,6,2,0
10302355,40,48820.3,Saudi Arabia,1,288,8,12,0
9823780,51,4787.4,Spain,2,73,7,0,0
877466,33,5042.6,Spain,1,35,8,2,0
13935898,33,33867.5,India,2,4,8,2,0
16193179,61,45830.3,Spain,0,228,7,5,0
7869135,39,53411.0,Germany,1,373,6,4,0
10072912,38,20213.2,Spain,1,189,7,6,0
7377685,50,16263.9,Saudi Arabia,3,47,8,0,0
14601385,42,24871.6,Australia,1,36,6,2,0
120393,53,78060.3,Spain,2,55,7,2,0
9180120,37,91694.7,India,0,409,8,2,0
2645341,41,4831.4,Spain,1,44,7,6,0
3784037,33,14128.6,India,1,39,7,2,0
12599278,39,72648.1,India,1,88,8,3,0
16339398,28,1730.0,Spain,2,53,7,0,0
10107874,36,36066.2,USA,1,112,8,9,0
8569862,35,1730.0,Spain,2,69,7,1,0
14109889,38,62494.5,India,1,350,7,5,0
10955767,32,8495.4,Australia,1,49,7,1,0
16373915,34,11332.1,Canada,0,248,6,9,0
15328386,31,87757.0,Saudi Arabia,1,404,7,3,0
7848857,22,27948.7,Saudi Arabia,2,433,7,1,0
333440,51,19461.0,Germany,1,42,6,1,0
6878070,27,96536.3,Spain,1,415,6,3,0
15642881,43,12612.7,Canada,1,42,9,1,0
1350680,68,61981.1,USA,1,256,7,4,0
6571759,25,1730.0,Spain,1,91,6,3,0
1221448,33,76171.3,Spain,1,72,8,0,0
1894885,43,20992.0,USA,0,177,8,2,0
1517354,45,1730.0,Spain,1,39,6,3,0
5146692,39,5804.7,Germany,1,58,6,3,0
2315426,46,1730.0,Germany,1,75,8,1,0
2656067,37,80455.5,USA,1,229,7,4,0
7857291,44,12062.5,Spain,1,51,8,2,0
9075975,30,66568.6,Saudi Arabia,1,0,8,4,0
15714526,38,59024.1,Germany,0,311,8,5,0
14322733,31,30931.9,Spain,1,101,7,3,0
12556052,39,21609.3,Germany,1,92,6,1,0
3808535,42,87706.7,India,2,89,8,3,0
10910688,33,56120.2,Australia,1,122,7,4,0
4582537,42,62394.8,Canada,0,288,7,6,0
2083124,31,21588.3,India,2,76,8,2,0
13341807,31,21527.6,Saudi Arabia,1,65,8,1,0
5870912,41,69723.4,Saudi Arabia,0,367,7,3,0
6722363,24,59804.7,Canada,1,0,6,7,0
11641583,38,1873.9,Spain,1,25,8,1,0
9766161,33,38813.4,Saudi Arabia,2,44,8,3,0
10590798,36,17905.2,Saudi Arabia,1,19,8,2,0
6776659,34,51761.2,Canada,1,384,8,2,0
7913751,37,1730.0,Saudi Arabia,1,52,8,2,0
11396143,30,98607.5,Germany,1,289,7,5,0
16011197,42,29482.3,Canada,2,94,8,2,0
14502440,28,26664.6,Saudi Arabia,1,96,7,1,0
10179426,29,17839.9,Spain,2,71,7,2,0
274990,45,46880.8,Spain,1,100,8,2,0
16058595,62,1730.0,Spain,1,34,8,3,0
11445623,45,50289.1,Saudi Arabia,1,313,8,11,0
7765753,54,28441.6,Spain,2,162,7,2,0
8847691,40,41109.3,Canada,0,167,7,10,0
6064718,28,24345.5,Saudi Arabia,1,87,8,2,0
4896810,26,10885.6,Canada,1,61,8,6,0
911740,41,1730.0,Canada,1,0,8,0,0
11405188,44,80409.5,Canada,1,240,7,5,0
10729704,26,8664.0,India,1,33,7,2,0
2210731,18,1730.0,Canada,2,76,8,1,0
9056428,67,31532.6,Canada,1,345,7,0,0
680846,36,94787.1,Saudi Arabia,1,391,6,13,0
1221104,32,1730.0,Canada,2,10,8,1,0
14107316,46,7958.5,Spain,2,79,7,3,0
229617,41,51929.9,Saudi Arabia,2,138,7,3,0
13198908,44,69804.6,Spain,2,315,8,6,0
1590324,18,9549.4,Australia,0,75,6,5,0
10206147,71,1730.0,Saudi Arabia,1,2,7,1,0
9606588,67,65491.8,Saudi Arabia,1,222,7,8,0
5559626,34,62500.1,Saudi Arabia,1,208,8,5,0
4465528,59,33910.7,India,0,208,8,6,0
11921957,31,63533.4,Germany,2,100,6,6,0
1682997,47,57736.7,Spain,1,220,7,5,0
8313056,69,85937.6,Canada,2,395,6,2,0
12812328,36,54660.1,Spain,1,139,8,1,0
2898006,32,1730.0,USA,1,0,7,0,0
2423432,28,14767.0,Spain,2,28,6,2,0
4358463,35,34260.2,Spain,2,69,8,2,0
294101,28,103196.0,Saudi Arabia,1,77,8,4,0
10793437,43,38730.7,Saudi Arabia,2,75,7,3,0
1401931,39,1730.0,Spain,1,26,8,2,0
9567862,26,1786.0,USA,1,4,7,2,0
8314529,18,5467.1,Spain,1,75,8,2,0
7299385,57,24485.1,Saudi Arabia,1,88,8,2,0
11077646,41,28783.3,Spain,2,37,7,1,0
16001112,34,10385.8,Saudi Arabia,1,35,8,6,0
3082856,54,61736.5,Saudi Arabia,1,53,7,3,0
4796229,28,9292.9,Saudi Arabia,1,25,8,1,0
10738557,44,36427.0,Saudi Arabia,1,56,6,2,0
555601,49,74065.3,Saudi Arabia,1,38,8,3,0
7949742,40,46725.2,Saudi Arabia,2,182,8,11,0
15890228,55,17531.3,India,1,0,8,1,0
12370616,19,1730.0,Germany,1,88,6,4,0
6288502,38,1730.0,Spain,3,155,7,2,0
4579336,31,51261.1,Spain,1,40,6,2,0
10813894,48,25248.5,Spain,1,43,7,0,0
16750072,33,7869.0,Canada,1,26,8,2,0
5699824,31,46997.5,Spain,1,129,6,3,0
2278387,57,61651.3,USA,1,248,6,3,0
7725387,63,48899.1,Australia,2,318,8,2,0
7248787,34,48958.3,Spain,1,238,6,3,0
8951927,25,51907.4,Australia,1,21,6,3,0
2760258,59,86968.0,Germany,0,337,6,2,0
12268591,33,46743.4,Canada,2,15,8,9,0
4660965,32,51852.2,Germany,0,359,6,5,0
77315,41,32693.2,India,2,125,8,1,0
5242539,32,44034.0,Spain,1,12,8,2,0
10070633,24,1730.0,India,2,11,7,2,0
12339544,39,78493.7,Spain,0,135,7,5,0
7458985,58,86327.3,USA,0,230,8,11,0
11157492,46,1730.0,Spain,2,163,7,1,0
8460554,30,1730.0,Spain,1,68,8,1,0
8358196,18,2483.3,India,1,33,8,1,0
5019205,38,1730.0,Spain,1,74,7,1,0
4317387,48,33904.8,Canada,1,163,8,3,0
2038404,30,15282.2,Spain,1,163,8,0,0
11761792,37,56244.4,Spain,0,210,8,1,0
2578423,51,21249.9,USA,1,110,8,1,0
8571608,45,35661.3,India,2,339,6,3,0
9891862,45,4164.2,Spain,1,86,9,4,0
7733964,63,21959.1,Spain,1,123,8,3,0
10010546,36,49590.7,Germany,1,165,7,1,0
8473255,49,5948.4,Canada,2,1,8,9,0
3199286,46,54349.1,Australia,1,154,8,6,0
8603522,55,14549.6,India,0,128,7,3,0
5656411,29,46727.3,Spain,1,64,7,4,0
15384412,61,15650.3,Saudi Arabia,1,27,6,4,0
3167224,32,54509.4,Saudi Arabia,2,193,8,4,0
4285270,52,25207.2,Saudi Arabia,1,52,8,4,0
15499599,41,35883.1,Saudi Arabia,1,29,6,8,0
1598561,68,17919.5,Saudi Arabia,0,49,8,4,0
7957320,44,93734.6,Spain,1,133,8,2,0
13997145,18,23543.7,Spain,2,17,8,2,0
11495045,28,11914.8,Spain,1,179,7,0,0
10669464,37,1730.0,Canada,1,5,8,2,0
7382894,47,1730.0,Canada,1,34,6,1,0
8003830,42,55042.1,Australia,1,405,7,4,0
7392349,38,63994.0,Canada,0,240,7,4,0
9339684,43,17700.0,Canada,2,97,8,6,0
14997363,50,23957.2,Canada,1,441,7,7,0
1398139,64,49703.5,Spain,2,181,8,2,0
9221430,36,75248.1,Canada,1,79,8,2,0
5840139,54,67129.2,Spain,1,407,7,7,0
9409639,40,61070.0,USA,1,405,6,4,0
15716225,44,23524.2,USA,1,149,8,3,0
15773619,51,1730.0,Spain,1,50,7,2,0
16739875,42,16667.6,Spain,1,12,8,0,0
3027439,65,93121.3,Australia,0,172,7,3,0
8118289,41,24977.3,Canada,2,275,8,3,0
14165740,43,51177.3,Mexico,1,206,7,5,0
2391979,43,1737.8,Spain,2,79,7,1,0
11562945,41,1730.0,India,1,41,8,1,0
15053323,21,6777.4,Canada,1,11,8,1,0
7994531,41,90322.2,Mexico,0,152,8,4,0
15734558,37,10220.6,Saudi Arabia,2,16,7,6,0
16624105,33,33289.7,Saudi Arabia,2,134,6,5,0
15099782,39,43673.2,USA,0,283,6,5,0
3012912,67,14811.4,Saudi Arabia,0,56,6,0,0
4430800,52,102307.7,USA,1,367,6,3,0
9411841,60,47944.4,Germany,2,81,8,6,0
3641046,31,102414.5,Saudi Arabia,1,216,8,2,0
13903543,40,17317.4,Australia,2,376,7,5,0
10012547,39,1730.0,Spain,1,43,8,1,0
5185412,42,1730.0,Saudi Arabia,1,1,8,1,0
7201445,34,1730.0,India,1,105,6,1,0
13447705,31,1730.0,Saudi Arabia,2,74,7,2,0
4832422,50,10121.2,Saudi Arabia,1,49,6,5,0
3179959,42,51705.4,Germany,1,279,6,8,0
10592943,43,32393.5,Spain,2,80,8,5,0
1055569,30,13320.7,Canada,1,38,8,1,0
14562867,61,31216.7,Australia,1,44,8,1,0
8936328,18,40866.0,Canada,2,160,8,4,0
16140468,38,8481.3,Saudi Arabia,2,89,7,3,0
7563698,19,59375.7,Spain,1,369,7,3,0
9739907,36,65300.9,Spain,2,34,8,11,0
16715987,36,50131.3,India,1,126,6,9,0
3047366,44,37502.1,Spain,2,311,8,4,0
2812770,35,74570.0,Australia,2,102,6,9,0
13710583,66,48536.9,Saudi Arabia,1,225,8,4,0
9303953,35,18741.2,Spain,1,160,8,3,0
13419477,43,18136.3,Canada,2,14,7,4,0
9247825,44,45484.5,Spain,2,361,7,0,0
1687557,39,96301.7,Canada,1,307,8,7,0
15330830,39,1730.0,Canada,1,51,8,1,0
3101109,50,6309.2,Canada,1,169,7,1,0
6351975,32,64890.0,Spain,1,210,8,1,0
429802,26,96877.2,Saudi Arabia,0,240,7,5,0
15827883,34,15762.1,Germany,1,9,8,2,0
5367204,31,36142.9,Spain,1,0,8,7,0
14751356,36,24855.1,Spain,3,104,6,3,0
15828315,45,1730.0,Canada,1,22,7,0,0
8093325,64,21572.6,India,0,189,8,12,0
2570018,44,14083.1,USA,1,304,7,3,0
16288627,27,16188.2,Spain,2,2,6,2,0
2290398,43,63942.4,USA,0,141,8,9,0
8025687,29,72053.2,Spain,0,154,7,4,0
13973715,30,35928.5,India,2,80,7,3,0
15103389,48,44290.4,Canada,1,75,6,3,0
10574618,24,22693.0,Spain,1,64,6,2,0
6839143,38,42897.2,Canada,1,94,6,2,0
14351906,43,23146.0,Germany,1,43,8,1,0
5876385,70,31456.2,USA,1,52,7,2,0
2555362,33,1730.0,Spain,1,65,7,2,0
8201574,34,1730.0,Spain,0,272,7,4,0
7131135,48,94888.3,Australia,1,216,8,4,0
16085545,35,19041.3,Spain,1,65,7,1,0
9488243,30,32501.8,Saudi Arabia,2,85,8,1,0
3087658,25,90977.7,Spain,1,180,7,4,0
702355,69,1730.0,Spain,1,58,8,4,0
7396580,53,1730.0,Canada,2,71,7,1,0
3092183,31,29727.6,Saudi Arabia,0,354,6,4,0
10977748,63,70590.0,Spain,1,307,8,2,0
15978646,47,96678.9,Canada,0,371,8,6,0
5341563,55,50885.3,Germany,0,407,8,2,0
7639531,71,1730.0,Canada,1,23,7,1,0
13691579,42,14451.3,Australia,1,214,6,2,0
11352361,18,61066.5,Spain,1,343,8,2,0
1611704,38,7681.7,Spain,2,45,6,6,0
2296124,33,37535.9,Canada,2,284,7,2,0
10434415,44,8320.6,Spain,1,29,8,2,0
14677169,47,82800.1,Germany,1,198,8,1,0
3088146,29,5197.2,Spain,1,18,8,2,0
4417636,35,69559.7,Mexico,0,435,8,3,0
10410362,61,53611.5,Spain,1,67,8,3,0
8208411,42,39162.5,Australia,1,86,8,4,0
15228285,42,24079.2,Canada,2,74,6,2,0
7565610,30,36158.7,Mexico,2,291,7,4,0
16270026,58,4462.2,India,1,128,8,1,0
11359697,53,80698.4,Canada,1,39,8,2,0
3095290,36,9238.6,USA,2,20,8,2,0
11714070,53,1730.0,Spain,1,72,7,1,0
2648366,36,1730.0,Spain,1,69,7,0,0
14095483,36,1730.0,India,1,45,6,2,0
7391596,59,12473.2,Canada,1,51,8,3,0
7487059,28,85557.7,Spain,2,43,8,4,0
8863655,30,87346.1,Germany,0,292,7,10,0
1446910,40,10868.0,Canada,2,99,8,0,0
2987200,27,36894.9,Germany,2,363,6,2,0
15833593,50,39610.8,Spain,2,165,6,2,0
12071303,41,57502.0,Saudi Arabia,1,158,8,6,0
7455895,38,37615.9,Australia,2,330,8,13,0
143580,31,2276.3,Saudi Arabia,1,0,8,1,0
8029221,31,20393.2,Australia,1,189,7,7,0
8758784,28,21942.4,Spain,1,9,7,7,0
14989745,75,1730.0,Canada,2,213,6,1,0
4311326,51,43431.2,Spain,1,56,7,2,0
15650971,40,98710.1,Saudi Arabia,0,160,6,3,0
2016093,50,12626.3,India,1,16,8,0,0
13431279,26,9597.5,USA,2,10,6,1,0
8070477,46,43327.3,Saudi Arabia,1,168,8,2,0
5210087,38,45604.2,Canada,2,247,7,1,0
9937208,41,51600.2,Spain,0,387,8,6,0
9321751,52,1730.0,Spain,1,15,8,1,0
3030548,36,57192.2,Saudi Arabia,1,142,7,7,0
10817520,41,22563.6,Saudi Arabia,1,41,6,7,0
3701187,43,58493.1,Spain,1,149,9,2,0
7503625,18,70797.5,Australia,2,81,8,1,0
10798108,29,1730.0,Saudi Arabia,2,65,6,2,0
14466445,55,63090.3,Canada,1,68,6,3,0
9086420,34,6063.1,Spain,1,27,6,0,0
13864550,18,4184.5,USA,1,17,8,2,0
5355740,32,85141.0,Saudi Arabia,2,189,7,6,0
13410716,36,12013.3,Saudi Arabia,2,68,8,3,0
4416606,53,9551.5,Spain,2,63,6,1,0
12059191,35,37844.5,Canada,1,87,7,2,0
11771068,45,6079.5,USA,2,100,8,2,0
7616827,38,11073.1,India,1,220,6,3,0
7517903,29,35132.7,Spain,1,55,7,1,0
15623975,41,61726.1,Australia,1,155,8,4,0
1654431,26,20468.8,India,1,64,7,1,0
15986106,34,21445.5,Spain,1,202,6,3,0
3951968,18,1730.0,Germany,2,21,7,1,0
291677,47,11229.6,Spain,1,72,6,3,0
2392054,37,26073.6,Canada,0,69,8,3,0
4028067,45,1730.0,Canada,1,29,6,0,0
3016270,31,70387.9,Canada,3,43,8,1,0
7684748,39,46766.5,USA,1,47,8,6,0
15701733,43,1730.0,Spain,1,50,8,3,0
7931470,72,60450.8,USA,1,387,8,12,0
11187538,34,1730.0,Spain,1,58,7,2,0
13434717,39,7479.6,Spain,1,62,7,1,0
3598907,21,3770.3,Australia,1,49,7,2,0
5843872,27,75174.8,India,1,167,7,3,0
10122668,36,71989.2,Spain,2,20,8,0,0
14690895,45,55454.0,Germany,1,105,8,2,0
12020562,33,98466.0,Canada,1,58,8,2,0
5998388,19,5185.4,USA,2,4,8,1,0
16476967,45,10096.3,Canada,2,9,7,1,0
12260252,33,37814.9,India,1,100,8,4,0
2320897,35,70414.4,Spain,0,410,6,7,0
7771789,50,1730.0,Spain,0,49,7,1,0
3639744,43,43685.5,Saudi Arabia,0,302,7,3,0
16422763,31,22583.5,Canada,1,36,7,3,0
447760,27,1730.0,Spain,1,11,8,8,0
13225028,29,88448.4,Spain,0,52,8,9,0
7932075,54,91058.4,India,1,352,8,6,0
15554330,29,29282.6,Spain,1,54,8,9,0
8167261,37,1730.0,Saudi Arabia,1,277,8,3,0
6839990,35,77399.7,Australia,1,140,6,7,0
10121462,39,1730.0,Spain,1,80,7,3,0
11110555,62,1838.3,Spain,1,71,8,1,0
3967331,29,12454.4,Spain,1,102,6,1,0
6239507,45,19991.8,Spain,0,157,6,2,0
2505159,54,13844.0,Australia,2,117,7,4,0
1328616,18,15388.8,Saudi Arabia,2,63,8,4,0
4917708,35,4337.3,Spain,1,104,10,2,0
2012444,24,32729.2,Spain,1,39,7,4,0
6375626,31,1730.0,Germany,1,54,7,1,0
13625656,47,13264.7,Saudi Arabia,2,300,7,1,0
10926916,41,58040.4,Spain,1,324,6,2,0
15318396,28,5831.2,Canada,1,55,7,1,0
11022921,52,1730.0,Saudi Arabia,1,69,8,0,0
2739912,18,1730.0,Germany,1,58,6,2,0
11199910,29,2877.9,USA,1,99,8,4,0
2558226,36,1730.0,Saudi Arabia,1,42,7,1,0
798449,20,24108.9,Canada,2,218,8,2,0
81875,46,22214.3,Australia,1,320,8,3,0
2486546,47,18188.5,Spain,2,114,6,1,0
13365074,39,77760.3,Spain,0,293,9,7,0
5748676,44,1730.0,Saudi Arabia,1,45,8,0,0
1651620,38,61203.4,Spain,2,12,6,1,0
5287925,65,30204.3,Spain,1,160,8,8,0
14325159,29,50759.5,Spain,1,388,6,2,0
12673221,37,77630.4,Canada,2,29,8,1,0
14257360,31,42867.4,Spain,2,93,7,3,0
8800870,36,33673.7,Spain,2,58,7,2,0
8005530,27,15735.3,Spain,1,10,7,1,0
7830388,39,1730.0,Canada,2,312,7,4,0
11163781,47,1730.0,Saudi Arabia,2,19,8,1,0
3378343,28,8273.0,Spain,1,27,8,5,0
4222690,47,2526.2,Spain,2,307,7,3,0
16191815,39,1730.0,Spain,1,164,7,4,0
10919112,33,81306.3,Saudi Arabia,1,54,8,5,0
3995514,51,73172.3,Spain,2,166,7,7,0
1522316,35,67953.3,Spain,1,439,6,4,0
16175197,35,37139.7,USA,1,116,8,2,0
6280507,39,37040.9,Canada,1,202,6,3,0
8976827,63,65165.3,Canada,2,47,8,8,0
14794888,34,19454.4,Germany,0,210,6,4,0
5952690,45,26977.7,Saudi Arabia,1,50,7,1,0
11416915,51,93631.7,Canada,1,441,6,7,0
798821,33,24850.2,Saudi Arabia,0,202,7,3,0
12943498,54,1730.0,USA,1,131,7,2,0
6128215,35,109339.7,Saudi Arabia,1,387,6,4,0
14236065,45,16693.6,Saudi Arabia,1,144,6,4,0
6979140,42,66935.9,Saudi Arabia,2,294,7,7,0
6895125,28,10476.4,Spain,1,89,7,3,0
9421079,18,1730.0,Saudi Arabia,1,0,8,1,0
16279406,36,1730.0,Spain,2,10,7,2,0
2255443,31,13042.8,USA,2,64,8,6,0
6179410,37,10756.4,Mexico,1,128,8,1,0
4923032,44,91519.2,Australia,1,84,6,8,0
8707156,33,67626.5,India,0,337,6,12,0
6380370,57,30256.3,USA,0,347,8,7,0
7076172,35,17698.5,Canada,2,16,8,8,0
12054994,44,86527.8,Canada,1,359,7,5,0
1332637,67,13835.3,Spain,0,265,8,7,0
7846122,31,29425.7,Canada,2,108,6,1,0
6770158,29,20847.5,Spain,2,66,6,4,0
10717777,43,67852.8,Spain,2,6,7,0,0
1853777,44,45085.2,Saudi Arabia,1,92,7,2,0
5678666,66,29635.2,Spain,1,98,6,1,0
7095426,43,20788.0,Saudi Arabia,2,55,8,2,0
2858508,25,1730.0,Canada,2,15,6,2,0
13798311,35,1730.0,Spain,1,40,7,2,0
10511920,30,66766.4,USA,1,135,8,1,0
16735555,42,1730.0,Spain,2,66,8,2,0
13681421,49,25578.4,Spain,1,239,8,4,0
12211505,30,12539.8,Spain,1,212,7,13,0
1683777,30,60533.7,Germany,0,360,8,4,0
8008968,34,62024.3,Saudi Arabia,0,87,6,3,0
7053405,26,58107.0,India,1,405,6,7,0
10389138,33,17016.4,Spain,1,72,7,3,0
14324863,65,37599.8,Saudi Arabia,0,93,6,6,0
1356978,38,63264.0,Saudi Arabia,2,84,8,8,0
7579340,36,44350.4,USA,1,172,7,3,0
8126579,48,95054.4,Germany,2,113,7,5,0
14476135,25,24445.7,Spain,2,42,7,1,0
11570192,32,1730.0,Saudi Arabia,1,1,8,3,0
739050,63,62030.9,Spain,1,402,7,5,0
10092151,40,54049.8,Canada,1,422,8,4,0
13893543,34,12212.3,Spain,1,155,8,8,0
5976021,41,61146.6,Spain,1,67,6,1,0
3117947,47,52456.9,Canada,1,370,8,2,0
10316237,28,36862.8,Spain,2,183,8,2,0
212195,40,5724.2,Saudi Arabia,1,314,8,7,0
377989,59,52869.5,Canada,2,97,7,6,0
11323472,39,40954.3,Spain,1,74,7,1,0
6625686,38,99263.7,Canada,1,344,8,3,0
9831312,40,13512.1,Spain,2,144,6,2,0
5255654,52,12292.5,Canada,2,34,8,2,0
14386819,26,85369.0,Saudi Arabia,0,293,8,3,0
10421843,40,11334.6,Canada,1,49,6,0,0
10344279,68,28518.1,Canada,1,41,7,10,0
10911779,44,37568.4,India,0,142,7,6,0
10007751,37,29612.4,Spain,2,193,8,7,0
3456160,21,76856.6,USA,2,264,6,3,0
2690180,35,5015.1,Spain,2,46,8,1,0
13216002,44,59670.8,Canada,1,330,6,2,0
6964563,35,24360.7,Australia,1,14,7,4,0
1318625,30,58908.1,Spain,2,238,6,1,0
7010825,18,22003.9,Spain,1,60,8,2,0
4301542,45,1730.0,Spain,1,0,8,0,0
8513281,28,6579.0,Canada,2,26,8,5,0
6354554,45,1730.0,USA,1,52,8,2,0
4649826,66,23849.6,Canada,1,166,7,9,0
2402009,41,1730.0,USA,2,62,7,1,0
10731222,29,50753.7,Spain,0,269,8,4,0
13912463,29,45762.3,USA,2,394,8,8,0
2253432,50,2931.3,Canada,1,53,6,1,0
7250199,32,5555.0,Spain,1,62,6,2,0
11159088,31,8542.2,Germany,1,14,8,5,0
12998744,40,16785.7,Spain,2,28,7,2,0
2178673,27,67267.1,USA,0,119,8,3,0
1300646,74,13274.9,Spain,1,377,7,0,0
12561134,40,70863.0,Germany,2,159,7,0,0
6319702,37,71001.4,Australia,0,367,7,4,0
5082378,62,38528.5,Spain,1,243,7,4,0
1545849,54,1730.0,Canada,2,6,8,0,0
4560184,34,17494.2,Canada,1,103,7,4,0
6535327,27,30116.6,Spain,1,347,6,2,0
8689284,39,1982.6,Germany,2,35,8,1,0
1380228,19,8763.0,India,1,103,7,1,0
10625194,18,1730.0,Canada,2,102,7,1,0
8177784,18,1730.0,Spain,1,48,7,1,0
3587922,39,1730.0,Spain,2,70,7,2,0
6738620,32,1730.0,Saudi Arabia,1,9,8,2,0
122190,42,27127.6,Spain,2,248,8,1,0
5231544,49,72759.6,Mexico,1,280,6,5,0
15281510,36,66987.4,Spain,2,241,6,3,0
8983910,63,17835.5,Spain,1,31,6,0,0
15676191,41,86425.0,USA,2,128,7,6,0
8274176,73,6254.9,Canada,1,282,8,3,0
3627206,46,34084.5,Canada,1,101,7,2,0
10755699,47,1730.0,Spain,1,88,7,1,0
4396848,40,77981.9,Canada,1,10,7,1,0
6272582,31,1730.0,USA,1,57,7,1,0
3360035,41,67106.7,Spain,1,121,8,2,0
16553217,29,3914.4,Germany,1,122,7,9,0
4319301,36,94545.7,Saudi Arabia,2,122,8,3,0
10563009,30,61146.3,Mexico,2,49,7,4,0
13240255,28,34090.3,Spain,2,134,7,2,0
4819480,48,1730.0,Spain,2,30,7,0,0
9003354,28,82603.2,Canada,1,192,8,4,0
4510515,36,31224.7,USA,1,51,6,1,0
4042602,53,18776.9,Germany,1,30,7,3,0
7904884,28,17266.0,Canada,0,42,8,2,0
15714671,37,1730.0,Spain,1,14,8,2,0
14804331,21,20911.9,Canada,2,51,6,2,0
3124731,29,53354.7,Spain,1,104,7,2,0
2574703,34,51240.0,Canada,1,407,6,2,0
2530847,54,1730.0,Saudi Arabia,1,45,7,2,0
11301269,28,1730.0,Spain,2,59,7,2,0
5343448,35,25470.1,Australia,1,198,6,1,0
3635949,38,75772.8,Spain,1,94,8,5,0
11665387,52,60237.4,Australia,1,297,8,5,0
1932731,23,47011.7,India,0,171,7,5,0
903834,40,40950.9,Canada,1,208,8,2,0
318278,40,59211.9,Germany,1,62,7,2,0
382575,38,18689.1,Australia,1,26,8,2,0
11122377,52,91963.3,Saudi Arabia,1,16,6,3,0
2805975,44,74058.2,Spain,1,305,8,5,0
9501715,33,50155.4,USA,0,176,7,2,0
6142702,47,7491.4,Spain,1,82,7,3,0
10808763,54,64011.9,Saudi Arabia,0,241,6,4,0
2137572,42,1730.0,Spain,1,6,7,0,0
9603780,52,1730.0,Saudi Arabia,1,66,7,2,0
13883639,64,54985.1,Canada,2,27,6,1,0
7200003,28,1730.0,Spain,1,22,6,2,0
13659947,42,67565.3,USA,1,181,8,4,0
15825883,54,1730.0,Australia,2,439,7,6,0
7907832,40,51318.3,Canada,2,79,8,4,0
5551895,41,1730.0,Canada,1,41,8,1,0
687514,35,81636.6,India,1,320,6,9,0
14159006,29,24071.2,Saudi Arabia,1,115,8,2,0
14861142,56,10161.7,Spain,2,62,8,1,0
9902170,33,30272.3,USA,1,69,8,3,0
10857739,41,44291.1,Canada,0,253,8,4,0
7413954,24,104630.6,Saudi Arabia,2,231,6,2,0
10646900,32,42574.2,India,1,381,6,2,0
2386483,38,1730.0,Canada,2,57,6,0,0
6849759,53,31845.6,Germany,0,283,6,3,0
8245719,51,70431.4,India,0,157,7,1,0
10153309,39,24071.0,Spain,0,39,6,3,0
9705886,34,85236.6,Canada,1,441,6,3,0
530397,33,1730.0,Saudi Arabia,2,21,8,1,0
4711506,31,61591.3,Spain,1,76,8,12,0
16157765,18,1730.0,Saudi Arabia,2,33,8,8,0
9367594,39,80985.8,Saudi Arabia,1,100,6,11,0
7630472,62,2591.7,Spain,1,32,7,6,0
4712105,65,1730.0,Canada,1,50,6,1,0
2410967,39,23478.0,Saudi Arabia,1,30,8,1,0
11022689,48,1730.0,Spain,1,47,7,2,0
9649589,51,1730.0,Canada,2,20,7,2,0
6118276,28,1730.0,Spain,1,0,6,2,0
2989473,48,13232.1,Germany,1,41,8,2,0
3286161,36,1730.0,Spain,2,129,6,3,0
10948790,35,10660.2,Germany,0,296,7,0,0
8324574,34,1730.0,India,2,66,7,1,0
12757106,53,1730.0,India,1,49,7,1,0
6271433,31,88792.3,Saudi Arabia,1,64,8,2,0
9077635,49,27068.5,USA,2,59,6,2,0
16501974,30,81173.1,Australia,0,427,7,4,0
13761146,19,10764.0,Australia,2,69,8,5,0
15840699,32,1730.0,India,2,23,8,0,0
6572692,29,19058.1,Spain,2,58,7,2,0
15857906,29,40729.2,Canada,1,135,6,3,0
6302508,29,42473.8,Canada,2,108,10,2,0
3885995,42,1895.3,Germany,1,170,8,3,0
9299773,18,78657.9,Saudi Arabia,2,396,8,3,0
771220,48,6797.9,Spain,2,14,8,0,0
1747635,26,1730.0,Spain,1,58,7,3,0
6690450,28,1730.0,Spain,1,48,7,1,0
9562151,32,1730.0,Canada,1,165,8,2,0
6085860,46,37304.0,Germany,1,115,8,2,0
7451916,31,1730.0,Germany,2,13,7,1,0
14455703,29,18204.9,Canada,1,175,7,2,0
8895383,50,58528.5,India,0,51,7,10,0
12554381,39,89797.7,Spain,0,111,6,4,0
10399007,38,62574.5,Spain,1,99,7,3,0
3740506,44,81130.7,USA,1,431,6,6,0
11504351,26,34625.4,Spain,1,51,7,4,0
12635769,49,1730.0,Saudi Arabia,2,16,8,1,0
5042675,29,1730.0,Saudi Arabia,1,88,7,10,0
1487433,30,24919.4,Germany,0,145,7,2,0
11833340,37,40440.4,Spain,2,129,7,3,0
4635609,60,1730.0,Canada,1,45,8,3,0
5068992,40,27419.5,USA,2,76,8,1,0
14225373,32,31230.8,Germany,2,51,6,4,0
12961171,46,78772.0,Germany,0,230,7,8,0
8088407,31,20005.5,Australia,1,79,8,2,0
8701119,41,3096.6,Spain,2,107,6,2,0
4302557,48,38922.1,Canada,1,35,7,2,0
4235954,51,1730.0,Spain,2,4,6,1,0
14734135,42,39783.9,Spain,1,76,8,2,0
2747680,40,26550.3,Canada,1,74,8,2,0
7400496,42,32457.4,Spain,0,133,6,3,0
15621260,35,8442.9,Saudi Arabia,2,127,8,4,0
5680258,55,42339.0,Saudi Arabia,1,234,8,7,0
3863824,34,53900.0,Spain,1,34,6,2,0
7092619,40,3917.1,Canada,2,89,7,2,0
529161,25,6829.3,Spain,1,58,7,3,0
15899546,56,1730.0,India,2,102,8,1,0
13839661,36,18489.3,Canada,0,131,8,6,0
11407009,21,36807.8,USA,1,77,6,1,0
1942494,41,22192.5,Spain,1,154,8,2,0
4758410,33,1730.0,Spain,2,43,7,1,0
15047439,31,31866.1,Spain,1,224,8,2,0
10008953,37,21764.9,Spain,1,5,8,2,0
14210118,51,46006.5,Saudi Arabia,1,215,7,4,0
8869610,52,35395.4,Spain,1,121,7,13,0
9137827,40,40082.3,Saudi Arabia,1,66,7,2,0
3472272,43,25248.6,Spain,1,67,7,3,0
11056121,40,1730.0,Germany,1,57,7,1,0
4465989,45,1730.0,India,1,33,8,1,0
11963251,45,90007.3,Australia,0,56,6,2,0
6753197,36,55567.5,Saudi Arabia,1,147,8,1,0
10715545,42,21629.2,Canada,2,46,8,14,0
15529673,24,1730.0,Germany,1,15,8,1,0
9617605,35,8870.9,Spain,1,39,7,0,0
9757062,66,84612.9,Canada,1,356,7,3,0
10298130,38,60738.5,Canada,0,181,7,5,0
8530166,39,57871.2,Canada,3,71,8,2,0
6013705,60,38322.8,Spain,1,87,7,5,0
1239987,25,95772.6,Mexico,0,109,7,2,0
9133156,38,1730.0,Canada,1,57,7,1,0
9186463,49,5425.1,Spain,1,17,8,2,0
14732582,57,13390.5,Germany,1,42,6,5,0
56900,35,2175.2,USA,2,411,6,4,0
15514496,68,19064.2,Germany,1,130,6,2,0
14726285,53,15296.0,Spain,1,58,8,1,0
5103695,30,6058.8,Germany,1,0,7,1,0
12391404,45,13791.4,Spain,1,70,8,2,0
239325,22,28272.1,Canada,1,117,6,0,0
12141558,35,1730.0,USA,1,39,6,2,0
1650100,27,2703.9,Spain,1,33,6,3,0
12192006,44,21985.4,Spain,1,139,6,3,0
10706011,42,105178.5,Spain,0,255,7,4,0
7797714,49,19814.5,Australia,2,62,7,2,0
9305107,47,28575.7,Australia,0,138,6,4,0
14526869,42,25905.2,Canada,2,55,7,2,0
16501314,47,2604.0,Spain,1,38,8,3,0
9211457,52,8164.1,Spain,1,384,7,8,0
9993186,69,1730.0,Saudi Arabia,1,53,6,1,0
6384446,43,100740.9,Spain,1,275,8,11,0
9092070,38,37959.6,Canada,2,71,7,1,0
10499875,29,1730.0,Spain,2,5,8,3,0
8996831,39,67240.1,Canada,2,171,6,8,0
10376553,27,22872.0,Canada,2,51,7,1,0
2627047,49,1730.0,Spain,1,4,8,1,0
8317918,18,20594.1,Spain,1,381,8,1,0
3350906,51,4760.8,Germany,2,305,7,3,0
12583598,42,5662.1,India,2,78,8,2,0
4713123,40,8935.6,Canada,2,29,8,2,0
16215641,60,13331.0,Australia,1,73,8,3,0
7457981,39,62550.7,Germany,1,258,7,4,0
4626055,30,98599.7,Australia,1,408,7,2,0
16408852,54,1730.0,Saudi Arabia,1,16,8,1,0
8820843,42,57806.5,Saudi Arabia,1,107,8,4,0
13921721,51,8388.6,Spain,2,157,6,2,0
11928750,27,62681.3,Australia,2,253,7,6,0
10185849,34,2483.0,Australia,2,79,7,3,0
6466461,36,1730.0,Spain,1,28,6,1,0
16638445,37,3015.3,Saudi Arabia,1,36,8,0,0
10510976,46,29200.0,Canada,2,69,8,2,0
8627880,26,1730.0,Spain,2,23,6,4,0
9979816,40,39140.3,Germany,1,380,8,12,0
13315937,29,32996.7,Spain,1,102,8,1,0
12047435,28,3815.2,Spain,2,49,8,4,0
1486329,35,9311.3,Spain,2,12,8,1,0
14765003,44,25513.8,USA,2,299,8,5,0
8536685,36,54776.3,Saudi Arabia,2,417,8,2,0
311112,40,1730.0,Australia,1,45,8,2,0
11735419,45,1730.0,Mexico,1,117,6,1,0
13089811,30,46879.6,Spain,1,199,8,2,0
6466328,69,83414.5,Spain,1,204,7,2,0
2815053,40,42649.9,Saudi Arabia,2,35,7,2,0
6793353,33,8453.1,Spain,2,264,6,4,0
1628098,37,69924.5,Spain,0,410,8,13,0
4205717,69,64390.1,Spain,1,440,8,6,0
15809997,54,71338.5,Saudi Arabia,2,30,8,3,0
606623,33,21306.7,Canada,2,52,7,2,0
3464302,47,1730.0,USA,2,30,8,0,0
5856598,30,1936.6,Spain,1,5,8,1,0
8584744,48,38240.6,Saudi Arabia,1,130,8,2,0
3313390,29,50768.6,Spain,1,132,8,4,0
9738313,24,29001.1,Saudi Arabia,1,111,6,4,0
15879645,57,63934.7,Spain,0,63,7,1,0
2985854,24,16993.6,Canada,1,39,8,1,0
1431355,45,29846.4,Germany,1,23,8,4,0
15786339,35,5540.1,Spain,1,88,8,1,0
9830493,54,5970.6,Canada,2,48,7,2,0
2085141,39,1730.0,Spain,2,48,7,2,0
12280945,54,22164.8,Spain,1,83,6,3,0
11704247,22,66882.0,Spain,1,69,7,2,0
920221,24,1730.0,Saudi Arabia,1,0,8,2,0
10037886,49,19479.0,Australia,2,60,8,5,0
13950880,53,1730.0,Saudi Arabia,1,34,8,1,0
400316,46,27385.4,Spain,1,64,7,3,0
7907322,41,6352.2,Canada,1,96,7,0,0
15301603,38,21819.4,Spain,0,34,7,7,0
1319950,62,51809.7,Canada,1,200,6,2,0
5042737,55,46866.0,USA,1,152,7,8,0
12826065,29,13510.9,Saudi Arabia,1,11,6,2,0
9096114,63,1730.0,Canada,1,187,6,1,0
15974574,24,1730.0,Canada,1,20,8,2,0
6115942,46,23314.0,Canada,2,37,8,5,0
2202498,35,49409.4,Spain,2,82,6,10,0
5357845,25,5198.1,Spain,2,11,8,2,0
13000321,30,51638.1,Australia,1,187,8,7,0
6913337,21,58901.4,Saudi Arabia,1,317,7,4,0
9293536,47,1730.0,Saudi Arabia,1,0,7,1,0
1431923,51,1730.0,Germany,1,49,7,3,0
12880736,45,22740.8,Canada,2,391,7,2,0
2841290,29,1730.0,Spain,2,83,8,0,0
14054747,37,40859.8,India,1,423,7,5,0
6360499,43,55597.3,Canada,1,18,7,4,0
16310531,54,81293.5,USA,2,155,8,3,0
6338310,38,42968.1,Canada,1,391,8,9,0
7637584,36,21177.6,USA,2,106,8,1,0
11654916,54,83404.1,Saudi Arabia,0,132,8,3,0
5217268,46,40258.9,Canada,2,66,7,1,0
1445340,58,40643.5,Spain,1,28,7,2,0
4490993,67,13693.2,Spain,1,53,6,2,0
10395397,36,83268.6,Germany,1,34,8,8,0
7938902,31,4801.9,Spain,1,27,7,0,0
14002984,31,53992.9,Canada,0,184,7,3,0
1622392,36,8893.1,Canada,1,254,8,4,0
8330301,39,1730.0,Spain,1,14,8,1,0
2647654,44,51334.0,Canada,1,163,6,3,0
11021653,58,73396.1,Saudi Arabia,1,195,6,4,0
11429005,48,1730.0,India,2,11,8,0,0
7652393,57,59566.5,USA,0,121,8,4,0
3087704,42,17299.4,Spain,1,56,8,2,0
1515469,28,1730.0,Saudi Arabia,1,0,8,3,0
9899902,41,70155.1,Spain,1,69,6,3,0
8626244,46,1730.0,Spain,2,6,6,1,0
15421308,40,12095.2,Canada,1,52,8,0,0
5476323,30,64668.4,Spain,1,156,8,10,0
6216955,23,21606.6,Spain,1,88,8,2,0
9461716,20,18316.9,Saudi Arabia,1,45,8,1,0
5397037,43,1730.0,Saudi Arabia,1,103,7,2,0
1448533,28,17529.2,Spain,1,95,6,3,0
11226762,41,20361.6,Canada,0,17,8,1,0
14994359,39,38285.6,USA,2,114,8,2,0
3947068,40,22081.0,Saudi Arabia,1,14,8,3,0
10891550,48,48464.2,Germany,0,55,7,2,0
504150,23,27661.4,Saudi Arabia,2,60,8,1,0
11499268,56,23584.8,Spain,2,54,7,6,0
392393,50,7852.7,Canada,1,51,7,2,0
15613867,36,28636.3,Saudi Arabia,1,86,7,0,0
10954896,27,1730.0,Spain,1,52,8,3,0
5566856,46,24895.3,Canada,2,147,7,2,0
10517675,30,91557.8,Canada,1,63,8,1,0
9770170,32,6441.0,Saudi Arabia,1,90,8,2,0
9083102,45,1730.0,Canada,2,11,6,2,0
1467688,62,50081.4,Spain,0,193,8,12,0
1650998,32,1730.0,Canada,1,8,7,0,0
5443700,35,1730.0,Spain,1,36,8,2,0
1971559,33,5072.6,Mexico,1,66,8,3,0
4908787,41,25945.6,Canada,1,79,6,2,0
1498600,58,86281.1,Spain,1,270,7,5,0
11341687,33,14549.3,Saudi Arabia,1,108,7,3,0
1338271,28,57783.7,Saudi Arabia,2,172,9,3,0
13917105,52,65391.1,India,2,8,8,4,0
8236366,21,61461.7,Canada,2,71,6,2,0
8159297,22,95466.7,Spain,1,402,7,3,0
3931860,43,23975.8,Spain,3,381,7,1,0
15292947,34,33443.9,Mexico,1,74,7,2,0
2489620,44,9516.5,India,1,174,7,8,0
9711815,27,72820.8,Saudi Arabia,1,35,9,1,0
9317679,22,79408.7,USA,1,16,6,2,0
3290804,53,13603.7,USA,1,54,8,2,0
14424458,43,13981.6,Spain,1,72,7,1,0
8502258,27,47185.3,Spain,1,232,6,2,0
6351462,35,14362.1,Saudi Arabia,1,17,8,2,0
2119494,37,16876.6,Saudi Arabia,2,75,7,1,0
1874848,26,3232.1,Saudi Arabia,2,13,7,0,0
5916756,48,61122.2,Canada,1,75,6,2,0
12617731,39,56262.3,Spain,1,53,8,1,0
1124900,44,34169.4,Canada,1,378,7,5,0
4571515,48,56577.9,Canada,1,202,7,11,0
7988500,53,29378.5,Australia,0,194,6,12,0
4354811,53,36438.6,Spain,0,73,8,1,0
4101335,25,15629.9,Mexico,0,8,8,2,0
14835506,48,1730.0,USA,1,45,8,1,0
4241532,35,1730.0,Spain,2,32,7,2,0
261183,54,102446.7,Canada,1,361,6,4,0
13348612,18,1730.0,Spain,1,26,7,1,0
5638300,38,31041.5,USA,1,123,8,4,0
2573890,37,3120.1,Canada,1,12,8,5,0
2498580,38,31245.1,India,1,389,8,1,0
12587462,37,64720.4,Germany,0,417,6,4,0
8182632,47,6231.3,USA,1,25,8,2,0
15436024,48,9587.9,India,1,16,7,1,0
16408939,58,1730.0,Spain,2,50,7,1,0
12943450,43,40547.6,Saudi Arabia,0,123,8,2,0
8355619,33,56935.6,Spain,1,28,6,3,0
665860,18,89106.4,USA,2,311,8,3,0
7972962,25,1730.0,Spain,1,43,8,1,0
12794315,44,49809.3,Spain,2,143,8,8,0
13418156,35,1730.0,Australia,2,51,6,3,0
10290896,34,75079.1,Spain,2,256,6,9,0
3174967,40,10369.4,India,2,61,6,5,0
6591416,57,1730.0,India,2,213,6,2,0
14946224,22,15402.2,Spain,1,101,6,3,0
16714463,46,62221.8,Spain,0,347,7,2,0
16556183,47,1730.0,Spain,1,13,8,1,0
2651468,36,59086.8,Spain,1,46,7,3,0
7297238,32,48720.7,Spain,0,99,6,9,0
8230420,33,14899.0,USA,2,49,7,2,0
169837,21,12749.2,Saudi Arabia,0,17,7,1,0
2013164,44,71002.1,Spain,0,200,6,3,0
5131731,55,45117.3,Spain,3,82,7,2,0
15394871,68,17069.8,Saudi Arabia,1,36,8,2,0
5784422,39,1730.0,Spain,1,38,7,2,0
16395407,46,14410.3,USA,2,61,6,3,0
3996457,40,1730.0,Canada,2,317,8,4,0
365137,25,52803.2,Spain,1,223,6,1,0
12254701,46,1730.0,Spain,2,55,7,0,0
6832635,27,104410.0,Canada,0,390,6,2,0
16025211,46,8963.0,Spain,2,30,6,2,0
9272232,32,47912.7,India,0,62,8,7,0
14933910,38,42261.6,Spain,2,218,7,1,0
14401739,27,55896.3,Saudi Arabia,2,97,8,6,0
4559833,44,51847.6,Canada,2,360,7,1,0
5081938,32,19970.1,Spain,1,56,7,6,0
2651143,18,36714.9,India,1,38,6,6,0
10940809,33,85104.6,Saudi Arabia,0,170,6,2,0
11993966,33,14206.4,India,1,110,7,2,0
5539819,36,13843.2,India,2,57,7,3,0
16238502,60,20289.1,Australia,1,64,6,1,0
3529457,46,71173.0,Australia,1,149,8,3,0
15067067,34,1730.0,USA,1,5,8,0,0
13995990,58,17857.7,Spain,1,44,7,3,0
10388753,52,23697.2,Canada,1,247,6,8,0
10336715,27,8781.0,Saudi Arabia,2,11,6,2,0
8216403,43,98399.3,Saudi Arabia,0,400,8,4,0
10472862,67,21530.4,Canada,2,34,8,5,0
32521,48,15845.9,Spain,1,143,7,6,0
13926261,46,55359.3,Spain,1,104,7,4,0
1669730,25,8872.6,Canada,2,54,6,2,0
8456886,40,51991.3,India,2,168,8,4,0
8848053,54,2045.3,Spain,1,81,7,1,0
1750969,44,42486.1,Germany,1,30,7,1,0
1860532,56,43544.6,India,1,127,7,2,0
12178060,72,57001.7,USA,0,314,8,2,0
14973618,70,1730.0,USA,1,112,8,0,0
5310038,50,8193.0,Spain,3,63,6,1,0
14139556,39,1730.0,Germany,1,36,9,0,0
1805114,45,21882.0,Canada,2,67,7,3,0
7563256,41,53538.6,Spain,2,91,7,6,0
2021025,38,25060.0,Canada,2,17,7,4,0
14462977,43,3625.1,Spain,1,65,7,0,0
4448969,43,1730.0,Spain,2,79,7,0,0
3443889,56,22780.0,USA,2,92,7,2,0
14781614,40,7674.6,USA,1,116,7,2,0
739268,61,60887.4,Canada,1,258,8,8,0
10177327,18,24803.2,USA,2,80,8,3,0
2949647,30,32850.8,Germany,1,28,6,2,0
13669486,44,12602.3,Spain,1,137,7,0,0
11048860,48,61718.2,USA,1,245,8,5,0
5401400,20,32458.3,Germany,1,49,7,1,0
14628653,55,50534.9,Spain,0,298,7,1,0
9888177,33,1730.0,Spain,1,57,6,3,0
2497663,42,1730.0,Canada,1,115,8,0,0
468308,56,48385.0,India,1,122,8,11,0
5973118,34,21946.1,Spain,2,50,8,1,0
10107185,42,15065.7,Spain,1,81,6,2,0
13673057,23,86377.4,Australia,1,234,7,3,0
230663,31,37394.8,Saudi Arabia,1,128,6,2,0
8557816,36,80069.7,Germany,1,195,7,2,0
2300179,46,1730.0,Spain,3,320,8,4,0
8088003,41,44158.1,Spain,0,72,7,1,0
14139814,37,49664.3,Spain,1,146,7,2,0
5895204,62,26318.6,Germany,1,186,8,4,0
6797089,18,82418.8,Saudi Arabia,2,134,7,13,0
8335818,65,96549.6,Spain,0,145,6,4,0
4622041,37,1730.0,Canada,1,32,6,4,0
7266472,28,35233.5,USA,2,30,7,8,0
12730253,31,38155.9,Saudi Arabia,1,256,7,3,0
11683472,34,26546.6,Saudi Arabia,2,64,6,2,0
3854673,43,78188.1,Spain,0,422,8,9,0
14494239,45,3693.2,Spain,1,91,8,1,0
5726375,30,17810.2,Saudi Arabia,1,0,7,4,0
11569539,51,67346.9,Australia,0,404,7,8,0
6331389,52,24675.9,Australia,2,58,8,3,0
10591282,69,4016.6,USA,0,67,6,2,0
1169164,50,108913.4,Saudi Arabia,0,372,7,6,0
7446911,62,1730.0,Saudi Arabia,1,48,7,4,0
78349,49,1730.0,India,2,69,7,1,0
12703174,22,25354.6,USA,2,40,8,2,0
12548996,33,91407.4,Spain,2,408,6,5,0
13677829,73,60358.3,India,1,305,8,9,0
10170203,42,13616.7,Spain,1,41,6,4,0
11069483,44,64864.4,Canada,1,286,8,4,0
7578358,19,22359.7,Spain,1,88,7,6,0
14259825,37,34265.7,Canada,1,116,8,5,0
11757338,37,2996.6,USA,1,24,7,1,0
1421606,40,83570.3,Canada,1,24,8,4,0
13258235,42,45110.8,USA,2,47,8,4,0
6778875,25,54564.4,Spain,2,104,8,3,0
9347965,45,1730.0,Canada,1,71,6,0,0
547643,25,91481.0,Spain,1,205,7,3,0
6224734,60,1730.0,Spain,0,12,8,2,0
14599257,18,1730.0,Saudi Arabia,1,52,6,1,0
16461993,24,1730.0,Spain,1,24,8,3,0
5410521,24,1730.0,Saudi Arabia,1,32,8,2,0
10872552,43,24807.6,Canada,1,41,7,2,0
2165160,66,23997.8,Canada,2,50,6,0,0
14439932,62,91977.2,USA,1,70,7,4,0
15991317,40,27301.3,Saudi Arabia,2,220,7,4,0
3273802,42,1730.0,Canada,2,0,6,3,0
13501641,49,22614.6,Spain,1,44,8,3,0
7594848,31,35159.0,Spain,1,82,7,10,0
4988791,35,1730.0,Spain,1,21,8,2,0
5672159,21,61214.1,Spain,0,235,8,2,0
5874416,34,1730.0,Spain,1,21,6,2,0
4911319,46,1730.0,Spain,2,66,8,1,0
15384531,30,60642.7,Spain,1,92,8,1,0
9619893,45,2613.9,Canada,1,56,8,1,0
3671512,22,1730.0,Spain,1,273,7,3,0
7811715,44,1730.0,Saudi Arabia,1,17,8,2,0
3276350,31,37420.5,Saudi Arabia,2,65,7,3,0
3156464,45,2176.9,Canada,2,67,8,4,0
11148270,42,1730.0,Spain,1,56,8,2,0
5198309,25,36193.0,Spain,2,287,8,9,0
14079629,62,36759.1,Canada,2,18,8,3,0
12597082,24,1730.0,Spain,1,44,8,2,0
5749836,49,65932.5,Spain,0,329,7,2,0
12754334,28,51307.3,USA,2,150,8,3,0
7929486,40,34793.2,Saudi Arabia,2,60,7,2,0
8833464,37,19157.1,Saudi Arabia,1,6,7,2,0
5588005,37,27675.6,Canada,1,208,6,6,0
9052420,32,1730.0,Saudi Arabia,2,18,6,3,0
8658074,30,47743.5,Spain,1,28,8,3,0
5177826,54,35969.4,Spain,1,8,8,5,0
9041613,34,10241.0,India,2,51,8,1,0
14676218,31,60671.4,Spain,1,125,7,0,0
4146910,45,36384.8,Spain,1,161,8,3,0
3208561,49,1730.0,USA,1,38,6,3,0
1598952,27,60084.1,Spain,1,164,7,1,0
14609098,40,48084.8,Germany,1,349,6,8,0
8895952,35,31599.1,Spain,1,132,6,0,0
9110838,41,45235.6,Spain,0,43,7,2,0
8553867,32,15932.3,Spain,1,66,8,2,0
14225194,49,20563.2,Saudi Arabia,2,98,8,7,0
7870537,64,18343.5,Mexico,1,37,7,3,0
12525778,32,4656.9,Spain,1,18,7,2,0
4482830,32,1730.0,Spain,1,40,7,2,0
5894906,35,30898.3,Spain,2,70,6,2,0
10912064,47,24207.1,Canada,0,192,6,3,0
8989606,30,52678.7,Germany,3,314,7,8,0
3778443,18,5089.6,Germany,1,80,8,6,0
11816613,25,14978.1,Canada,1,117,8,2,0
5638229,18,1730.0,Spain,2,1,6,2,0
7840144,28,1730.0,Spain,1,49,6,2,0
2743550,25,45934.8,Saudi Arabia,1,12,8,7,0
10269311,46,51027.7,Canada,2,77,6,3,0
1728092,35,55931.6,Spain,1,315,6,6,0
12464474,40,50120.8,Spain,1,76,8,4,0
14247640,28,36377.6,Saudi Arabia,0,78,7,1,0
2899104,40,43961.7,Spain,1,33,7,3,0
9242460,60,40653.2,Spain,1,95,8,6,0
5120349,27,15679.9,Saudi Arabia,2,301,7,3,0
4299652,27,32589.8,Saudi Arabia,0,58,8,7,0
2978107,23,6034.3,Spain,1,51,8,2,0
12563314,29,67693.3,Germany,1,171,8,7,0
5103896,28,52957.7,Saudi Arabia,0,419,7,2,0
13139565,30,54348.6,Canada,0,288,7,3,0
13305374,56,1730.0,Spain,1,26,6,2,0
6371606,27,15102.7,Spain,1,39,7,2,0
6363911,60,53634.9,Saudi Arabia,2,12,6,2,0
3446026,25,52447.5,India,0,246,8,3,0
6522061,36,26497.1,Australia,1,204,7,2,0
16588544,46,58139.3,Spain,1,204,7,5,0
7232590,27,46509.0,Spain,1,57,7,12,0
1819240,37,50855.1,Spain,2,126,7,2,0
15196634,50,22120.2,Canada,1,1,7,0,0
5903839,64,105215.1,Australia,1,134,6,8,0
7410347,41,1730.0,Australia,2,16,8,2,0
14997634,55,58469.7,Saudi Arabia,2,148,6,2,0
13012563,34,6140.0,USA,2,72,8,0,0
5791588,18,1730.0,Spain,1,0,6,1,0
11196332,24,1730.0,Saudi Arabia,2,70,8,2,0
4347481,34,63689.8,Spain,1,32,8,4,0
3115267,46,45554.8,India,2,171,7,1,0
4745864,37,38982.6,Saudi Arabia,2,42,6,3,0
5794587,59,65060.8,India,2,414,6,4,0
3558550,51,56891.3,Canada,1,384,6,3,0
3024439,27,12451.6,USA,2,28,8,7,0
15139479,39,1730.0,Spain,2,54,7,3,0
12091996,40,1730.0,Spain,1,26,8,1,0
6058427,26,1730.0,Canada,1,0,7,0,0
97513,56,87902.8,Germany,1,422,8,3,0
14897504,46,103152.6,Spain,0,376,8,11,0
11036436,32,4676.9,USA,2,434,6,6,0
9808718,43,13439.6,Germany,1,40,8,6,0
3933079,37,37824.2,Spain,0,209,8,8,0
10698100,28,48540.6,Spain,2,278,9,7,0
8141818,39,64595.2,USA,2,180,8,1,0
10576450,38,45229.3,Spain,0,372,7,6,0
16011545,40,20481.4,Spain,1,22,6,3,0
5387083,43,47264.2,Canada,0,91,8,4,0
5323093,40,50210.8,Saudi Arabia,1,38,8,6,0
9638740,28,6275.6,Australia,2,130,7,2,0
10760836,40,66487.1,Spain,1,211,7,5,0
2778299,26,42901.0,Spain,2,263,6,3,0
13770155,29,69741.4,Spain,1,112,8,3,0
9324132,41,60444.9,Canada,1,193,8,2,0
15667059,64,71934.6,USA,0,156,7,2,0
11996604,59,19460.7,Spain,1,113,6,2,0
12194033,31,5821.4,Spain,1,37,6,6,0
12922981,40,56747.6,Saudi Arabia,0,87,8,3,0
10787446,38,56934.8,Spain,1,299,8,5,0
4385441,46,2917.9,Canada,1,75,8,1,0
2649626,45,18792.7,India,2,29,7,2,0
5236627,39,1730.0,Spain,2,82,7,2,0
11025916,49,80283.3,Spain,1,426,7,2,0
1587921,39,12170.9,Germany,1,52,8,2,0
4881525,37,38769.6,Spain,1,213,7,2,0
16005454,36,46781.2,Australia,2,86,7,6,0
11078248,31,7186.4,Spain,2,53,8,2,0
10497602,58,109797.3,Spain,1,423,8,7,0
10725766,39,31443.6,Germany,2,277,6,3,0
5912726,30,13074.6,Germany,1,25,6,0,0
16072853,18,13621.4,India,2,47,8,2,0
8270028,31,1730.0,Spain,2,3,9,6,0
8297755,38,54341.2,USA,0,98,8,1,0
7810012,42,25373.3,Germany,1,28,8,4,0
8426374,47,25384.9,Spain,1,154,8,0,0
2110821,44,16521.2,Spain,2,78,7,1,0
9379635,36,25098.4,India,2,14,7,3,0
15607125,65,1730.0,Australia,2,59,7,0,0
6011768,37,31536.2,Canada,1,32,8,2,0
10286043,35,2866.9,Germany,2,84,6,2,0
7810562,33,20131.4,Spain,2,320,8,2,0
8039739,33,49735.7,Australia,2,97,8,4,0
999574,49,49835.3,Canada,2,117,8,0,0
11356784,28,30266.0,Spain,2,34,8,1,0
14846177,43,94272.8,Australia,1,382,7,3,0
9774101,57,16942.9,USA,1,290,9,2,0
3285240,57,13533.7,India,2,40,8,7,0
5988990,56,52047.1,Spain,0,391,6,4,0
16318504,44,3203.2,Spain,1,353,8,4,0
14768850,46,19103.3,Saudi Arabia,1,24,6,2,0
10897756,53,27548.4,Canada,1,33,8,6,0
8801208,31,5809.1,Canada,1,15,6,0,0
12309982,39,62085.1,Canada,1,431,8,2,0
16036748,35,72638.7,Saudi Arabia,2,54,6,1,0
7688888,39,55106.2,Spain,1,112,6,8,0
11606830,38,88238.6,Mexico,0,339,7,4,0
1623205,37,26826.3,USA,1,46,8,2,0
9159677,46,16802.2,India,1,67,6,2,0
12526892,30,1730.0,Spain,1,57,8,1,0
14313006,44,1730.0,Spain,1,17,7,1,0
2253687,48,7060.6,Spain,1,65,6,3,0
3294450,37,1730.0,Saudi Arabia,1,299,7,3,0
4796504,43,1730.0,India,1,15,6,3,0
6271193,52,1730.0,Spain,1,19,7,4,0
15064140,33,1730.0,Spain,1,0,8,1,0
16489888,19,82145.1,India,1,200,6,4,0
11975726,36,1730.0,Canada,2,48,7,0,0
11682836,36,49352.2,Canada,1,59,6,3,0
5359825,38,22166.4,Spain,1,254,7,1,0
10484054,45,63314.1,Canada,0,310,7,6,0
9640924,43,32568.6,Saudi Arabia,3,222,7,8,0
631330,29,10713.6,India,0,38,7,3,0
3375754,44,59830.6,Canada,1,83,7,6,0
6777940,45,18674.2,Germany,1,138,8,3,0
3130954,30,1730.0,Spain,2,66,8,1,0
2234613,58,63954.3,India,2,95,8,3,0
7250033,45,87751.9,Canada,2,291,7,9,0
9846461,31,93024.5,Canada,1,224,7,7,0
7132750,21,1730.0,Canada,1,50,6,1,0
5705162,42,34487.4,India,2,14,7,3,0
9534877,46,27501.9,Canada,1,68,8,3,0
10577548,51,1730.0,Spain,1,47,7,3,0
11553290,58,49087.1,USA,1,135,7,4,0
7218920,24,84780.6,Saudi Arabia,0,354,8,5,0
14660653,40,1730.0,Germany,1,126,7,2,0
2517288,39,1730.0,USA,2,0,6,3,0
5464634,33,20096.9,Spain,1,110,7,4,0
1658660,56,69335.8,USA,1,385,6,12,0
290223,57,38255.3,Saudi Arabia,1,430,6,11,0
15036894,29,1730.0,Saudi Arabia,2,7,7,2,0
10994484,47,34580.1,Australia,2,275,7,6,0
2499101,45,82855.0,Spain,1,281,7,6,0
7133109,56,7284.5,Saudi Arabia,1,154,8,3,0
14923154,32,89183.5,Germany,1,290,8,2,0
4765828,41,1730.0,Canada,1,13,7,2,0
12095451,33,47756.3,Canada,1,17,9,5,0
15730788,34,61816.9,Canada,1,380,8,11,0
1625765,45,7080.6,Spain,1,63,7,1,0
12491751,36,32619.6,Saudi Arabia,1,61,7,3,0
9535504,38,49893.3,Germany,1,59,7,10,0
3081263,26,1730.0,Spain,1,107,6,1,0
6480722,42,39615.6,India,2,439,8,2,0
15517573,38,6446.2,Spain,1,290,7,2,0
15664005,31,13881.1,Germany,2,65,6,2,0
5206167,29,37743.4,Spain,2,106,7,1,0
16272351,52,1730.0,Canada,2,332,7,4,0
3128302,28,41490.8,Spain,1,222,6,3,0
3427421,47,22463.1,India,0,233,7,4,0
15920677,46,25013.1,Spain,1,84,7,4,0
4619869,47,15638.7,Spain,1,156,7,3,0
12505375,43,19277.0,Germany,1,78,7,3,0
16612772,24,64031.1,USA,1,30,6,4,0
7808504,41,36349.2,Spain,3,211,8,2,0
7237981,41,35765.9,Spain,1,342,8,4,0
82253,39,1730.0,Spain,2,73,8,2,0
8354037,34,3474.5,Spain,2,114,7,1,0
9857372,43,46314.1,Spain,1,329,8,3,0
4628898,19,1730.0,Spain,2,81,7,1,0
3355194,46,1730.0,Spain,1,62,6,0,0
9779430,21,22322.0,Saudi Arabia,2,2,8,2,0
13441181,58,53273.7,Spain,1,120,8,6,0
9201238,36,2142.8,Saudi Arabia,2,134,8,8,0
13350174,65,69595.4,USA,0,392,7,1,0
3097116,50,23106.1,Canada,1,39,6,2,0
15431982,54,1730.0,Canada,1,11,8,2,0
7784108,49,56191.5,Saudi Arabia,0,112,7,10,0
10462788,51,44989.3,Spain,2,189,7,4,0
46059,29,1730.0,USA,2,33,8,1,0
7294839,28,85821.9,Canada,2,137,6,6,0
3313093,22,46750.2,Spain,1,149,6,2,0
1421238,37,1730.0,Australia,2,50,8,1,0
8696928,20,1730.0,Spain,1,23,8,1,0
942321,32,91265.9,Spain,1,252,6,3,0
7312399,32,60345.9,Saudi Arabia,0,434,8,8,0
8810744,59,1730.0,Spain,1,43,6,1,0
566703,50,13566.6,Saudi Arabia,1,58,7,1,0
13984707,31,13713.7,Spain,1,41,8,2,0
9142910,40,1730.0,Canada,1,41,8,2,0
10430671,48,61598.8,USA,2,246,8,1,0
7918131,45,46998.7,Saudi Arabia,0,405,7,1,0
9178034,46,72281.1,Germany,1,108,7,3,0
3736281,41,35054.4,Spain,2,27,8,1,0
1253683,28,81214.7,Saudi Arabia,1,83,8,2,0
16653456,31,51593.6,Australia,0,126,6,4,0
1083445,27,30856.3,Saudi Arabia,1,104,7,3,0
9990892,39,16595.0,Australia,1,202,7,1,0
3039247,18,22346.2,Mexico,1,348,7,2,0
5494288,37,6706.4,Spain,2,21,7,6,0
11059964,47,20581.3,Canada,1,60,7,3,0
1484657,62,89066.5,Saudi Arabia,0,58,7,7,0
4631194,21,93743.6,Canada,1,388,8,11,0
12709793,44,6054.0,Germany,0,21,9,1,0
11209171,27,31121.5,India,2,250,8,4,0
6811029,28,37428.2,Saudi Arabia,1,54,7,2,0
7883867,45,1730.0,India,0,125,8,3,0
16162589,50,39144.7,USA,1,28,8,1,0
7980533,40,2931.7,Spain,1,78,8,3,0
15906323,18,1730.0,India,2,48,7,1,0
10112752,50,81943.1,Australia,1,438,7,10,0
457978,47,61847.4,USA,2,242,8,8,0
11176879,55,109301.4,Canada,1,359,7,4,0
7792189,32,25008.2,Spain,1,406,6,3,0
11426260,50,12517.9,Canada,1,43,7,2,0
1960345,41,42969.8,Canada,2,14,8,2,0
8246331,38,64824.8,Saudi Arabia,1,124,6,2,0
7234549,70,23015.8,Canada,2,207,8,2,0
14997160,54,18215.8,Spain,1,88,7,2,0
3305723,33,28969.3,Saudi Arabia,1,210,8,4,0
11048582,34,103514.7,Australia,3,73,10,2,0
4823912,42,43544.3,Spain,0,151,7,2,0
6586633,34,62618.3,Saudi Arabia,0,43,7,11,0
9178808,33,12459.9,Saudi Arabia,2,2,6,1,0
9470598,47,56283.2,Australia,1,19,8,1,0
3088413,32,1730.0,Canada,2,9,8,4,0
7814123,49,1730.0,Saudi Arabia,1,202,6,2,0
5741160,51,34722.9,Spain,1,38,6,1,0
12931698,50,1730.0,India,1,0,8,1,0
135492,47,55125.0,Canada,1,370,6,0,0
12398390,46,9744.2,Australia,2,60,6,9,0
4887341,50,50438.6,India,2,116,7,7,0
13484849,45,1730.0,Australia,2,28,6,1,0
8452614,54,85778.4,Australia,0,433,8,7,0
13370870,26,2785.0,Spain,2,59,8,2,0
5305937,52,51674.3,Canada,2,203,7,3,0
16162290,29,82849.9,USA,1,254,9,9,0
436560,41,1730.0,Canada,0,24,8,2,0
11950254,28,1730.0,India,1,67,8,3,0
10924369,34,12674.5,India,2,282,8,1,0
15804924,33,1730.0,Spain,2,47,7,2,0
112948,19,32298.9,Saudi Arabia,1,72,6,3,0
14939149,39,62322.4,Germany,1,410,6,1,0
13376347,46,1730.0,Spain,1,8,8,1,0
4751883,25,35306.0,Spain,1,67,7,2,0
10553026,24,31441.2,Australia,1,162,8,3,0
8080714,60,99046.0,Spain,2,155,8,5,0
6825670,20,72231.1,Spain,2,52,8,3,0
4189518,24,1730.0,Spain,1,19,6,2,0
4815467,54,17844.3,Spain,0,91,8,4,0
13227489,40,29883.4,Spain,1,146,8,3,0
6099056,20,1730.0,Canada,1,4,7,1,0
2418974,29,8215.1,Canada,1,50,6,0,0
712972,34,41924.7,USA,1,59,8,0,0
6696140,18,31932.3,Australia,2,128,8,2,0
12407368,35,21926.5,Canada,2,65,8,3,0
12412927,47,110542.6,Saudi Arabia,0,304,6,2,0
4343047,46,52801.0,Saudi Arabia,1,315,7,9,0
6133154,41,1730.0,Spain,2,5,7,2,0
15382761,53,11096.9,Saudi Arabia,1,40,8,3,0
13428000,30,16204.4,Saudi Arabia,2,16,6,7,0
270292,39,6167.8,Spain,2,60,8,2,0
11117382,25,40057.9,Canada,1,146,6,5,0
15575319,43,8861.4,USA,0,171,8,1,0
13771319,39,12472.0,Saudi Arabia,2,157,7,2,0
3261536,49,14416.2,Spain,2,164,8,3,0
759857,55,9554.8,Canada,1,49,7,2,0
3974801,52,3737.7,Australia,2,427,8,1,0
15823697,42,27519.7,Spain,2,198,8,11,0
5794003,45,35475.6,Saudi Arabia,2,61,7,2,0
12897288,28,63460.0,Germany,1,363,6,2,0
5551106,51,6444.7,Spain,1,66,7,1,0
8129356,23,20546.7,Spain,1,94,7,2,0
11867988,40,59052.4,Spain,0,217,7,4,0
2802860,43,65214.3,USA,2,113,8,3,0
4465378,28,1730.0,Australia,1,178,8,6,0
9437842,36,26524.6,Spain,1,216,6,3,0
2667263,41,35617.8,Spain,2,71,8,4,0
2162880,26,56709.9,Canada,1,393,7,2,0
15584348,44,10369.0,Germany,1,24,8,7,0
16306995,29,58577.3,Saudi Arabia,2,91,9,3,0
14262986,27,1730.0,India,0,332,7,0,0
11529073,20,1730.0,Spain,1,39,7,2,0
15049508,35,1730.0,Spain,1,58,8,2,0
16057972,33,87059.7,Spain,0,116,7,1,0
9299584,57,1730.0,India,1,27,8,1,0
11831354,50,37677.0,Canada,1,162,6,1,0
10735189,43,14834.2,Canada,1,82,7,3,0
4509654,37,1730.0,Spain,1,44,7,1,0
15457832,45,33009.1,Spain,2,90,7,2,0
14644346,27,85418.4,Australia,0,123,6,9,0
3056059,46,28043.1,Spain,1,17,8,14,0
5207351,32,30855.9,Spain,1,59,6,0,0
523668,28,47088.4,USA,0,225,8,1,0
13427761,66,80377.5,Canada,0,414,7,4,0
10768564,45,24625.0,Canada,1,55,6,7,0
5625983,49,1730.0,Germany,2,96,7,13,0
9517577,44,1730.0,Spain,2,42,8,1,0
13830203,28,63483.6,Spain,1,130,8,3,0
11629110,44,23568.0,Canada,2,322,7,3,0
8397436,45,4411.6,Canada,2,53,7,2,0
4322991,58,18553.5,Spain,1,158,8,2,0
15004027,35,72058.3,Spain,1,267,8,2,0
631499,55,51217.5,Spain,2,391,8,2,0
8035591,27,13021.2,Canada,1,0,7,2,0
2127388,26,17064.9,Spain,1,43,7,2,0
15537217,29,57212.3,Spain,1,402,6,5,0
13187376,24,14748.6,USA,0,227,7,0,0
16228371,32,70506.8,Australia,0,64,6,4,0
12913613,41,36238.5,Canada,2,186,8,10,0
6930298,58,49729.3,Canada,2,87,7,3,0
688904,35,10191.9,Australia,2,33,6,1,0
412973,18,68509.2,Saudi Arabia,1,51,6,2,0
5919905,49,6890.6,Spain,1,49,7,1,0
6327318,55,93014.5,USA,1,270,7,3,0
800164,45,1730.0,Spain,2,23,7,0,0
207694,47,28814.7,Spain,1,120,8,4,0
7453663,31,1730.0,Canada,1,56,8,2,0
8454482,25,1730.0,Canada,2,101,8,6,0
15659040,47,44229.0,Spain,0,410,8,2,0
13370223,39,1730.0,Spain,1,32,7,0,0
11851235,35,1730.0,Spain,1,41,7,1,0
14043901,34,5360.1,Canada,2,63,6,2,0
1920298,49,14173.5,Germany,2,51,8,2,0
8858847,37,57937.2,Canada,1,212,8,8,0
10818631,27,23905.1,Spain,1,420,6,1,0
13755079,40,6592.3,Saudi Arabia,1,45,7,3,0
763731,40,43453.3,Saudi Arabia,0,35,8,1,0
11369505,57,99220.1,Saudi Arabia,0,249,8,7,0
8452834,28,13628.9,Germany,1,68,7,1,0
3308574,21,72553.4,Spain,0,375,7,2,0
15737362,29,1730.0,Australia,2,100,8,2,0
8480764,23,20654.6,Saudi Arabia,2,15,6,1,0
2577724,44,1730.0,India,1,306,7,2,0
8281787,23,31230.8,Canada,0,335,8,6,0
4146370,31,38846.9,Saudi Arabia,0,249,8,7,0
14288073,66,68524.7,Australia,2,86,7,5,0
3509697,63,59317.0,Canada,1,226,7,2,0
13731640,37,34164.3,Spain,1,59,8,5,0
5708220,71,10478.4,Canada,2,366,7,2,0
10127690,50,14314.1,Canada,1,83,7,5,0
11612540,39,20165.0,Spain,0,69,7,3,0
5539451,52,1730.0,Saudi Arabia,2,247,8,3,0
15622129,48,82559.2,USA,1,86,9,9,0
191354,40,19406.9,Canada,1,0,8,1,0
9826472,45,49310.8,USA,1,199,7,2,0
1544982,28,99532.8,Saudi Arabia,1,194,8,2,0
13431989,21,50226.7,Spain,1,227,8,4,0
6170048,42,1730.0,India,1,58,7,2,0
11831681,26,90861.5,Canada,0,309,8,0,0
15532456,28,42087.9,Spain,2,431,7,5,0
2713250,44,32046.0,Australia,1,363,8,1,0
11268264,59,14506.0,Spain,2,232,8,3,0
279493,29,29817.7,Canada,2,114,7,0,0
5615751,43,26611.7,Germany,0,209,6,1,0
12848323,33,78533.3,Australia,2,161,7,12,0
15404978,25,11262.0,Saudi Arabia,2,64,7,8,0
5880339,35,45379.6,Germany,2,63,8,1,0
4803577,44,58397.8,Saudi Arabia,1,60,7,4,0
10786768,54,8832.1,Germany,1,164,7,0,0
543948,59,16088.7,Spain,1,46,8,2,0
14563079,57,47307.5,Canada,1,66,7,2,0
14105553,35,8625.6,Spain,0,46,8,1,0
10669243,23,10338.2,Saudi Arabia,1,41,8,2,0
6838735,26,68946.7,Spain,1,70,6,3,0
11797935,51,66922.7,Saudi Arabia,1,424,8,5,0
16544595,38,1730.0,Spain,1,38,8,0,0
15652772,47,8538.5,Canada,1,34,8,3,0
3023816,33,67883.2,Spain,1,370,7,3,0
12710555,38,55214.7,Saudi Arabia,1,196,7,12,0
8209512,46,1730.0,USA,0,77,6,3,0
5464383,39,9009.9,India,1,88,8,4,0
14161628,40,79326.3,Canada,1,399,8,5,0
14251293,41,1730.0,Spain,1,58,8,1,0
6919427,56,111841.4,Canada,2,194,7,3,0
12520845,42,31012.5,Australia,0,354,7,3,0
670019,36,11291.7,Saudi Arabia,1,57,7,1,0
11331369,32,1730.0,Spain,1,61,8,1,0
9481351,34,30250.4,Australia,2,316,6,1,0
10028889,37,34663.8,Canada,1,114,7,7,0
13446773,52,79895.1,Saudi Arabia,1,20,8,3,0
16396629,22,42821.2,Spain,1,288,8,4,0
15027041,30,1730.0,Spain,0,119,8,2,0
16247248,29,70230.2,Saudi Arabia,2,263,8,2,0
3201081,34,42510.1,Saudi Arabia,3,56,6,3,0
14105210,23,30386.3,Spain,1,419,8,6,0
5498790,53,66185.7,Spain,1,101,8,3,0
13244031,31,5862.6,Saudi Arabia,2,34,7,2,0
9229556,27,74796.8,Australia,0,149,7,3,0
4677727,58,47055.7,USA,2,48,7,2,0
6538821,43,25427.9,Spain,0,365,8,2,0
5395695,63,26813.4,Australia,1,33,7,4,0
14102489,49,1730.0,Spain,1,74,8,1,0
1471199,40,46830.1,India,1,336,8,5,0
11312989,46,77979.6,Spain,1,59,7,3,0
6615825,29,22372.9,Spain,0,104,8,1,0
13291210,51,55681.9,Canada,1,74,8,3,0
15413721,37,44745.9,Spain,1,268,8,4,0
12563442,19,76283.1,Germany,0,302,8,12,0
8128060,51,28507.2,Canada,2,185,8,2,0
1145464,20,27115.3,Saudi Arabia,2,332,7,3,0
3210520,44,66099.1,Saudi Arabia,1,65,6,9,0
7751054,51,35737.6,USA,1,102,8,7,0
5300834,53,52220.4,Spain,1,47,8,2,0
10865924,48,1730.0,Spain,1,41,8,3,0
14552396,30,1730.0,Saudi Arabia,1,20,8,0,0
15669657,53,1730.0,Spain,2,6,7,2,0
9074045,21,37801.8,Canada,1,53,7,2,0
2707401,34,1730.0,India,2,67,8,2,0
2449676,34,95290.4,Canada,0,238,7,6,0
3744379,18,4064.3,Spain,2,64,7,3,0
14630118,53,3635.4,Germany,2,43,7,2,0
7099895,38,44648.7,Canada,0,75,7,1,0
5430402,51,1730.0,Spain,2,0,7,0,0
2514084,29,87641.3,India,0,356,8,2,0
8496395,54,1730.0,Spain,1,35,8,1,0
8114264,38,62199.5,India,2,117,7,6,0
2184856,34,1730.0,India,2,19,7,2,0
6844726,65,66920.7,Spain,2,409,6,5,0
14639710,53,11426.4,Spain,1,68,7,0,0
12749725,25,75149.0,Canada,2,31,8,9,0
9788466,36,12920.2,India,1,46,7,2,0
2952418,37,6682.2,Spain,2,29,6,4,0
11640580,64,68705.0,India,0,158,6,2,0
14587554,44,4964.6,Spain,1,54,8,1,0
13003312,31,74169.7,Canada,2,134,8,4,0
3106411,75,41650.9,Spain,0,378,8,9,0
11505536,21,12285.3,USA,2,31,8,2,0
13877732,48,44729.2,Spain,1,267,6,7,0
14358016,36,1730.0,Spain,2,28,8,2,0
6599684,48,81328.2,Australia,2,120,7,3,0
7280242,23,87283.7,Spain,0,354,8,2,0
7547886,36,25716.0,Spain,0,15,7,1,0
10783071,19,43104.2,Spain,2,256,7,4,0
5817363,43,55850.5,Australia,0,210,8,5,0
4554096,34,4777.0,Spain,1,102,7,1,0
2725334,52,21722.7,Canada,2,121,7,4,0
15101440,36,1730.0,Spain,1,35,8,2,0
13898715,58,5845.2,USA,2,27,6,2,0
9873769,32,1730.0,Spain,2,29,7,2,0
776167,28,3608.1,Saudi Arabia,2,29,8,2,0
55312,38,18461.7,Canada,2,41,6,1,0
8319787,40,5739.1,USA,1,22,7,2,0
6348387,46,46207.8,USA,1,69,8,3,0
1307236,36,64950.8,USA,1,122,8,3,0
15608655,26,20777.5,Canada,1,64,7,2,0
10900222,29,94855.5,Spain,0,202,8,3,0
2119949,31,25013.2,Spain,2,117,7,3,0
8067078,28,8107.3,Spain,2,30,7,2,0
14135811,19,44529.2,Spain,1,42,6,2,0
3245078,35,40398.3,Saudi Arabia,2,51,6,2,0
14165927,35,5740.9,Germany,1,268,8,5,0
11381358,44,21756.9,Spain,2,182,8,1,0
2179477,36,27456.3,Spain,1,79,8,2,0
9082286,28,61895.8,Canada,2,29,6,3,0
8029930,37,1730.0,Canada,1,8,7,0,0
3232654,40,64439.7,Mexico,1,5,7,2,0
6558099,46,52804.9,USA,1,54,7,1,0
16071671,19,1730.0,Spain,1,67,8,2,0
15075604,46,62279.1,Spain,1,224,6,6,0
10755208,57,54832.7,Germany,2,68,7,9,0
4804633,70,1730.0,Spain,1,0,6,1,0
4854445,51,12415.7,India,2,109,8,3,0
934298,41,74124.9,Spain,2,391,6,4,0
9584060,18,18375.5,Saudi Arabia,1,351,8,3,0
16015299,38,42754.2,Australia,1,108,8,13,0
8568019,33,2551.2,Spain,1,24,7,1,0
15766831,39,1730.0,Canada,2,61,7,2,0
12186643,41,97997.7,Canada,1,172,7,4,0
5354645,30,1730.0,Saudi Arabia,2,141,8,2,0
15824931,63,8264.1,Canada,1,410,8,3,0
16342717,44,24107.2,Spain,1,41,7,3,0
10766225,52,101477.6,Spain,0,412,7,5,0
8474344,28,3067.5,Spain,2,49,7,2,0
9132715,66,84403.0,Australia,2,145,7,2,0
2187864,38,24180.0,Saudi Arabia,0,134,6,6,0
5094580,44,39166.0,Spain,1,109,7,2,0
3510008,43,11552.9,Saudi Arabia,2,7,7,9,0
2953561,37,19656.1,Australia,2,77,7,1,0
6823238,24,65203.7,Spain,0,438,6,4,0
15476764,35,37863.3,Spain,1,89,6,2,0
10593776,43,13925.8,Spain,1,47,8,2,0
3095342,34,18740.7,USA,1,53,8,5,0
11657012,36,1730.0,USA,1,32,6,3,0
13162112,51,16536.5,Canada,2,91,8,3,0
13469572,64,84522.5,Canada,2,275,8,3,0
4044365,40,29765.5,Saudi Arabia,2,97,8,1,0
9293031,49,12811.2,Spain,1,38,6,1,0
15425596,51,80686.2,Spain,2,221,7,10,0
8595845,38,3652.5,Canada,1,411,8,2,0
2052774,63,2718.3,Canada,2,34,6,6,0
1558792,59,58397.5,Spain,1,440,8,2,0
14953623,42,35303.2,Spain,1,55,7,7,0
15553001,53,97592.8,Spain,1,215,8,4,0
9827601,47,10733.4,Australia,1,35,6,2,0
5784400,27,79497.4,Canada,1,61,8,2,0
10047785,32,106310.8,Spain,0,323,6,2,0
10066357,27,1730.0,Germany,1,47,7,2,0
12905787,65,43016.3,Canada,1,61,7,3,0
513859,50,10065.9,Canada,2,36,7,0,0
3630032,44,12610.3,Spain,1,1,8,2,0
5226362,29,38045.4,Saudi Arabia,1,48,7,2,0
16701139,43,15976.7,Spain,1,264,8,2,0
1007602,46,57567.5,Saudi Arabia,0,242,10,4,0
8122688,34,2660.3,Australia,1,80,7,3,0
14349923,18,1730.0,Canada,1,24,7,3,0
12930948,21,19264.3,Canada,1,128,6,3,0
5922447,44,75528.7,Saudi Arabia,0,119,8,9,0
16157153,39,32446.9,Spain,0,241,8,2,0
7309504,36,95291.0,Canada,1,394,7,2,0
12443949,42,21419.8,Canada,1,40,6,2,0
1814068,28,3654.6,Spain,2,27,6,0,0
15629832,20,25267.3,Canada,1,265,9,4,0
13803249,47,13548.6,Canada,1,71,6,2,0
1878002,45,23902.5,Spain,0,116,6,2,0
1488669,41,1730.0,USA,2,10,6,1,0
2590666,53,1730.0,Australia,1,86,8,2,0
7216237,54,26639.7,Spain,1,166,6,2,0
7475156,28,32490.2,Spain,1,55,7,1,0
16029917,38,21777.8,Canada,1,44,8,1,0
5771979,28,1730.0,Spain,1,52,7,1,0
9074654,62,13571.9,Mexico,0,143,7,2,0
3828338,42,66174.8,Spain,2,251,7,2,0
16461171,37,1730.0,Saudi Arabia,1,62,7,3,0
7253213,28,67474.4,Germany,2,117,7,7,0
1787083,38,96188.9,Spain,2,125,6,2,0
8475160,43,1730.0,Canada,2,25,8,1,0
12244596,52,22120.5,Spain,1,38,7,6,0
1251744,69,1730.0,USA,1,22,7,0,0
78259,51,1730.0,Spain,1,38,6,2,0
15749411,33,1730.0,Canada,2,1,8,3,0
16760560,30,108751.5,Spain,0,394,6,6,0
14311832,28,18032.2,Canada,1,76,8,2,0
8762002,29,55346.1,Spain,1,57,7,1,0
10038925,35,24779.8,Canada,1,166,8,2,0
15005377,48,50342.1,India,2,307,7,5,0
13309259,46,68875.3,Australia,0,202,8,1,0
4650322,34,34797.6,Australia,1,188,8,7,0
1118323,65,61291.5,Saudi Arabia,1,242,7,1,0
3657588,31,29243.6,Germany,0,221,7,3,0
8766350,29,2372.3,Saudi Arabia,1,0,8,2,0
9392541,37,1730.0,Spain,2,51,6,1,0
9795137,40,85684.7,Spain,1,185,8,8,0
13543864,54,78397.5,Canada,2,118,7,3,0
3453705,62,1730.0,USA,1,266,8,2,0
9765069,59,22817.6,Spain,1,64,7,1,0
3362874,49,1730.0,Canada,2,35,8,3,0
442569,53,16662.1,Germany,1,332,7,0,0
14379698,29,91746.6,Spain,1,263,8,2,0
1322027,18,49446.2,Spain,1,176,6,2,0
5556404,20,18271.6,Spain,0,73,8,0,0
6180523,53,1730.0,India,2,46,7,3,0
1907042,45,26314.4,Saudi Arabia,1,176,8,1,0
15454097,53,47032.5,Spain,2,101,8,1,0
5210961,27,1730.0,Canada,1,37,7,2,0
14439676,45,37031.3,Canada,2,101,8,1,0
8224178,23,1730.0,Spain,1,59,6,1,0
7061740,27,10453.6,USA,1,2,7,1,0
7607174,19,1730.0,Spain,2,7,8,2,0
11211275,67,38135.8,Saudi Arabia,1,125,8,1,0
1937251,49,6441.2,Spain,1,91,7,1,0
10390048,35,1730.0,Spain,2,60,7,2,0
4355303,31,37951.5,Spain,1,115,6,1,0
6008394,30,98519.5,India,1,233,6,7,0
15544110,27,7102.0,Saudi Arabia,1,240,7,2,0
9978656,20,63222.1,India,1,107,8,11,0
11414338,32,49737.2,Canada,1,119,7,2,0
8850442,49,62504.0,Spain,1,388,6,3,0
3975057,37,2027.1,Spain,0,46,8,2,0
13149578,51,85185.3,Saudi Arabia,1,362,7,2,0
12087885,45,17021.5,Spain,1,18,7,2,0
3946237,34,56183.3,Germany,2,283,8,1,0
15013445,29,9975.0,USA,2,127,6,0,0
1561554,35,42573.5,Saudi Arabia,2,67,8,7,0
7458470,35,62384.6,Australia,1,125,8,2,0
13229812,39,1730.0,Canada,1,10,8,4,0
14030686,47,63531.6,Canada,1,300,6,2,0
1361156,30,85881.2,USA,1,367,7,4,0
1545406,32,69410.8,Germany,1,118,7,7,0
15134614,48,54062.5,Canada,2,236,6,1,0
12931353,47,29232.1,Spain,2,34,8,1,0
12886687,37,84030.1,Saudi Arabia,1,341,6,3,0
15431585,36,21783.2,Australia,2,248,7,1,0
8770890,36,98421.8,Spain,0,263,6,4,0
9750196,18,1730.0,Spain,1,30,8,2,0
10060674,66,64904.0,Canada,0,419,8,3,0
13802809,50,25264.3,Canada,2,109,7,2,0
7913795,37,46553.4,Spain,1,232,8,3,0
15592839,36,11190.3,Germany,1,64,6,12,0
7624518,35,84247.3,Spain,1,269,7,3,0
14308174,39,72066.1,Canada,1,71,8,4,0
3345976,49,49235.6,Saudi Arabia,1,121,6,1,0
12140264,32,6917.4,Spain,0,68,8,2,0
10685458,37,25378.8,Spain,1,33,8,2,0
43100,38,16161.8,Germany,0,37,8,2,0
10182628,37,76631.8,Spain,1,437,7,2,0
13301750,31,2216.1,Canada,1,34,7,2,0
8668632,35,73995.0,Canada,1,39,6,2,0
1693358,38,1730.0,Australia,1,91,8,2,0
13122056,53,1730.0,Spain,1,42,8,1,0
802227,40,53566.8,Saudi Arabia,1,422,8,4,0
7469657,42,7800.9,Spain,2,53,7,2,0
7092375,47,1730.0,Spain,2,69,8,1,0
5561040,61,1730.0,Canada,1,24,7,1,0
15460060,39,57808.9,Canada,2,84,7,2,0
2224743,20,4702.0,Spain,1,28,7,0,0
15216407,56,5357.8,India,1,96,8,2,0
16002898,34,63429.1,Spain,1,84,8,5,0
3175980,49,36537.3,Spain,1,134,6,2,0
398889,48,1730.0,India,2,0,6,3,0
10989766,49,93080.4,Spain,1,150,7,4,0
14013821,49,1730.0,USA,1,7,8,2,0
11368016,28,79969.4,Canada,1,79,7,2,0
12566316,50,1730.0,Saudi Arabia,1,7,7,0,0
5532265,60,36423.3,Saudi Arabia,0,240,8,1,0
853140,34,1730.0,Canada,2,30,7,4,0
7511681,35,66362.2,Saudi Arabia,2,205,8,1,0
9680485,41,54727.6,Canada,0,248,8,2,0
12972779,41,79724.1,Spain,2,78,8,2,0
729647,65,46941.9,Canada,1,168,8,2,0
11677275,33,87249.0,Canada,2,401,8,6,0
8850416,39,33331.7,Saudi Arabia,2,292,8,3,0
14364691,44,8165.3,Spain,1,244,7,6,0
14471787,39,35450.6,Mexico,0,405,6,4,0
8303397,28,5666.0,Mexico,1,40,8,1,0
13229022,32,83143.7,Australia,0,85,7,4,0
2337624,41,4896.9,Spain,1,7,6,4,0
2788466,36,1730.0,Spain,1,14,6,1,0
13340088,48,1801.5,Canada,1,68,8,4,0
16070027,35,43173.1,Saudi Arabia,1,181,7,3,0
15611635,27,1730.0,Spain,1,21,8,2,0
7315105,49,22016.7,Canada,1,247,7,2,0
1394760,54,34126.3,Germany,1,76,8,4,0
7491314,34,32513.1,Spain,2,38,6,9,0
9598426,21,15977.1,Spain,1,119,8,1,0
5001975,26,1730.0,Canada,2,26,6,1,0
8197362,47,22778.4,Canada,2,145,6,1,0
12926516,21,9315.9,Spain,1,44,6,12,0
13889634,36,98273.9,Canada,1,62,8,10,0
7448203,38,83711.0,Mexico,0,368,6,2,0
13500204,52,65283.5,Australia,2,272,6,6,0
4464075,47,32881.4,Saudi Arabia,1,429,7,4,0
974350,43,24946.5,Canada,2,59,8,2,0
11556233,23,79191.6,Spain,1,75,7,2,0
13663861,41,14503.0,Saudi Arabia,1,72,6,4,0
1086147,39,24657.3,India,1,428,6,12,0
4379229,47,104486.4,Spain,0,397,6,5,0
10316267,36,1730.0,USA,1,26,8,0,0
3820068,71,1730.0,Spain,0,56,7,1,0
10986714,41,38883.7,Spain,1,369,7,9,0
16049767,50,31755.9,Saudi Arabia,1,7,8,2,0
6588208,46,5282.6,Canada,2,47,7,2,0
15349351,60,21704.6,Spain,1,173,7,3,0
9052799,48,56221.2,Spain,1,80,7,3,0
14323687,35,21280.0,Spain,2,18,8,1,0
5961691,32,40452.5,Spain,2,73,6,1,0
8788696,50,68634.8,Spain,1,56,8,5,0
9536698,46,1730.0,Germany,1,54,8,0,0
8106085,18,30365.4,Canada,1,3,7,3,0
1657010,35,92633.5,Spain,2,84,8,2,0
8480569,51,1730.0,Canada,2,12,8,2,0
10948366,72,1730.0,India,1,151,8,2,0
14497793,35,52978.4,India,1,418,7,6,0
8079080,21,1730.0,Canada,1,58,8,3,0
11966678,28,19725.5,Germany,0,78,8,10,0
9845984,39,9207.4,Australia,1,36,8,2,0
5584554,33,15972.8,Spain,2,41,8,1,0
12237031,29,33054.4,India,1,114,8,2,0
14335948,44,60540.3,Spain,2,120,8,9,0
9125540,53,21928.9,Canada,1,96,7,5,0
6471874,35,52416.1,Spain,0,169,8,6,0
946550,36,1730.0,Spain,2,30,8,2,0
2094943,44,6430.5,Canada,1,47,8,2,0
7790651,34,32580.1,Saudi Arabia,2,16,7,1,0
11744554,34,43499.2,USA,1,161,7,1,0
1517118,32,38065.3,Spain,1,158,7,3,0
4163306,61,38030.6,Spain,2,133,7,7,0
14240911,19,54864.1,Saudi Arabia,1,43,8,1,0
3357097,32,95904.9,Germany,0,197,6,5,0
16502409,36,62733.3,Canada,0,319,6,2,0
5244783,42,35688.4,Germany,2,361,8,4,0
14555376,40,16534.2,Spain,2,212,8,3,0
2290294,53,1730.0,Spain,2,22,7,2,0
2564376,37,7213.7,USA,2,87,7,2,0
8176707,27,22639.3,Saudi Arabia,2,47,6,5,0
4638465,46,61936.3,Spain,1,215,7,1,0
351876,30,2695.8,Spain,1,37,8,7,0
1397933,34,6774.9,Canada,1,58,8,2,0
3067982,52,60992.8,Spain,2,87,8,2,0
7045652,51,6775.3,USA,1,63,8,1,0
903548,37,63368.4,USA,1,167,8,4,0
7270116,41,39110.8,Saudi Arabia,1,108,8,2,0
11149207,45,65554.9,Canada,0,225,7,8,0
8263148,50,18601.4,Canada,0,124,8,2,0
10034643,24,6576.1,Canada,1,83,7,1,0
13881670,35,35159.6,Spain,1,74,8,3,0
13765142,43,67530.9,Saudi Arabia,1,393,8,7,0
712423,33,39774.9,Germany,1,201,6,2,0
5574283,43,35263.1,Canada,1,93,8,7,0
16544265,30,45537.8,USA,2,79,8,3,0
10544354,23,12153.1,Canada,0,60,8,2,0
14800277,33,34288.2,Germany,1,30,8,1,0
13309224,52,60353.9,Germany,2,138,6,6,0
14516702,29,22110.4,Spain,2,29,8,2,0
2700639,52,1730.0,Spain,2,56,7,1,0
1144176,50,74999.2,Spain,1,103,7,1,0
2110959,34,45293.7,Spain,0,97,7,1,0
6480805,57,36258.7,Spain,1,227,7,2,0
15749161,36,5084.0,Spain,1,227,7,5,0
2341682,37,46966.0,Mexico,1,186,7,4,0
1124393,52,105270.7,Spain,0,153,7,4,0
341455,25,52111.1,Spain,1,175,6,4,0
16328799,53,57218.0,Saudi Arabia,2,345,8,9,0
694748,40,7925.7,Spain,1,58,7,1,0
9194798,70,27348.1,Saudi Arabia,0,236,8,6,0
8936605,45,57341.2,Germany,0,82,7,2,0
2078307,33,31420.3,Spain,1,71,8,2,0
7252682,45,17878.4,India,1,119,6,2,0
5147871,30,10709.1,India,1,257,8,2,0
14549079,48,1730.0,USA,1,21,6,1,0
8456111,48,15259.8,Canada,2,102,7,2,0
451821,50,1730.0,Australia,2,18,8,2,0
2609625,32,54271.8,Saudi Arabia,2,41,7,2,0
10898970,50,1730.0,India,2,42,7,1,0
5245665,46,36542.9,Spain,2,21,7,1,0
16136942,34,1730.0,Canada,1,52,7,1,0
13540998,33,42597.8,Spain,1,69,8,2,0
12847602,35,12771.1,Germany,1,29,6,1,0
6975352,35,1730.0,Spain,1,59,7,1,0
15028045,28,1730.0,Canada,1,76,7,13,0
1112839,44,1730.0,Saudi Arabia,2,146,7,6,0
15526781,44,5040.0,Canada,2,55,8,6,0
10988794,34,14136.0,India,1,282,7,7,0
3556273,32,12530.1,Spain,1,261,7,8,0
1359036,35,18672.0,Saudi Arabia,1,39,8,3,0
9325151,65,37948.1,Saudi Arabia,2,96,6,3,0
9232671,31,39299.1,Canada,2,207,7,2,0
6554273,25,8804.0,Spain,1,59,8,2,0
9969601,38,68450.4,USA,0,145,6,6,0
4572449,18,8864.6,Mexico,1,36,7,1,0
1864564,26,69697.4,Spain,2,44,8,5,0
4424208,18,8110.4,Canada,2,49,8,1,0
6658194,31,7624.6,Saudi Arabia,1,15,7,2,0
8569925,33,17975.5,Canada,0,152,8,2,0
121061,44,12892.3,Canada,1,212,8,7,0
8963976,36,14964.5,Spain,1,430,6,2,0
3133480,31,28403.0,India,2,18,9,6,0
12053711,29,1730.0,Spain,2,60,7,2,0
14343532,51,24489.3,Spain,0,20,6,4,0
7032015,52,69325.5,USA,0,141,7,1,0
9790481,36,14229.6,Canada,1,34,7,3,0
13806327,42,99755.4,Germany,0,277,7,4,0
9032861,22,89679.5,Australia,0,329,6,4,0
3490237,30,64876.7,Canada,1,434,8,3,0
7820183,21,33664.9,Mexico,1,68,8,1,0
16187920,27,38735.8,Germany,2,73,8,6,0
3234320,52,22578.9,Germany,1,99,6,3,0
12700390,43,55188.8,Spain,2,100,7,4,0
5717387,50,1730.0,Spain,1,4,8,1,0
816089,33,30377.7,Germany,1,51,8,2,0
14046759,50,66515.9,Germany,1,109,6,2,0
6092600,32,16633.8,USA,2,7,7,2,0
9225777,38,29256.5,Australia,1,21,6,2,0
285510,33,1730.0,Spain,1,38,8,2,0
8180514,60,104479.2,Spain,0,347,7,6,0
10375630,58,13197.7,Canada,2,255,6,0,0
6637219,50,35088.7,India,1,311,8,1,0
11712423,55,16498.7,Saudi Arabia,2,337,8,2,0
14296290,41,13270.5,Mexico,1,29,6,2,0
11249311,37,25140.4,Spain,1,191,8,3,0
6280341,46,26301.9,Saudi Arabia,2,115,8,2,0
4561435,49,1730.0,Canada,1,11,7,1,0
7433697,21,73397.6,Saudi Arabia,1,55,8,1,0
4536743,53,32534.0,Canada,1,102,7,8,0
13416291,46,10689.1,Canada,2,102,8,4,0
9077260,67,20943.4,Canada,2,305,7,9,0
9651181,62,44326.0,Australia,1,59,8,3,0
14481054,29,1730.0,Spain,1,68,8,2,0
4115680,32,61036.8,USA,1,198,6,3,0
13715166,32,45734.2,Spain,1,378,8,4,0
2814452,40,64577.1,Spain,0,392,6,3,0
15550217,41,96155.9,Spain,1,67,7,2,0
1992758,28,1730.0,Spain,1,37,8,1,0
14059908,33,35661.4,Spain,2,73,7,1,0
3263116,36,13860.9,Spain,2,82,7,1,0
11146446,31,1730.0,Canada,2,55,7,1,0
13800607,22,1730.0,USA,1,0,8,2,0
1995285,49,48786.5,USA,1,174,7,6,0
8084799,45,1730.0,Canada,1,23,7,3,0
10914536,37,14003.9,Spain,1,101,8,2,0
7604036,50,15438.7,USA,1,44,6,2,0
15555454,39,91013.0,Saudi Arabia,1,437,6,4,0
6655598,45,35554.9,USA,2,196,8,3,0
8378611,39,40309.8,Spain,2,27,7,1,0
2220257,39,27400.1,Germany,0,150,6,1,0
1032819,32,71453.9,Saudi Arabia,1,123,8,3,0
11772631,54,1730.0,Spain,1,60,8,2,0
6574223,46,30314.8,India,2,195,8,2,0
11422171,60,81408.1,Canada,1,401,8,3,0
10423376,29,70193.8,Spain,1,155,6,4,0
1949236,31,12401.7,USA,1,26,8,7,0
14255301,40,3969.6,India,1,27,8,0,0
6602722,35,71701.0,Saudi Arabia,2,273,7,5,0
7772220,19,33819.4,Spain,1,6,8,2,0
10094306,49,61399.2,Canada,1,199,6,4,0
15302216,42,100896.2,Germany,1,172,8,5,0
6419353,18,24380.1,Germany,1,22,6,2,0
4814195,18,1730.0,Spain,1,46,8,1,0
15269263,67,20449.5,Canada,1,45,7,2,0
11524490,50,1886.2,Canada,0,364,8,3,0
2308472,47,78731.4,Spain,1,139,7,2,0
14237715,47,1730.0,Canada,2,68,7,3,0
7219642,36,86135.4,Canada,1,257,8,5,0
662031,18,1730.0,Spain,1,55,8,1,0
10286276,55,112879.9,USA,1,194,6,5,0
3765808,60,7460.1,India,2,281,7,3,0
5886618,70,60829.1,Canada,2,66,7,2,0
7903372,35,1730.0,India,2,45,8,2,0
7878163,36,1871.5,India,2,38,8,2,0
5280009,20,49829.6,USA,1,303,6,6,0
4656291,33,31303.9,Spain,2,109,7,1,0
9769748,59,25051.5,Saudi Arabia,1,72,8,7,0
1979911,38,64982.4,Spain,1,204,6,4,0
4849666,45,65599.9,Canada,1,198,7,4,0
7985445,27,57024.6,Australia,1,167,7,3,0
6963528,40,20833.6,Australia,1,204,7,2,0
16003563,31,24828.7,Spain,1,128,7,1,0
13720290,46,10690.3,Canada,0,138,8,1,0
12032366,39,25488.6,Spain,1,41,7,2,0
14460659,45,86514.4,Saudi Arabia,1,73,8,4,0
5948886,42,1730.0,Germany,1,23,8,4,0
292933,19,16753.2,Saudi Arabia,1,62,7,3,0
10481348,53,46802.4,Spain,1,273,8,12,0
3079641,35,5046.8,India,1,44,8,2,0
12200565,42,47667.9,Canada,1,10,8,3,0
12404257,43,12289.2,India,2,15,7,4,0
2031687,39,11049.6,Spain,1,40,7,2,0
10545482,38,3689.9,Spain,1,70,7,8,0
15117628,28,1730.0,USA,2,6,8,1,0
3198627,54,1964.9,Canada,1,240,7,2,0
1713882,45,84835.7,Germany,0,270,6,6,0
11285829,30,24782.1,India,1,401,7,3,0
9347304,34,1730.0,Spain,1,73,8,3,0
9250374,30,6040.7,Spain,2,71,7,2,0
14510981,38,111881.4,USA,1,183,6,3,0
12054356,63,41220.0,Spain,1,118,8,2,0
12344905,30,82974.9,Canada,1,232,7,2,0
13328609,36,31709.4,Spain,2,32,8,2,0
1985039,43,12516.6,Australia,1,25,7,6,0
16714100,57,17172.8,Spain,1,103,8,2,0
14222206,51,82925.0,Spain,1,367,7,5,0
994097,47,11358.3,Spain,1,117,7,4,0
5698233,34,1730.0,Saudi Arabia,1,213,7,0,0
5697199,54,16000.0,Canada,1,51,8,2,0
4363414,47,94658.9,Canada,1,133,8,6,0
11446673,42,87105.0,Spain,1,198,7,3,0
8310824,26,78118.6,Spain,0,249,7,4,0
1613432,31,30511.5,Spain,1,129,8,2,0
8229881,40,23203.6,Saudi Arabia,1,230,7,8,0
4326334,50,26918.8,Spain,1,160,9,3,0
4508758,35,28042.6,Spain,1,53,7,2,0
8513208,28,58439.8,Spain,2,191,8,3,0
7467790,66,54792.9,Germany,0,139,7,2,0
1820665,54,27634.0,Saudi Arabia,2,60,8,1,0
10740352,36,13967.1,India,2,404,6,7,0
14322855,41,1730.0,Spain,1,214,7,1,0
10025823,51,2848.2,Germany,1,45,6,1,0
7677041,42,14068.2,Germany,1,210,6,12,0
10785021,59,19840.2,Spain,2,27,6,2,0
8947998,20,46614.5,Canada,1,35,6,2,0
16512390,68,71894.7,Canada,1,16,6,4,0
3929323,38,47647.0,Canada,1,33,10,2,0
237337,61,81633.2,Saudi Arabia,0,306,6,5,0
5275776,24,58101.6,Saudi Arabia,0,77,6,5,0
11195474,37,1730.0,Spain,1,8,7,0,0
8455468,38,28638.2,Spain,2,99,8,4,0
11172536,52,31566.9,Saudi Arabia,1,401,6,3,0
14230927,34,1730.0,Spain,2,32,7,2,0
271334,39,59208.7,Saudi Arabia,0,189,8,5,0
10322465,29,13564.3,Spain,2,43,6,3,0
8696052,33,1730.0,India,2,77,7,2,0
14113239,24,39362.0,Spain,1,139,6,4,0
15908069,33,57702.5,Canada,2,98,8,1,0
8477049,31,7690.4,Canada,1,62,7,6,0
359447,38,36276.3,Spain,2,116,7,2,0
358057,35,10313.3,Saudi Arabia,2,48,6,1,0
8221586,18,74651.0,Spain,1,150,7,4,0
2631339,47,32491.8,Canada,1,173,6,3,0
9106849,35,62256.5,Germany,1,164,6,6,0
3315320,33,1730.0,Spain,2,40,7,1,0
948555,55,79711.3,Canada,0,250,8,9,0
1226028,44,40369.9,Canada,2,25,7,1,0
2837068,26,11420.3,Spain,2,57,8,1,0
2632443,29,1730.0,Spain,1,0,8,8,0
12374047,24,38174.3,Spain,1,412,7,1,0
15831598,33,91935.1,India,1,370,8,12,0
11440765,21,105553.0,Spain,1,92,6,4,0
3904461,57,58570.8,Canada,1,52,7,1,0
11206272,38,1730.0,Canada,2,0,7,7,0
11270563,49,67672.8,Canada,2,128,7,2,0
11843204,53,45531.2,Spain,0,123,8,3,0
5742477,43,32991.6,Canada,1,382,7,4,0
5173547,50,1730.0,Canada,2,69,8,1,0
7800383,31,90762.9,Germany,1,225,7,1,0
13266101,52,38660.2,Spain,2,319,8,1,0
12971864,26,23700.7,Spain,2,78,7,0,0
9630788,45,1730.0,Spain,2,36,8,2,0
528023,32,1730.0,Spain,2,214,8,2,0
15703546,36,70649.7,Canada,0,318,7,4,0
12482904,51,97067.2,Spain,0,333,7,4,0
12399431,63,35358.9,Spain,1,62,7,2,0
12071078,38,47487.0,India,0,298,7,11,0
1506328,45,1730.0,Canada,1,5,7,1,0
1281185,43,7950.8,Spain,1,94,8,1,0
5155499,62,23191.6,India,1,57,6,5,0
10751048,38,12617.2,Germany,1,47,6,4,0
3504437,37,6463.3,Spain,1,62,8,1,0
6429414,33,62968.8,Spain,1,229,8,1,0
1226412,34,47241.4,India,2,195,6,4,0
12963688,45,62859.0,Canada,1,60,6,2,0
2486044,35,5444.8,Australia,1,30,7,3,0
7923976,58,1730.0,Spain,1,9,8,2,0
13392905,19,5099.2,Spain,2,41,7,2,0
16347550,57,72772.5,Saudi Arabia,2,325,6,1,0
8668969,36,20532.4,Spain,1,351,7,5,0
2326719,51,11292.5,USA,2,34,8,3,0
7563700,33,6950.5,Australia,2,398,6,9,0
1949207,19,24371.8,Canada,2,53,8,1,0
4001839,52,1730.0,Australia,1,35,8,1,0
4076150,24,68593.9,Australia,2,304,9,4,0
1959034,47,59054.5,Saudi Arabia,1,98,8,1,0
16318197,38,9590.5,Spain,2,91,8,0,0
14812182,40,79863.3,India,1,73,8,3,0
3800622,37,3006.5,Spain,0,85,6,4,0
7551771,26,19200.8,Canada,1,130,7,2,0
14597070,29,5630.3,Germany,2,34,8,1,0
7531547,48,48675.3,Australia,0,163,8,2,0
4356392,35,89341.1,Saudi Arabia,1,173,8,2,0
13244954,23,16437.5,Spain,1,31,7,1,0
13786729,21,35712.8,Spain,1,200,8,2,0
14287860,39,61433.9,Australia,1,334,6,2,0
1282684,26,27019.8,Spain,1,52,8,1,0
621344,31,19924.6,Spain,2,12,8,2,0
2480502,22,48730.6,Saudi Arabia,1,50,7,6,0
3815796,58,13131.4,USA,1,308,8,2,0
2355048,29,102860.1,Germany,1,376,8,3,0
3011828,42,27523.1,India,1,71,9,4,0
6706552,33,1730.0,Spain,1,47,7,0,0
15334014,41,47151.5,Canada,1,405,8,4,0
1832863,31,28062.6,Spain,1,280,7,3,0
122018,62,91517.7,Australia,0,437,8,5,0
7277380,45,17951.3,India,1,54,7,1,0
223001,29,20678.4,Australia,2,135,7,4,0
9325365,47,4516.2,Saudi Arabia,1,406,8,6,0
995056,25,96932.6,Saudi Arabia,1,367,6,6,0
5754836,21,87828.8,Spain,0,398,8,13,0
3835201,19,1794.4,Germany,1,120,7,7,0
10925100,18,89001.9,Australia,1,140,8,5,0
4926683,48,1730.0,Spain,1,47,7,2,0
15402740,39,39655.3,Spain,2,250,8,1,0
13144605,35,28058.1,Saudi Arabia,1,86,8,2,0
13304305,36,10152.4,Spain,2,9,8,2,0
12270248,36,15597.1,Spain,1,14,8,2,0
6165225,35,11384.8,Spain,1,69,7,1,0
14081020,72,12459.9,Canada,0,317,6,8,0
8243929,38,10115.3,Germany,1,78,7,2,0
3741468,36,8580.2,India,1,20,8,5,0
6750937,32,70817.4,Saudi Arabia,1,198,8,3,0
8140750,38,24614.5,Saudi Arabia,1,82,6,4,0
14732152,41,43361.7,Spain,1,155,6,3,0
988959,34,1730.0,Saudi Arabia,1,30,7,0,0
13938451,18,70739.1,USA,0,264,8,5,0
3842779,41,1730.0,Saudi Arabia,2,27,7,0,0
1459767,36,96267.0,Spain,1,166,7,2,0
1455379,42,2430.9,Spain,1,56,7,3,0
13485461,62,1730.0,Spain,2,45,8,0,0
3853323,60,58668.1,Saudi Arabia,0,266,6,4,0
7670704,32,35305.0,Spain,1,254,6,11,0
9073686,29,26117.8,Australia,0,136,8,6,0
13227419,49,1730.0,Spain,1,13,7,0,0
4076994,32,2151.8,USA,2,23,8,0,0
15661781,34,15697.6,Spain,0,21,6,1,0
16263052,35,1730.0,Canada,1,0,8,4,0
522062,42,23778.0,Canada,1,60,7,1,0
15147822,47,59986.5,Spain,1,142,8,2,0
4291497,42,17975.3,Spain,1,46,8,13,0
13890410,36,46435.6,Spain,1,147,8,2,0
5556338,49,88615.9,Canada,1,269,8,2,0
3148013,58,1730.0,USA,1,70,8,1,0
14690388,75,29309.3,Spain,1,80,8,3,0
14250871,26,1730.0,Spain,1,32,6,1,0
3958283,35,51751.6,Canada,1,181,7,2,0
6041987,48,50661.1,Spain,2,65,8,2,0
15379544,33,29235.7,Saudi Arabia,1,11,8,7,0
3191905,37,4121.8,Saudi Arabia,1,26,7,3,0
10291982,66,43315.8,Canada,1,49,8,2,0
271047,37,39274.9,Mexico,0,89,8,2,0
10024902,38,4384.4,Canada,1,2,6,2,0
3978341,40,41799.6,Spain,1,432,7,12,0
8216620,46,36865.3,India,1,53,7,3,0
5823514,41,40158.3,Canada,1,245,6,4,0
5783949,32,41871.1,Canada,1,48,6,1,0
15586321,56,31505.8,Spain,1,88,8,1,0
7348447,56,49977.2,Spain,2,431,6,8,0
15596972,54,72314.0,Canada,3,439,8,5,0
12190129,50,34769.3,USA,1,33,8,2,0
3709107,37,24897.1,Australia,2,366,7,6,0
5248392,30,94486.9,Germany,1,276,8,11,0
937890,62,46521.1,Spain,1,270,8,1,0
11012703,62,53859.3,Canada,2,13,6,5,0
13165645,31,105491.5,Saudi Arabia,0,173,8,2,0
3092709,25,25762.0,Saudi Arabia,2,349,8,1,0
177761,50,12086.6,Spain,2,134,8,3,0
858711,34,25157.2,Saudi Arabia,2,41,8,3,0
14777957,40,24602.9,Spain,2,78,8,3,0
7179458,18,1730.0,Germany,2,102,7,5,0
8904097,48,36513.8,Spain,1,39,8,5,0
8837745,19,11936.9,Spain,2,68,8,2,0
15700936,31,1730.0,Spain,1,49,8,2,0
11710453,39,51950.4,Germany,1,315,6,3,0
1557332,23,1730.0,Spain,1,62,6,7,0
9906602,45,48805.3,Canada,1,86,7,2,0
14766282,52,90692.6,Canada,1,301,8,4,0
2727180,37,42138.1,Canada,0,251,8,2,0
15886104,26,15723.0,USA,1,57,7,2,0
13018399,40,26627.1,Saudi Arabia,1,117,7,2,0
10394025,28,31186.4,Canada,2,51,7,3,0
478145,53,60453.7,Spain,1,66,6,5,0
13187997,57,84151.2,Saudi Arabia,1,320,7,8,0
6244361,18,1730.0,India,2,74,8,7,0
9397312,50,74743.1,USA,1,170,8,7,0
2410287,64,1730.0,India,1,1,7,1,0
15158366,44,29037.9,Canada,2,61,6,3,0
12759568,29,73607.1,Spain,2,154,7,6,0
13111455,54,32325.9,India,1,74,8,7,0
7984142,30,1730.0,Spain,2,51,6,1,0
14998489,46,1730.0,USA,1,107,8,1,0
7556152,56,21239.8,India,1,86,8,1,0
12261206,35,18997.2,Saudi Arabia,2,31,7,2,0
7170247,23,31003.5,Australia,2,125,7,1,0
9436483,55,1730.0,Canada,0,54,8,2,0
12134235,44,25880.5,Canada,2,108,8,2,0
15405150,43,74050.5,Canada,0,137,8,1,0
9918496,33,1730.0,Canada,1,31,7,0,0
15410830,32,1730.0,Spain,1,49,8,0,0
5009758,18,16694.7,India,2,414,8,1,0
6720724,43,19555.7,Canada,1,73,8,2,0
13972996,35,1730.0,India,2,138,8,2,0
2700092,30,38122.9,Canada,0,122,7,4,0
6972274,34,26007.4,Canada,1,128,8,2,0
13938957,38,42393.9,Australia,1,97,8,9,0
15386914,32,27761.8,Saudi Arabia,2,107,7,1,0
610582,48,7392.9,Canada,2,77,7,1,0
10889196,38,33901.1,Australia,2,358,6,6,0
62726,49,6032.6,Spain,1,59,8,1,0
385592,35,1730.0,Spain,1,26,8,3,0
147590,35,23350.5,Spain,0,110,8,2,0
5506154,28,15198.5,Spain,1,57,8,1,0
8332951,35,1730.0,Spain,2,28,6,2,0
13236363,44,1730.0,Canada,1,1,7,2,0
12868483,43,39130.9,Canada,0,181,7,4,0
12577191,44,32364.1,Canada,2,81,7,3,0
8049710,53,59065.9,Spain,0,50,6,1,0
6567706,44,1730.0,Canada,2,86,7,7,0
15852686,34,109094.5,Saudi Arabia,1,185,7,0,0
8845407,61,110358.4,Canada,1,280,8,3,0
9683807,28,75364.0,Saudi Arabia,2,224,6,2,0
10660867,43,1730.0,Canada,2,4,8,2,0
11198915,45,11033.8,Spain,2,0,6,2,0
7020911,33,107508.9,Germany,0,315,6,7,0
6140545,35,28013.3,Spain,1,131,6,3,0
6253154,40,43115.8,Australia,2,420,7,6,0
10683253,30,87485.5,Spain,2,223,8,2,0
14893731,46,2217.3,Spain,2,31,8,2,0
14354330,49,10116.0,Spain,2,79,6,5,0
12019203,18,28961.6,Saudi Arabia,1,70,7,1,0
13088575,37,1996.4,USA,1,8,6,4,0
11632179,32,52250.5,Spain,2,106,6,1,0
2308661,28,99050.0,Germany,2,182,7,4,0
5214086,44,27679.2,Spain,1,42,7,2,0
10392226,38,63741.0,Spain,1,27,7,2,0
14188737,31,8689.4,Spain,1,99,8,4,0
3590912,25,19371.3,Saudi Arabia,1,81,6,2,0
12198846,34,1730.0,Saudi Arabia,2,35,6,4,0
2483684,43,54353.3,India,1,358,7,7,0
16319972,35,37850.1,Canada,1,98,8,13,0
11377682,29,42063.0,Spain,1,273,7,6,0
8221946,32,27403.7,Spain,2,40,8,3,0
15958559,46,1730.0,India,2,261,8,0,0
5905450,36,34404.8,USA,1,27,7,1,0
13496722,38,42637.1,Saudi Arabia,1,76,7,2,0
10851781,27,25228.0,India,2,14,8,1,0
11073262,53,31338.4,Australia,0,215,6,5,0
8671301,39,1730.0,Germany,1,27,6,2,0
15024232,46,30364.5,India,0,39,8,4,0
13753983,48,29806.5,Spain,2,73,8,1,0
8439389,21,96655.2,Saudi Arabia,2,109,7,4,0
3391003,33,95532.5,Canada,1,208,8,3,0
587838,24,87717.3,Saudi Arabia,1,140,6,3,0
15840097,19,1730.0,Spain,1,0,8,0,0
15242356,41,31137.3,Spain,1,68,8,2,0
4258475,30,69976.7,India,0,313,8,4,0
1186280,44,1730.0,Canada,1,29,7,1,0
9464835,20,48729.6,India,1,170,7,2,0
14321716,29,10905.3,Saudi Arabia,1,21,6,1,0
15624693,35,2059.5,USA,2,5,6,7,0
9176404,37,1730.0,Spain,1,16,8,5,0
12104708,65,10375.9,USA,1,49,6,0,0
6536188,68,1730.0,Saudi Arabia,2,85,8,2,0
15923144,54,1730.0,Canada,2,0,8,2,0
922874,43,47186.7,Spain,1,79,8,1,0
12193523,41,1730.0,India,1,63,8,1,0
13240381,30,5767.6,Canada,2,10,8,3,0
11414681,35,42813.9,Canada,0,23,6,3,0
7358827,36,1730.0,Australia,2,122,7,3,0
12714282,19,21881.2,Spain,0,21,7,2,0
7943765,38,1730.0,Canada,1,61,7,4,0
8346814,35,30461.3,Germany,2,104,8,2,0
9270846,31,17600.5,Canada,1,71,7,1,0
14063759,25,77749.5,Spain,1,395,8,9,0
5583000,55,75979.0,Canada,1,231,8,3,0
11492605,31,27975.1,Canada,2,88,6,2,0
16451497,58,18035.2,Spain,1,67,7,0,0
11791757,34,22755.4,Saudi Arabia,1,92,6,6,0
9964519,56,9770.8,Spain,1,7,8,1,0
15390022,54,14983.5,Canada,1,192,6,2,0
13605697,49,23848.2,Spain,2,36,7,2,0
4864896,45,81127.4,Spain,1,404,8,6,0
1932072,27,24999.9,Spain,2,151,7,3,0
3903008,33,39263.6,Spain,2,94,8,3,0
14470787,27,14241.8,India,1,73,8,5,0
6179983,58,98835.6,Spain,0,213,7,2,0
16578260,49,43975.1,Saudi Arabia,0,245,8,5,0
13580522,35,1730.0,Saudi Arabia,2,27,7,3,0
3074445,40,66923.9,Saudi Arabia,0,76,7,10,0
4935440,32,80633.1,Australia,1,61,8,6,0
11852839,39,27066.6,Spain,1,23,6,3,0
9269330,26,7473.2,Germany,2,42,8,1,0
12405824,39,9793.1,Saudi Arabia,2,1,7,2,0
10464779,63,44492.4,Canada,2,72,8,9,0
15539788,43,11707.8,Canada,2,22,7,3,0
8798603,37,17029.4,Spain,2,38,8,3,0
8681349,28,1730.0,Canada,2,38,7,2,0
3469331,32,34878.0,Canada,1,6,6,2,0
2341688,44,21782.4,Canada,2,61,8,6,0
2420318,33,15606.2,Spain,2,66,6,6,0
4803227,28,38682.2,Germany,1,69,6,3,0
15361364,42,1730.0,Spain,1,30,8,1,0
14797358,30,1730.0,Saudi Arabia,1,47,7,0,0
10217925,42,70604.3,Canada,1,294,7,1,0
5968374,71,29435.2,Canada,1,272,7,1,0
13959466,29,7056.9,Canada,2,105,8,1,0
8624731,49,41310.8,Spain,1,263,8,1,0
9689093,34,16823.8,USA,1,174,8,2,0
12826923,30,92974.6,Spain,0,326,7,3,0
2778077,44,11922.6,Canada,2,250,7,1,0
13555168,60,11952.4,USA,1,20,8,2,0
12295645,52,1730.0,Saudi Arabia,1,60,8,4,0
5447584,56,13000.4,Spain,1,49,8,1,0
15995843,32,29126.8,Germany,1,261,8,3,0
2667152,46,58664.4,Spain,1,75,7,2,0
3199739,33,15365.5,India,2,50,7,1,0
15961306,43,65736.7,Saudi Arabia,0,403,6,9,0
642868,32,18211.0,Mexico,2,89,8,2,0
14138544,27,11319.8,USA,1,80,6,10,0
13034724,51,1730.0,Canada,1,76,6,2,0
1946867,38,99061.6,Saudi Arabia,2,244,8,4,0
3156963,18,18638.4,Saudi Arabia,1,83,7,2,0
10757140,31,32953.6,Australia,1,375,7,2,0
4555942,52,51480.1,Canada,0,115,9,4,0
5685069,23,1730.0,Spain,1,0,8,1,0
334130,34,64597.1,USA,1,346,8,3,0
15649905,46,12196.3,Germany,0,97,7,2,0
4949975,32,9988.2,Canada,1,70,7,5,0
2080727,42,45559.8,Spain,1,30,7,2,0
14173413,38,1730.0,Saudi Arabia,2,79,7,2,0
12559302,42,8211.7,Spain,1,55,6,1,0
5792004,30,48604.9,Spain,2,53,7,2,0
8687510,47,1730.0,India,1,52,7,4,0
4206362,41,71835.6,Australia,0,244,8,3,0
13947757,67,82267.8,Germany,2,241,6,2,0
13064372,38,71527.9,India,2,156,6,7,0
14564602,49,1730.0,Spain,2,11,8,0,0
12782860,29,38085.8,Spain,1,61,7,2,0
14112388,43,30877.2,Spain,1,64,6,4,0
1084478,46,20101.6,USA,1,115,7,1,0
2204799,34,72357.5,Saudi Arabia,2,26,6,2,0
5842317,25,62399.0,USA,1,117,7,1,0
10625227,53,42670.6,Saudi Arabia,1,104,7,1,0
14342795,51,1730.0,Canada,1,39,7,3,0
4995020,56,20081.2,Spain,1,37,8,5,0
13756222,47,75944.7,Spain,2,130,6,2,0
14366127,45,46301.6,Spain,1,98,7,0,0
9880381,29,35855.9,Spain,0,38,7,6,0
15303351,31,15760.2,Spain,1,98,8,2,0
15098581,52,54349.8,Saudi Arabia,1,87,8,4,0
12151080,25,1730.0,Spain,2,62,7,1,0
16286928,43,77956.8,USA,0,298,8,6,0
39288,44,53735.8,Saudi Arabia,1,43,7,1,0
14049442,30,1730.0,Saudi Arabia,1,34,8,2,0
2635128,48,66782.6,Australia,1,210,7,2,0
12562156,52,64738.8,USA,0,316,8,3,0
6839426,40,54170.9,Spain,1,387,8,13,0
14218485,26,72938.7,Canada,1,163,7,2,0
2887029,38,21561.4,Canada,1,48,8,3,0
15660265,45,1730.0,Canada,2,40,7,1,0
6320224,35,1730.0,Australia,1,62,6,2,0
5597360,37,2840.0,Spain,1,39,8,2,0
3331959,41,48652.3,USA,1,300,6,1,0
15231736,40,5715.3,Spain,0,148,6,3,0
6092232,29,1730.0,Saudi Arabia,1,22,6,1,0
15787548,27,66549.9,Australia,0,328,8,4,0
4529751,41,1730.0,Canada,1,40,7,2,0
5186655,44,14630.8,Spain,1,380,7,5,0
9369480,46,21613.6,USA,2,132,8,3,0
15778752,42,38874.3,Canada,2,92,7,2,0
9752671,49,1730.0,Canada,1,61,8,1,0
3922582,45,1730.0,Canada,1,42,6,1,0
5200803,23,1730.0,Canada,1,19,9,2,0
11920735,39,53537.8,Spain,1,77,7,7,0
12227132,30,4946.2,Canada,0,93,7,3,0
1167868,49,49901.2,Canada,1,44,7,2,0
15382796,42,1730.0,Spain,1,40,8,1,0
2807852,50,72152.8,Canada,1,373,7,1,0
5892088,44,11782.3,Canada,1,77,6,0,0
14936543,73,27234.2,Canada,2,94,8,6,0
8554032,29,1730.0,Spain,1,3,6,2,0
1080871,35,27161.5,USA,1,41,8,3,0
13312675,46,74134.5,Germany,1,110,8,1,0
9136878,18,34513.5,India,2,70,7,7,0
193392,51,56131.8,Australia,1,297,8,7,0
8943530,45,38289.3,Spain,1,110,8,2,0
11842453,38,1730.0,India,1,79,6,1,0
1042795,37,85036.2,Spain,1,179,6,1,0
14795911,47,89401.8,Spain,1,283,7,7,0
3113347,28,13789.0,Spain,1,37,8,1,0
10048732,22,62843.9,Canada,1,127,8,12,0
14657366,25,1730.0,India,2,68,8,1,0
1061363,67,44749.2,Canada,1,39,8,1,0
2857873,28,1730.0,Spain,2,20,7,2,0
10715027,31,3155.9,Saudi Arabia,1,0,6,3,0
10573052,51,68131.8,Canada,2,78,7,1,0
11013184,31,77614.0,Saudi Arabia,1,254,8,12,0
11109417,68,80751.5,Germany,0,415,6,6,0
9464976,48,1730.0,Canada,2,5,8,1,0
15073278,27,60580.4,Spain,0,230,7,7,0
16410765,39,18842.0,Saudi Arabia,1,405,8,1,0
9041705,23,35335.5,Spain,1,10,7,3,0
5155623,47,82541.8,Spain,1,397,6,4,0
8711805,64,67219.1,Spain,2,150,8,6,0
7757836,18,46794.2,Canada,2,28,6,6,0
13562763,37,1730.0,Germany,2,4,8,1,0
1742569,45,32755.6,Spain,1,70,7,2,0
6078597,39,56959.7,Canada,2,127,8,0,0
4031139,61,104429.3,Germany,2,440,8,4,0
9176409,38,48307.9,Saudi Arabia,1,432,7,4,0
2025916,37,9772.2,Canada,1,69,8,1,0
2316157,36,1730.0,Spain,1,2,7,1,0
3564272,42,17368.8,Canada,1,49,7,1,0
2236401,36,70338.3,Canada,2,50,8,3,0
9993064,50,1730.0,Mexico,1,224,6,2,0
137704,27,1730.0,Spain,2,63,8,5,0
6257049,20,57665.1,India,2,250,7,1,0
4238615,20,1730.0,Saudi Arabia,1,51,8,1,0
6020628,33,31226.6,India,1,63,6,2,0
2822368,28,43386.3,Canada,2,94,7,1,0
13650328,53,53133.6,Spain,1,202,7,1,0
8433681,73,1730.0,Spain,1,31,6,2,0
3980881,54,64761.3,Germany,1,381,8,4,0
6981518,33,48282.6,India,2,81,7,13,0
2643762,36,68105.0,Canada,0,434,6,1,0
10928216,59,48742.2,Canada,1,61,6,5,0
4420739,43,7839.0,USA,1,5,6,0,0
9457217,23,19397.1,Spain,1,152,8,2,0
11312871,34,1730.0,Spain,1,109,7,2,0
8427795,34,1730.0,Canada,1,41,8,1,0
14690515,52,61413.8,Saudi Arabia,0,411,8,4,0
2499570,55,16889.1,Spain,2,269,8,2,0
4834089,24,3145.8,Spain,0,63,7,2,0
2408986,44,1730.0,Spain,1,40,8,4,0
8145176,76,22228.4,Spain,1,45,8,0,0
1237725,39,74452.7,Canada,0,373,8,11,0
10864889,35,1730.0,Canada,1,0,8,2,0
15110067,29,55179.3,Spain,1,208,8,0,0
15000078,60,1730.0,Canada,1,223,7,1,0
9794325,44,19832.5,Canada,2,17,7,13,0
15727545,32,20776.5,USA,1,109,7,4,0
5714225,34,45261.3,Spain,1,272,8,1,0
7635032,49,42644.4,Germany,1,224,6,3,0
11491900,43,1730.0,Spain,1,5,7,2,0
12677432,37,38728.2,Spain,0,60,7,2,0
9786588,40,1730.0,Canada,1,37,7,1,0
15455796,35,49629.8,India,1,238,6,7,0
12852507,61,74513.9,Spain,1,104,6,1,0
10070495,44,38365.7,Canada,1,31,8,1,0
15554900,28,11000.6,Spain,1,41,8,2,0
6295118,33,81859.2,Canada,0,392,8,12,0
15538821,33,42469.6,Canada,1,63,8,2,0
4384912,36,50408.6,Spain,1,102,7,0,0
15734128,31,42161.9,Spain,1,47,6,3,0
13955354,35,1730.0,Spain,1,112,6,13,0
10528418,33,43894.9,Canada,1,51,8,4,0
9111981,40,14762.4,Canada,2,74,8,9,0
6322983,42,17538.9,USA,2,192,7,2,0
1544578,27,50176.1,Spain,1,15,8,2,0
2934732,48,41817.7,Canada,1,75,6,10,0
8969940,41,8169.9,Spain,1,62,8,0,0
7825620,55,48749.3,USA,1,113,7,2,0
4742586,36,19994.6,USA,2,92,8,4,0
3625752,33,4468.7,USA,1,329,6,2,0
14882791,49,22340.6,Australia,1,225,7,4,0
4742426,30,1730.0,USA,1,28,7,0,0
4412909,41,38628.0,Spain,1,358,7,1,0
8863521,25,26477.6,Germany,1,185,7,8,0
15436808,33,17559.5,Spain,2,26,8,0,0
13155755,29,28609.1,Spain,2,51,6,3,0
10620841,46,16963.2,Saudi Arabia,1,113,6,3,0
9532013,62,64076.8,Spain,1,179,6,6,0
5273854,70,1730.0,Spain,1,52,8,0,0
11572516,43,19419.5,Spain,1,64,7,0,0
15250149,29,1730.0,Spain,2,38,7,2,0
8168536,34,35598.2,USA,1,81,8,1,0
11504302,42,10874.8,Canada,2,325,8,2,0
3539245,32,41655.4,Canada,2,90,7,3,0
13467252,46,1730.0,India,2,70,6,5,0
11677876,43,39350.5,Saudi Arabia,0,372,7,3,0
5332350,26,34108.2,Spain,1,338,6,8,0
4051405,32,50647.8,India,0,180,6,1,0
15627004,51,56372.8,Spain,2,84,8,2,0
13924340,47,58353.5,Saudi Arabia,0,97,7,7,0
9739668,32,23250.2,Saudi Arabia,1,86,8,1,0
14012909,30,1730.0,Spain,1,120,6,4,0
14519136,46,72860.8,Spain,1,83,6,0,0
14378867,36,37585.9,Canada,1,79,8,7,0
3043691,30,90718.6,Australia,1,149,8,5,0
14883174,36,36434.7,Canada,1,236,8,3,0
7338257,36,45080.0,Spain,1,209,8,1,0
16143607,27,44854.0,Spain,2,152,8,3,0
11575784,23,1730.0,Canada,1,36,8,4,0
11593198,54,80806.2,Saudi Arabia,1,58,8,2,0
1606724,63,56145.3,Mexico,1,324,8,4,0
13508580,24,1730.0,Spain,1,38,7,0,0
8868713,46,79525.7,Australia,1,220,7,10,0
16475658,40,8765.9,India,1,27,8,3,0
7261098,20,78494.2,Mexico,2,404,8,3,0
1934006,38,17227.7,Australia,2,52,6,4,0
9652504,39,1730.0,Spain,1,37,7,2,0
14564344,56,39415.5,Spain,2,28,7,2,0
14444777,38,11801.8,Canada,1,28,7,5,0
8511999,39,16375.2,Canada,1,29,7,2,0
5141778,46,19482.0,Canada,2,52,8,1,0
12295214,32,65159.3,Australia,0,190,7,9,0
13598632,43,48936.0,Spain,1,71,6,1,0
7710030,46,11675.7,Saudi Arabia,1,186,7,2,0
6704974,59,5892.5,Canada,1,61,8,1,0
14487434,28,17401.9,Saudi Arabia,1,71,6,2,0
14530398,42,1730.0,Canada,1,42,8,1,0
4825743,40,75424.1,Canada,1,143,7,2,0
6193625,35,17504.4,Canada,0,165,7,5,0
12182037,20,44204.8,Spain,2,111,8,2,0
11668974,33,1730.0,Spain,2,37,6,2,0
3208776,35,59617.3,Spain,1,165,6,4,0
1636454,50,37555.6,Australia,1,55,6,2,0
5974740,18,1730.0,Spain,2,6,7,0,0
13063411,22,24802.0,Germany,2,65,7,3,0
10141050,30,1730.0,Saudi Arabia,1,83,8,9,0
4045034,45,22382.3,Australia,2,1,7,2,0
5863095,37,15464.2,USA,2,40,8,0,0
2451501,63,37761.1,Spain,0,201,6,2,0
13175644,32,50951.1,India,2,89,8,2,0
3948409,46,20636.1,Spain,1,43,8,2,0
1900998,31,15694.0,India,2,189,7,3,0
3784068,34,30944.1,Spain,0,227,8,11,0
16230947,60,1967.4,Canada,2,61,7,2,0
14205987,27,25899.8,Australia,1,52,9,2,0
8592043,28,10229.7,Spain,1,13,8,3,0
575807,43,25525.6,Spain,1,32,7,5,0
11271200,35,2299.8,India,2,89,7,12,0
1138094,23,1730.0,Canada,1,20,8,0,0
11741091,47,13140.0,Spain,2,47,8,0,0
8358413,35,14517.3,Saudi Arabia,1,35,6,3,0
12038008,56,57787.5,Saudi Arabia,2,423,7,5,0
8350493,37,6149.8,Spain,2,178,8,2,0
14995262,31,1730.0,Australia,1,51,8,3,0
4849281,50,33778.2,Canada,1,51,7,3,0
16661855,48,1730.0,Spain,1,66,8,0,0
8628796,43,14628.4,Canada,1,137,7,1,0
4840229,51,1730.0,Spain,1,5,7,2,0
7617113,41,25015.7,Spain,2,46,8,2,0
8655433,25,9386.8,Spain,2,110,7,2,0
5287198,35,34061.5,Spain,1,41,6,2,0
10677683,32,74082.8,India,0,414,8,3,0
5607262,46,1730.0,Saudi Arabia,1,51,8,4,0
13660357,34,65965.1,Canada,1,358,7,1,0
15775380,68,7855.7,Spain,2,241,7,2,0
11610576,68,18340.4,Australia,2,126,7,6,0
10273143,44,1730.0,Spain,1,6,7,2,0
10866395,28,8713.3,Spain,2,57,7,1,0
6392867,64,4145.5,Canada,2,82,6,2,0
1281573,34,73136.0,Spain,1,87,7,1,0
7648849,49,2332.6,Canada,1,45,6,3,0
4758959,23,83225.2,Saudi Arabia,1,245,7,0,0
10984305,18,1730.0,Saudi Arabia,1,0,8,2,0
1840446,55,61228.6,USA,2,247,8,4,0
11126698,33,61775.7,Canada,2,427,6,1,0
14982737,35,31385.5,Saudi Arabia,1,177,8,1,0
12879397,35,1730.0,USA,2,40,6,2,0
7969507,60,71936.6,Saudi Arabia,0,98,6,2,0
15345304,24,9792.2,Saudi Arabia,1,277,6,1,0
3814566,40,5455.6,India,2,76,7,2,0
3590734,48,23781.5,Spain,2,81,7,0,0
15556280,33,71099.1,Canada,1,24,8,3,0
5373489,28,27660.8,Spain,2,168,7,3,0
4953884,48,27618.9,Germany,0,49,8,7,0
1782599,31,56105.3,India,1,407,7,5,0
4122028,34,1730.0,Spain,1,35,7,0,0
756211,33,70789.4,Saudi Arabia,0,286,8,3,0
12275625,37,12758.3,USA,1,200,7,1,0
14759480,32,27233.2,Saudi Arabia,2,57,6,5,0
4643176,32,31835.6,Canada,1,90,7,2,0
8729407,48,11847.0,USA,1,24,8,4,0
3627311,47,1730.0,Spain,2,76,6,2,0
10320066,26,94221.0,Spain,0,209,8,11,0
11292898,38,58847.8,Spain,2,48,7,13,0
289026,27,10240.9,Saudi Arabia,1,38,6,1,0
1863117,35,81655.2,Spain,1,62,6,2,0
8287311,35,40041.5,Germany,1,95,7,3,0
14018608,55,1730.0,Canada,2,26,8,2,0
1678099,24,101710.6,Mexico,0,96,6,4,0
9074490,36,7335.9,Spain,2,24,6,2,0
4603142,63,63594.6,Canada,2,383,8,1,0
8965349,44,10962.6,Australia,1,168,8,7,0
12169235,51,2809.3,Spain,0,138,8,3,0
1858884,62,44205.3,Spain,2,370,7,6,0
9569621,19,56010.1,Spain,2,361,6,6,0
3857879,52,3832.3,Germany,2,364,7,3,0
14662507,31,1730.0,Canada,1,78,8,2,0
8281120,39,39111.1,Germany,0,104,8,2,0
15630744,35,1730.0,Saudi Arabia,2,10,6,1,0
3487807,35,68046.6,USA,1,93,8,1,0
9122864,44,1730.0,Spain,1,2,8,0,0
6436995,30,25780.7,Saudi Arabia,1,63,6,6,0
262929,18,1730.0,Spain,1,0,8,1,0
16393102,45,16762.6,Spain,2,113,8,2,0
4855495,75,90738.3,Spain,1,203,8,2,0
473316,57,4850.2,Spain,2,106,7,1,0
8921323,22,63760.4,Canada,3,129,7,2,0
11156460,29,1730.0,Spain,2,34,8,2,0
10024123,46,1730.0,Australia,2,160,8,6,0
9296946,55,84106.1,Canada,3,369,8,7,0
8541721,27,58876.8,Canada,0,59,8,9,0
14451236,43,27165.8,Spain,1,39,8,3,0
9523386,41,1730.0,Spain,2,0,6,0,0
14973612,42,23870.2,Canada,0,63,7,2,0
8911186,35,32000.4,Spain,1,142,6,2,0
3561730,54,22355.6,India,1,91,8,4,0
568907,32,18969.0,Spain,0,329,8,1,0
2418734,30,35629.4,India,1,258,8,1,0
11586218,42,9266.8,Australia,1,42,8,9,0
6602170,27,63559.7,Saudi Arabia,1,76,8,6,0
15096618,31,1730.0,Canada,0,150,7,7,0
3464902,42,12022.4,Canada,1,18,7,2,0
6717984,47,33043.8,India,1,39,6,8,0
11654770,47,48753.8,Spain,2,4,8,5,0
8368332,50,1730.0,Canada,1,39,8,1,0
6426316,40,17523.7,Canada,1,140,6,12,0
7030720,53,62080.5,Spain,1,103,8,2,0
1754146,27,59177.8,Saudi Arabia,2,151,7,7,0
5772298,60,9143.0,India,2,48,8,9,0
15862869,27,53770.5,Spain,1,199,7,6,0
7252856,56,75765.7,Mexico,2,257,7,4,0
14786685,31,81416.0,Saudi Arabia,2,98,7,2,0
9303784,36,55251.4,Australia,1,254,7,3,0
5459634,48,16113.2,Canada,2,47,7,2,0
7984496,24,51050.6,Saudi Arabia,2,105,8,3,0
7887411,34,14395.3,Saudi Arabia,2,16,8,2,0
8334295,50,35843.7,Saudi Arabia,2,413,8,2,0
1860928,26,1730.0,Spain,1,20,8,0,0
2353045,26,3474.3,Saudi Arabia,1,30,8,1,0
5366302,61,1730.0,Spain,0,54,8,1,0
12833528,24,1730.0,Spain,2,71,8,3,0
502578,33,43135.3,Saudi Arabia,1,197,8,3,0
2005584,39,73135.6,Canada,2,182,7,10,0
740838,61,40677.1,Canada,2,388,6,5,0
15607152,21,62923.3,USA,0,140,8,8,0
1642253,27,40929.0,Spain,2,67,8,1,0
96748,40,17048.3,Australia,1,19,8,2,0
6091352,30,48857.7,Spain,1,299,7,3,0
5593890,52,61028.4,Canada,1,311,8,6,0
6219911,37,75000.8,Spain,2,311,8,4,0
1839304,61,8525.9,Spain,1,93,7,2,0
11924141,66,35959.0,Saudi Arabia,2,61,6,3,0
13491389,48,1769.2,Spain,1,52,8,5,0
11014093,61,42977.5,Mexico,0,324,6,5,0
385486,45,46911.7,Spain,1,107,8,1,0
9218624,44,40536.2,Spain,1,405,7,1,0
16104450,37,16951.7,Spain,1,42,6,2,0
8344549,20,68223.1,India,2,26,7,2,0
10638416,21,47267.1,USA,1,204,6,12,0
4181231,37,96347.0,Spain,0,260,8,3,0
7379403,21,86326.1,Spain,3,120,7,7,0
16470179,37,70463.3,Germany,1,91,8,12,0
7952377,25,24156.1,Australia,2,54,8,3,0
16248782,46,36346.4,Saudi Arabia,1,237,6,2,0
4718571,51,84597.2,Spain,0,60,7,2,0
14896019,31,1730.0,USA,1,44,8,1,0
1086540,31,42510.0,Saudi Arabia,2,169,8,1,0
4644296,30,70283.9,Spain,0,52,7,1,0
1516607,18,64757.5,Canada,1,333,8,9,0
16715582,18,6178.9,Saudi Arabia,1,42,8,9,0
2607297,37,60496.6,Spain,1,289,7,4,0
14853103,28,35571.5,Spain,1,267,8,3,0
16380733,47,23259.9,Spain,2,115,8,2,0
10486486,57,19182.9,Saudi Arabia,1,1,7,1,0
7676649,31,5251.4,USA,2,63,6,2,0
15167098,50,10506.8,Australia,2,54,7,0,0
587981,34,26175.1,Saudi Arabia,1,154,7,1,0
10645322,52,1730.0,Canada,1,40,8,2,0
1550160,43,20437.6,Canada,2,63,7,4,0
13750494,33,15351.9,Spain,1,423,8,2,0
14763468,45,2998.9,USA,1,52,7,1,0
10088765,35,60869.5,Canada,0,95,6,3,0
7471449,29,83676.2,Spain,0,392,6,5,0
16644870,54,37002.2,Canada,2,52,8,2,0
10315461,39,14635.6,USA,2,19,6,4,0
15266924,52,26762.8,Germany,0,309,8,6,0
8935662,50,14190.8,Spain,1,138,8,4,0
13176279,50,77965.1,Spain,1,337,7,3,0
5348527,30,78486.9,USA,1,147,6,3,0
16702745,30,51148.0,Canada,1,153,6,3,0
4126820,33,92995.2,Saudi Arabia,0,210,7,8,0
256611,37,17896.5,Canada,2,244,7,5,0
3066620,47,1730.0,Spain,2,73,8,0,0
1808864,47,13167.0,Saudi Arabia,1,35,8,3,0
8315984,48,19989.8,Mexico,1,51,7,3,0
7895838,44,9607.4,Germany,2,192,7,11,0
15244808,26,39680.9,Saudi Arabia,1,248,8,1,0
1213613,38,80996.8,Spain,2,284,8,3,0
9204581,36,10308.0,Spain,1,50,8,1,0
8226956,18,84657.0,Australia,2,45,10,6,0
7944568,38,1730.0,USA,1,44,8,3,0
14899949,62,39925.4,Germany,1,94,8,5,0
16639633,45,11523.0,Germany,1,46,8,3,0
13748702,54,24011.8,USA,1,4,7,2,0
1890651,54,46416.5,Germany,1,80,7,9,0
16545793,32,1730.0,Saudi Arabia,1,1,8,1,0
6683430,55,35331.4,India,1,66,8,7,0
1217007,25,57244.3,Spain,2,293,6,2,0
8051561,64,51484.1,Canada,0,166,7,2,0
7689265,56,3983.9,India,0,251,8,4,0
12922226,24,29896.5,Canada,1,80,7,1,0
941927,49,1730.0,Germany,3,126,8,5,0
15381300,37,1730.0,USA,1,13,6,1,0
2741798,46,15911.9,Spain,1,51,6,6,0
1573728,42,92192.3,Saudi Arabia,1,366,7,10,0
4279430,59,35540.3,Germany,0,244,7,4,0
14421656,35,18526.9,Spain,1,22,8,3,0
7147846,52,40679.4,Saudi Arabia,2,123,6,8,0
6639009,18,43890.5,Saudi Arabia,1,100,8,2,0
13677979,49,42030.4,Australia,1,89,8,8,0
8134588,26,36013.1,Germany,2,44,10,3,0
1920079,40,40997.6,Spain,2,71,7,11,0
8409407,29,6044.1,Spain,2,54,6,1,0
14268291,29,9496.5,Spain,0,55,8,2,0
5918388,55,79242.4,Canada,0,344,8,2,0
5441991,39,1730.0,Spain,2,72,8,0,0
7111175,39,72291.2,Canada,3,156,7,6,0
4716917,36,72871.6,Canada,0,436,8,3,0
7026020,28,1730.0,Spain,1,55,7,2,0
10881316,34,66847.8,Spain,0,357,7,3,0
9234564,50,1730.0,India,1,44,8,6,0
7666314,41,17994.1,Spain,2,46,8,2,0
14389834,47,102033.6,Germany,0,232,7,4,0
6845385,59,56132.2,Canada,2,417,8,2,0
10435410,38,74796.0,Spain,1,320,6,6,0
5797921,18,41521.1,Saudi Arabia,1,52,8,7,0
11391348,37,1730.0,Canada,1,174,7,3,0
16149885,28,84113.3,Saudi Arabia,1,51,8,2,0
1258299,35,18965.6,Canada,1,75,8,5,0
1660745,30,74342.2,USA,0,376,8,6,0
10543428,19,61640.6,Saudi Arabia,1,66,7,3,0
1273372,45,10148.3,Germany,2,36,6,2,0
15606734,46,13345.3,Australia,2,262,7,2,0
14362531,57,62933.8,Spain,1,427,7,3,0
1168558,44,14016.3,Canada,2,114,8,12,0
12401416,35,20281.9,USA,2,206,6,1,0
6625274,43,1730.0,Australia,2,37,7,1,0
7782421,38,69348.4,Canada,1,422,8,5,0
12502037,31,33092.5,Australia,2,141,6,3,0
140052,69,4135.0,USA,1,73,8,4,0
9229357,42,31419.8,Australia,0,421,6,2,0
9277633,33,1730.0,India,1,35,8,1,0
10827423,33,21618.4,Spain,1,71,7,1,0
9584795,44,42323.5,Germany,1,74,8,11,0
4039367,63,1730.0,Australia,1,93,8,2,0
4565029,50,1730.0,Mexico,2,45,6,2,0
9501565,44,1730.0,Saudi Arabia,0,57,7,2,0
14054749,40,30617.4,Saudi Arabia,2,63,6,4,0
10714518,28,1730.0,Spain,1,83,6,2,0
6905338,40,1730.0,Spain,1,31,6,3,0
1439452,51,1730.0,Saudi Arabia,1,28,8,1,0
11296802,28,52769.2,Spain,1,273,6,3,0
14424507,18,59103.7,India,2,32,6,8,0
4535358,69,10389.5,Spain,1,32,6,1,0
5341357,36,7769.0,Spain,1,103,7,1,0
9730645,66,52196.5,Canada,0,383,7,4,0
12725312,35,1730.0,Spain,2,81,7,1,0
2438134,53,1730.0,Australia,1,0,7,4,0
15618154,53,12579.6,Saudi Arabia,2,47,7,5,0
9841911,38,97646.4,Saudi Arabia,1,207,7,2,0
16039188,37,56640.7,USA,0,341,6,3,0
1047902,29,1730.0,Canada,2,4,6,2,0
3393698,36,1730.0,Spain,2,18,8,2,0
3578464,41,10640.9,Spain,1,112,7,1,0
11689668,59,78095.5,Saudi Arabia,2,45,8,3,0
5932890,27,16768.4,Canada,1,4,6,4,0
9082171,40,1730.0,India,2,19,8,1,0
3925821,31,19964.4,Australia,2,62,7,2,0
7439899,52,1730.0,Saudi Arabia,1,65,8,2,0
11867147,30,1730.0,India,1,38,8,3,0
11667096,33,37059.9,Spain,1,59,8,1,0
5685192,44,27210.5,Spain,2,357,7,8,0
5183347,52,27718.4,Saudi Arabia,3,24,8,6,0
14631664,48,24105.7,Spain,1,27,8,12,0
16123325,18,1730.0,Spain,1,8,7,1,0
780070,23,1730.0,Saudi Arabia,1,29,8,2,0
16492827,28,24462.1,Saudi Arabia,1,11,8,1,0
15185096,33,1730.0,Canada,2,30,8,1,0
10614555,51,7472.1,Canada,2,200,9,4,0
1016122,43,2787.3,Spain,1,134,8,3,0
3324144,47,91293.9,Spain,0,199,8,4,0
4860039,39,35308.1,USA,1,21,6,0,0
16120127,32,36999.5,Australia,2,76,8,6,0
10397947,46,45489.1,Spain,1,241,8,1,0
7033918,47,7930.5,Spain,2,108,7,7,0
423107,33,39760.8,Saudi Arabia,1,308,8,3,0
2277176,49,14760.1,Spain,1,74,7,3,0
8829977,35,23424.9,Germany,1,352,7,9,0
15017767,35,80293.0,Canada,1,323,6,6,0
5554098,47,49289.1,India,2,114,7,9,0
11626529,38,13276.8,Spain,2,196,7,1,0
13437832,41,18730.2,USA,3,235,7,1,0
13742893,51,32083.2,Saudi Arabia,1,341,7,4,0
4382804,35,1730.0,Saudi Arabia,1,50,7,1,0
2359412,40,7187.1,Spain,1,34,6,1,0
11090059,29,83874.0,Saudi Arabia,1,29,6,3,0
8382624,21,16461.0,Australia,2,107,8,2,0
1889474,30,1730.0,Spain,1,7,6,2,0
7205186,41,1730.0,Spain,1,12,8,2,0
13261734,55,17985.4,Australia,1,79,8,2,0
3791483,42,4634.8,India,1,58,7,4,0
15052081,33,1730.0,Canada,1,49,8,2,0
14289020,30,36356.0,Canada,1,68,8,4,0
16366623,27,21684.5,Saudi Arabia,2,64,8,3,0
6103785,36,35190.2,Spain,1,16,7,5,0
4995025,28,81491.1,Spain,0,294,7,4,0
8816323,41,28107.5,Saudi Arabia,2,188,6,3,0
4532535,31,1730.0,Spain,1,36,7,4,0
10664688,35,41252.8,USA,1,74,7,1,0
12669813,24,7593.0,India,1,50,7,2,0
14659767,38,1730.0,Australia,2,58,8,3,0
5466073,42,3390.4,Australia,2,60,8,1,0
571119,21,1730.0,Germany,1,78,8,4,0
15493269,48,1730.0,India,1,344,7,1,0
7805666,36,52134.1,USA,1,61,8,4,0
3718590,56,65574.2,USA,1,134,7,12,0
2949082,27,20317.2,Saudi Arabia,2,68,7,2,0
13118298,55,1730.0,Spain,1,277,7,2,0
15219292,41,66916.1,Canada,1,376,9,13,0
8825218,29,61806.1,Spain,2,379,7,2,0
13172056,51,9494.3,Australia,1,110,8,6,0
7691152,41,1730.0,Saudi Arabia,2,43,8,2,0
3664079,36,51328.5,Canada,2,293,8,6,0
4843625,33,36518.8,Germany,2,60,7,3,0
14032202,35,45399.4,Canada,2,423,6,3,0
14314341,43,4755.4,Canada,2,54,8,1,0
4949769,37,19654.0,Canada,1,49,6,2,0
5208625,41,63910.2,Canada,1,107,7,3,0
1763100,52,59956.6,India,0,247,8,3,0
1275149,34,1730.0,Canada,1,45,6,2,0
14504256,53,30877.4,Canada,1,30,8,1,0
5304694,67,2922.1,USA,2,127,8,2,0
10030585,23,1730.0,Spain,1,46,7,1,0
4995678,51,1730.0,Canada,1,16,6,2,0
7276077,56,46903.5,India,0,412,7,3,0
13093352,41,45184.4,Spain,2,51,8,1,0
14691721,19,53701.6,Spain,2,110,7,4,0
7356693,66,1730.0,Canada,1,61,7,3,0
10267414,56,1730.0,Saudi Arabia,1,22,7,0,0
791233,52,1730.0,Mexico,0,34,8,3,0
11838806,26,1730.0,India,1,10,8,2,0
6877653,37,25510.6,Spain,1,43,8,1,0
7484764,22,16393.5,Canada,1,117,8,3,0
6900049,33,19715.3,India,0,71,7,1,0
474981,59,30795.3,Germany,2,98,8,3,0
14777434,49,18908.3,Spain,1,403,6,9,0
16239765,23,82317.4,Saudi Arabia,1,183,6,2,0
16512878,42,44538.3,Germany,1,91,8,2,0
14257132,34,1730.0,Spain,2,27,8,3,0
8837195,42,61600.2,Saudi Arabia,1,360,6,3,0
13420376,33,88683.4,Canada,1,293,8,3,0
15151968,33,52318.8,Canada,2,224,8,6,0
8032385,51,35700.8,Spain,1,67,6,2,0
10586595,41,22095.8,Spain,0,34,8,6,0
14114487,46,27133.7,Canada,0,119,7,3,0
3493206,57,1730.0,Canada,2,4,7,0,0
476408,27,14330.9,Australia,1,253,7,4,0
13090223,26,60640.3,India,0,127,7,6,0
15243587,38,25422.7,India,1,59,8,2,0
10614783,46,81636.1,Germany,1,121,6,2,0
899058,46,39665.3,USA,0,62,8,7,0
2740078,48,1730.0,Germany,1,59,6,1,0
13172968,19,11940.6,Canada,2,2,6,0,0
6135859,68,64041.3,India,1,156,7,4,0
4944162,44,35715.3,Spain,1,48,8,0,0
987918,26,20668.3,Canada,1,58,7,3,0
5588437,30,1730.0,Saudi Arabia,1,12,8,3,0
3747594,46,38072.3,Australia,1,39,6,3,0
12883647,42,33182.4,Saudi Arabia,2,416,6,2,0
7121573,35,18580.4,Spain,2,107,8,5,0
1757263,47,60923.5,Australia,2,291,7,9,0
188863,56,26762.8,Australia,0,407,7,5,0
15311651,57,45752.4,USA,1,167,7,8,0
16633265,51,18017.8,Spain,1,46,8,2,0
12964341,36,109404.8,USA,0,306,6,2,0
7404553,42,48857.5,Spain,2,81,8,3,0
6596430,36,23859.8,Spain,1,94,8,3,0
15656958,18,53406.3,Spain,1,275,7,6,0
3396234,42,9179.1,Canada,1,138,6,2,0
5149720,46,56789.1,Canada,1,146,8,6,0
6258341,27,77986.8,Spain,2,36,8,6,0
1341236,45,1730.0,Saudi Arabia,1,240,8,1,0
10275053,57,43251.8,Spain,1,95,7,2,0
8109661,34,1730.0,Canada,1,115,8,2,0
6131827,46,25455.3,Spain,1,153,7,4,0
1080451,33,10312.6,Saudi Arabia,1,56,7,1,0
5653482,52,28041.9,Saudi Arabia,1,402,8,2,0
13413535,46,49304.1,Spain,0,416,8,6,0
9454333,21,32095.6,Canada,2,64,8,2,0
7982090,30,42429.4,Spain,2,360,6,7,0
4006590,45,30860.5,Spain,1,132,6,4,0
11101709,33,1730.0,Canada,1,46,8,2,0
9261071,26,1730.0,USA,1,13,6,1,0
242169,33,15012.6,Spain,2,76,7,4,0
11317953,24,1730.0,Spain,2,84,8,3,0
15600188,42,56798.4,Saudi Arabia,3,352,6,4,0
11469244,37,1730.0,Canada,2,56,7,2,0
534466,28,25674.5,India,1,35,8,2,0
15888865,60,17139.1,USA,2,278,8,4,0
7772186,55,76718.4,Spain,1,179,8,2,0
2335014,66,22213.9,Spain,2,264,7,2,0
8354318,28,49989.8,Saudi Arabia,1,270,9,5,0
1786654,48,1730.0,Canada,2,72,8,1,0
12885079,39,30517.4,India,1,109,7,2,0
11216425,28,30956.9,Canada,1,157,6,3,0
8469216,57,1730.0,USA,2,2,8,2,0
7744216,40,1730.0,India,1,236,7,2,0
9046029,29,39264.3,Saudi Arabia,2,58,8,1,0
1147417,46,46041.5,Australia,0,91,8,1,0
3015685,31,59074.6,Canada,1,111,6,12,0
14077526,34,25634.9,Spain,1,24,7,2,0
11483400,50,1730.0,India,2,32,8,3,0
7570700,26,26660.4,Saudi Arabia,1,94,7,2,0
7971159,31,61287.5,Spain,0,345,6,3,0
14704224,61,39537.3,India,0,164,7,8,0
12047355,33,51577.5,Canada,1,368,7,3,0
14402761,51,12130.7,Canada,2,160,8,1,0
8706766,36,1730.0,Canada,2,37,6,4,0
12727245,37,50773.0,Australia,1,333,8,2,0
5391292,47,23551.1,Canada,1,49,8,6,0
13379464,30,1730.0,Canada,1,22,7,1,0
10970417,56,64087.4,Spain,2,204,7,2,0
13153805,19,57449.0,Spain,0,174,6,3,0
1788274,28,66363.3,Saudi Arabia,2,376,7,3,0
12091513,56,55642.6,Saudi Arabia,0,324,10,3,0
7698125,36,59548.3,Saudi Arabia,0,122,7,3,0
6318717,32,4324.1,Spain,0,197,7,6,0
13411148,48,6293.7,USA,1,50,7,2,0
12708178,38,8892.9,Spain,2,96,7,3,0
8339022,40,3464.6,USA,1,28,7,2,0
14157987,60,72092.9,Canada,2,140,8,4,0
883968,30,16846.3,Spain,2,90,7,3,0
2188600,67,44005.3,Canada,0,194,8,5,0
14911762,47,1730.0,Canada,1,122,8,3,0
10528137,38,75819.5,Australia,2,226,6,2,0
14921799,50,55378.3,Spain,2,74,8,11,0
13166665,33,65465.4,Canada,1,88,8,2,0
11423160,30,1730.0,Spain,1,26,8,1,0
10333543,51,11885.6,Spain,1,72,7,1,0
16730382,24,1730.0,USA,1,34,7,1,0
5204202,32,67300.1,Australia,0,218,6,4,0
16003103,44,70995.5,Saudi Arabia,0,45,7,4,0
6600222,31,64634.3,Spain,0,24,8,1,0
13136170,18,1730.0,Spain,2,51,8,2,0
12475212,47,5071.6,Australia,2,115,7,2,0
303761,27,27726.8,Germany,1,14,7,7,0
6273630,37,29795.1,Spain,1,314,8,6,0
4768253,52,8610.7,Canada,1,47,7,3,0
4424033,41,1730.0,Canada,1,46,8,2,0
13438409,43,32718.5,Canada,1,67,7,4,0
10770629,31,51954.7,Spain,1,181,8,2,0
15888073,18,29002.5,Australia,1,112,8,2,0
12889463,35,17752.0,Canada,1,67,8,6,0
11895182,36,89059.9,Germany,1,195,6,5,0
2636496,48,39194.4,Canada,1,57,8,2,0
14596851,18,45977.5,Spain,2,40,8,1,0
16304198,36,11725.1,Spain,2,24,7,2,0
3999748,27,1730.0,Saudi Arabia,1,84,6,1,0
9373722,52,78477.0,Saudi Arabia,1,237,7,7,0
11996417,64,1730.0,Australia,1,38,8,5,0
14673803,30,91011.4,Spain,0,64,8,4,0
8733169,36,1730.0,Canada,1,40,8,0,0
500107,49,20436.7,Australia,1,236,7,2,0
7400340,43,13361.7,Australia,2,72,6,3,0
592003,18,42397.3,Spain,0,249,7,6,0
5429135,21,21349.8,Saudi Arabia,2,20,7,2,0
578115,66,23616.8,Spain,1,178,8,8,0
2010121,35,28997.2,Canada,2,136,8,10,0
12889740,47,68912.4,Spain,0,306,7,12,0
2268231,36,1730.0,Spain,2,72,8,2,0
13058430,51,64599.6,Saudi Arabia,1,101,6,8,0
2847384,20,65051.4,Spain,2,83,6,3,0
7881020,33,29647.5,Australia,2,64,8,2,0
14671829,34,19349.3,Spain,1,64,8,1,0
12964200,43,20328.6,Germany,0,186,6,5,0
12096047,34,81147.4,Germany,1,246,8,1,0
14265416,34,1730.0,Canada,1,60,8,1,0
7532420,36,1730.0,India,2,0,8,1,0
2494996,18,34586.7,India,2,17,7,2,0
1231741,48,76760.9,USA,1,256,7,3,0
1239604,42,59586.5,Germany,2,248,8,2,0
6890802,25,1730.0,Saudi Arabia,2,40,7,1,0
11999732,38,1747.9,Spain,1,77,7,3,0
12837068,42,43729.1,Canada,2,440,7,5,0
3352432,18,29349.1,India,1,51,8,2,0
7768883,35,63471.5,Spain,1,115,6,8,0
1589529,42,74613.1,India,1,417,6,5,0
11429232,34,4898.7,Spain,1,77,7,1,0
2685477,59,47614.7,Saudi Arabia,2,33,6,7,0
145988,29,37139.0,Spain,1,76,8,3,0
9809751,27,4985.2,India,2,61,8,2,0
16613817,59,78126.9,Spain,2,315,6,9,0
11361900,41,91469.9,Spain,2,172,7,7,0
13875520,53,35594.1,Spain,1,64,6,0,0
13259533,59,23981.0,India,2,192,7,2,0
5302592,29,9334.7,Spain,2,40,7,10,0
4942619,35,50098.8,Spain,2,336,8,2,0
12171996,18,38063.8,Germany,1,74,7,5,0
11234373,30,80010.5,Spain,1,397,7,2,0
5443166,59,44899.2,Canada,1,60,7,4,0
8800774,51,46608.2,Canada,1,338,7,7,0
12127741,58,42394.2,USA,2,146,7,6,0
6579403,48,22054.2,Saudi Arabia,0,80,8,2,0
4341925,25,63178.1,India,1,291,6,2,0
4777057,47,82646.2,Germany,1,314,8,6,0
15124723,43,1730.0,India,1,49,7,2,0
8429778,33,7893.3,Spain,2,100,8,3,0
280269,42,36130.1,Spain,1,408,6,2,0
14279899,63,21715.8,Spain,1,79,8,6,0
3597198,33,102520.3,Canada,1,148,8,3,0
5340291,54,1730.0,India,2,71,7,7,0
2327496,38,19061.6,Spain,1,39,7,7,0
13041834,32,54859.5,Australia,2,105,8,3,0
6677018,35,42199.3,Spain,1,59,8,2,0
11899633,49,1730.0,Saudi Arabia,1,47,7,1,0
15988497,38,1730.0,USA,1,7,7,1,0
681701,29,1730.0,Spain,2,19,7,1,0
2637348,41,39724.8,Saudi Arabia,1,279,8,5,0
4079353,24,60748.4,Germany,1,85,7,2,0
9948674,46,18394.2,Spain,1,203,8,6,0
2305059,34,40026.5,Spain,2,72,8,4,0
10436193,25,23074.3,Mexico,0,0,7,2,0
8713282,57,16023.1,Canada,1,364,6,4,0
16107712,30,14222.9,Spain,1,42,8,0,0
5879610,27,51517.7,Spain,1,63,8,1,0
10067175,30,1730.0,USA,1,80,8,1,0
8173336,36,3763.5,Spain,1,26,8,2,0
3606944,29,68445.5,Saudi Arabia,2,109,8,3,0
9840345,40,17317.2,Spain,2,347,7,6,0
15369777,24,16686.4,Saudi Arabia,1,37,8,2,0
12061658,42,30318.6,Spain,1,0,8,1,0
5132639,41,3467.1,Canada,1,133,8,1,0
7781766,30,1730.0,Canada,1,24,8,2,0
10887180,35,7999.6,Saudi Arabia,2,29,8,3,0
1084456,37,92225.0,India,0,413,7,12,0
4513799,42,24112.9,Spain,1,30,7,4,0
5952182,40,5018.4,Germany,2,52,7,3,0
855195,45,4822.2,Spain,1,0,8,3,0
4797720,55,82465.6,Australia,1,236,6,5,0
3595451,55,56793.5,Australia,2,282,8,4,0
9535270,62,66096.7,Australia,1,384,7,6,0
14936223,66,22410.9,Spain,1,295,10,2,0
13412259,31,7322.5,Saudi Arabia,2,66,6,1,0
16171080,48,27775.8,USA,0,286,7,2,0
1680675,50,82227.1,USA,0,244,8,6,0
6587951,40,44711.9,India,2,145,6,3,0
3272200,39,51983.2,Canada,1,96,7,0,0
15705614,49,1730.0,Canada,1,38,7,0,0
4934625,41,16276.7,Spain,1,207,7,1,0
5000417,33,36005.4,Spain,1,304,7,2,0
13537905,45,1730.0,Spain,1,18,8,1,0
104928,29,1730.0,Spain,2,55,7,1,0
6143868,62,71051.0,Spain,1,223,8,5,0
1011894,33,27694.0,Canada,1,5,7,1,0
12279375,40,40933.0,Canada,1,199,6,4,0
6950258,28,1730.0,Spain,1,78,6,1,0
6965181,55,23296.8,Canada,1,89,8,3,0
16136965,24,29022.4,Canada,2,273,8,3,0
11487320,18,33983.2,Canada,0,414,7,5,0
10608606,18,53997.7,Spain,1,250,7,9,0
7175255,53,91725.2,Canada,1,360,7,6,0
10194555,52,43066.0,USA,2,420,6,2,0
5666598,43,9110.8,India,0,88,7,10,0
8948657,48,1730.0,Canada,1,48,6,3,0
6561670,57,15205.1,India,2,35,8,2,0
16672202,60,48667.8,Spain,1,114,7,2,0
248650,37,7209.4,Spain,1,69,6,2,0
15940320,60,4464.4,Saudi Arabia,0,112,6,1,0
14785180,35,54647.5,Spain,1,212,8,3,0
16424050,47,37241.4,Spain,1,156,8,3,0
4745125,18,30709.0,India,2,44,7,7,0
7624745,37,1730.0,Canada,1,0,8,2,0
10228666,29,53183.7,Canada,2,57,8,6,0
11479965,29,1730.0,Spain,1,60,7,2,0
12686013,40,13425.3,Spain,1,59,8,2,0
13417472,30,13936.7,Saudi Arabia,2,49,8,1,0
10469587,49,18770.2,Canada,1,81,8,3,0
12344566,43,17579.9,Spain,1,92,6,4,0
10460862,39,28276.2,Spain,1,97,7,1,0
12019008,18,1730.0,Spain,1,0,7,1,0
6686012,38,1730.0,Spain,2,28,8,1,0
3521340,42,1730.0,Australia,1,46,7,1,0
6975122,27,24978.4,Saudi Arabia,1,61,6,1,0
9712025,34,29104.9,USA,2,87,7,1,0
2455737,31,90670.7,Saudi Arabia,1,43,6,4,0
12101453,45,25743.8,Germany,1,45,8,4,0
14953452,29,74051.6,Canada,1,376,8,2,0
5194824,41,51958.3,Spain,2,132,7,3,0
11751727,18,36659.4,Australia,1,126,8,3,0
11985489,41,1730.0,Canada,1,19,8,1,0
13291384,36,36304.9,Germany,0,361,7,4,0
14807799,30,1730.0,Spain,1,34,7,0,0
9853264,43,31272.9,USA,1,112,8,2,0
15201798,47,18889.8,Mexico,0,115,8,3,0
10683122,45,4448.0,Saudi Arabia,1,72,7,3,0
5625350,60,1730.0,Australia,2,52,7,2,0
10989112,41,12583.4,Spain,1,62,8,1,0
6066331,28,28965.2,Germany,2,374,7,3,0
2133814,36,1730.0,Spain,2,81,6,1,0
2244197,60,40657.3,Saudi Arabia,1,101,7,2,0
9648211,29,1730.0,Spain,1,41,7,3,0
16584382,39,22327.0,Canada,1,95,6,3,0
5118896,58,9622.5,Spain,1,52,7,1,0
6458141,59,36736.5,Spain,2,252,6,8,0
15533004,33,1730.0,Australia,1,26,8,4,0
13789478,30,16943.2,Spain,1,53,8,2,0
13847049,43,67895.3,India,1,4,8,0,0
13456958,25,8936.6,Canada,1,20,6,1,0
6853399,30,55299.8,Spain,0,35,7,2,0
14847305,65,66117.1,Spain,1,44,7,2,0
2363158,31,20394.6,Saudi Arabia,0,376,7,4,0
8196699,31,12550.6,Spain,1,57,8,1,0
1289620,32,74465.4,Canada,0,310,6,6,0
7504924,36,52987.1,Spain,1,95,7,2,0
13256440,29,14721.6,Canada,0,90,7,2,0
9543506,35,80426.3,India,1,87,7,1,0
9152584,29,4473.2,Canada,1,67,6,2,0
8751614,30,1730.0,Saudi Arabia,1,34,7,1,0
11838392,28,69267.3,Australia,1,294,8,1,0
10866356,46,1730.0,Spain,2,60,7,1,0
4642922,42,25171.6,Saudi Arabia,1,52,8,1,0
5686150,64,49279.8,Spain,1,20,7,3,0
5267181,33,26351.2,Spain,1,39,8,6,0
1236015,41,23510.3,Canada,1,228,7,0,0
7077820,33,1730.0,Canada,1,0,8,3,0
4497822,29,96983.7,Australia,1,149,7,4,0
766001,48,39125.8,Spain,1,97,7,5,0
1974069,39,63265.8,Australia,0,91,7,6,0
3824750,35,10571.3,Canada,1,72,7,4,0
4330552,63,56989.7,Spain,1,166,7,2,0
7728803,22,15869.9,Canada,1,38,7,2,0
2653717,31,8176.1,Spain,2,81,8,4,0
10786618,37,85435.6,Canada,2,427,7,4,0
16303816,42,7383.6,Canada,2,45,6,0,0
2273863,31,9381.7,Saudi Arabia,1,6,8,2,0
13816953,36,30759.3,Germany,1,53,8,9,0
1274293,57,15684.3,Spain,2,34,8,2,0
12955586,46,1730.0,Canada,1,0,8,3,0
7285098,18,1730.0,Spain,2,27,7,2,0
11081267,42,1730.0,Canada,1,45,8,0,0
3714100,31,56547.6,Saudi Arabia,1,127,7,6,0
4042425,36,63771.1,USA,2,226,8,3,0
2763291,31,44058.0,Saudi Arabia,0,218,8,13,0
14695587,51,58236.4,India,2,112,6,2,0
16624701,38,23684.9,Canada,0,34,8,2,0
14732048,34,73770.4,USA,1,138,8,9,0
13703436,77,56642.6,USA,0,168,6,14,0
7602754,44,33053.4,Spain,1,225,6,12,0
6567400,40,10260.1,Spain,1,0,8,4,0
6593107,38,63366.3,Canada,2,11,8,4,0
14322145,45,51907.8,Spain,2,157,8,4,0
12828890,26,1730.0,Spain,1,51,8,2,0
421377,19,104162.9,Spain,0,279,8,8,0
11386460,46,36721.4,USA,2,431,6,3,0
9371661,18,44431.2,Canada,2,91,8,1,0
14707703,18,1730.0,Spain,2,16,6,3,0
1771547,60,112804.0,Australia,0,384,8,5,0
10889549,19,29767.5,Australia,2,10,8,2,0
11883712,35,59077.5,Canada,1,259,6,0,0
995615,36,1730.0,Canada,1,44,8,2,0
6060295,37,38769.4,India,0,54,7,4,0
2926412,36,81374.6,Saudi Arabia,2,342,7,2,0
16069801,63,18962.9,Saudi Arabia,2,145,6,3,0
6314785,28,25452.7,Spain,1,68,6,1,0
12653606,31,1730.0,Spain,2,39,6,2,0
5586782,65,37228.0,Canada,0,207,6,3,0
5108444,42,1730.0,Spain,1,34,8,2,0
659904,33,14673.6,Spain,1,36,7,3,0
734871,39,1730.0,Canada,1,57,7,6,0
15815846,32,1730.0,Spain,1,50,6,1,0
3072488,32,1730.0,Spain,1,59,7,0,0
4470115,41,53645.9,USA,1,249,9,5,0
4802017,20,1730.0,Canada,2,0,8,1,0
270590,44,1790.1,Spain,1,78,7,1,0
972318,42,33129.6,Spain,0,91,7,2,0
1923247,36,9750.4,Canada,2,51,8,2,0
988792,44,20456.8,Canada,2,78,8,1,0
5379564,36,46777.2,Saudi Arabia,0,297,7,2,0
10722811,31,90465.9,Saudi Arabia,0,10,7,6,0
14022499,36,1730.0,Canada,2,10,7,3,0
15009554,29,7858.2,Spain,2,17,8,3,0
14252319,47,32184.2,USA,1,72,7,3,0
15084726,43,26077.0,Spain,0,76,8,6,0
8016585,46,16430.9,Mexico,0,172,6,1,0
9067721,40,25969.5,India,1,72,7,0,0
7393183,63,52834.5,Australia,1,172,6,6,0
9850853,40,17168.6,Germany,1,134,7,6,0
4379399,37,55820.1,Saudi Arabia,2,218,8,2,0
2486485,32,12061.5,Saudi Arabia,1,79,7,3,0
11779627,50,35040.6,Saudi Arabia,1,361,6,4,0
12933772,54,67384.3,USA,2,153,8,6,0
5717114,36,14346.2,Saudi Arabia,1,54,8,3,0
6783965,35,43860.8,Canada,1,185,7,5,0
13894804,38,19178.9,Saudi Arabia,1,56,8,5,0
4320194,29,82671.2,Germany,1,123,7,4,0
14740896,54,29387.2,Saudi Arabia,2,41,7,3,0
13186821,33,52765.7,Spain,2,255,8,3,0
11029469,30,28210.8,Spain,1,298,6,2,0
10768799,44,3031.2,Spain,2,74,7,4,0
11120696,41,36923.0,Spain,2,119,7,2,0
2807831,41,74826.7,Canada,2,101,7,4,0
498949,46,12994.8,Spain,1,49,7,1,0
6653882,36,9282.2,Spain,2,34,8,2,0
13475318,22,13624.3,Canada,2,34,8,3,0
4238773,42,1730.0,Spain,2,32,7,0,0
13155486,49,34703.7,USA,1,315,8,5,0
9619557,35,13194.7,Germany,0,61,8,1,0
1097347,22,60114.0,Spain,1,23,8,13,0
4902164,48,41107.2,Spain,1,161,7,2,0
13868546,34,36286.0,Australia,1,83,8,5,0
1470587,37,108242.0,Saudi Arabia,0,165,8,11,0
2711062,29,1730.0,Spain,1,51,6,0,0
7246628,52,1730.0,Canada,1,109,7,2,0
1378129,39,23855.4,Canada,0,270,6,10,0
6892328,41,32565.1,Spain,1,269,8,5,0
4089358,30,25254.6,Saudi Arabia,2,16,7,4,0
6216442,27,32958.4,USA,1,252,7,4,0
3585980,56,1730.0,Spain,1,70,8,1,0
14002923,45,23445.0,Saudi Arabia,2,155,6,1,0
3998706,47,1771.1,Spain,1,33,8,2,0
7916734,60,28429.3,Spain,1,247,7,4,0
8122090,51,1730.0,Spain,2,0,6,0,0
11835868,44,12540.3,Spain,1,156,7,6,0
7603034,43,25602.6,Australia,1,144,8,2,0
15453558,39,4674.5,USA,2,59,7,1,0
8801526,42,72074.3,Spain,0,80,7,10,0
5719853,46,12483.1,Spain,2,31,8,3,0
16132625,53,15566.0,India,2,124,6,9,0
3564504,53,24975.2,Germany,2,105,7,3,0
4478273,39,1730.0,India,1,52,8,5,0
6388395,34,75202.6,Canada,2,87,8,2,0
2948925,56,5152.6,Canada,2,58,7,7,0
11072964,34,73631.4,Canada,0,179,7,7,0
11007002,60,10935.9,Spain,0,324,7,1,0
13559372,50,27366.2,USA,1,44,6,4,0
8034393,48,51676.0,Australia,1,197,7,3,0
7924436,30,1730.0,USA,1,56,6,3,0
10864518,50,18549.2,Saudi Arabia,1,44,8,2,0
2911724,33,21426.0,Saudi Arabia,1,97,8,3,0
12339770,30,1730.0,Canada,2,35,8,0,0
6500609,37,72661.9,Germany,1,285,8,1,0
2488104,25,68776.9,Canada,1,180,6,5,0
3545734,30,41635.2,Canada,1,183,8,2,0
5632832,58,39258.5,Australia,1,265,7,11,0
2955235,37,1730.0,Spain,2,154,8,2,0
13539029,44,1730.0,Spain,1,34,6,3,0
9481941,48,4984.9,Canada,1,52,8,2,0
14403996,47,21459.0,Spain,1,66,8,2,0
11415118,48,40479.7,India,1,67,7,2,0
9632185,53,1730.0,Spain,1,137,6,3,0
3420953,52,75791.1,USA,1,144,8,3,0
15129719,45,99415.2,Canada,0,260,7,2,0
8341895,32,1730.0,India,2,186,8,2,0
15924415,25,9744.2,Spain,2,35,7,3,0
9008713,43,1730.0,Canada,2,8,7,2,0
2899224,38,26423.6,Canada,2,33,7,2,0
5234962,36,13369.0,Spain,0,176,8,6,0
12731722,56,2030.8,Canada,0,53,6,4,0
10486528,69,90692.2,Saudi Arabia,1,113,8,8,0
10454263,67,64032.9,Saudi Arabia,0,199,7,9,0
4283758,31,27063.3,USA,1,32,8,2,0
1851814,28,1730.0,Saudi Arabia,1,61,8,0,0
672726,57,35026.7,India,0,242,7,12,0
6650237,48,27699.5,Canada,1,176,8,2,0
9036577,60,14378.3,Spain,2,89,8,2,0
7237403,22,23082.2,Canada,2,77,8,2,0
15524410,21,54415.4,Spain,1,134,7,1,0
3502973,38,6264.4,India,1,41,7,3,0
3323010,41,1730.0,Spain,1,42,8,0,0
3907333,35,1730.0,Canada,2,40,6,1,0
449597,37,1730.0,Saudi Arabia,1,3,8,0,0
904989,49,48139.6,Spain,0,187,6,4,0
15344184,41,83817.2,Spain,2,64,8,9,0
2815520,46,28926.1,Spain,2,136,7,8,0
7478772,42,65937.1,Saudi Arabia,1,285,8,12,0
10188200,25,30520.3,Germany,0,167,6,2,0
212859,43,6926.9,Spain,1,301,7,3,0
4796376,51,83929.5,India,1,80,8,2,0
1757825,50,11675.2,Spain,1,157,8,3,0
6537156,34,19067.9,Australia,2,100,7,2,0
3211055,44,1730.0,Australia,1,40,7,1,0
6927019,25,29111.2,Canada,2,92,8,1,0
3725742,28,28466.0,Spain,0,134,6,2,0
9174753,40,32810.3,Spain,1,0,7,1,0
14551571,25,45732.6,Australia,1,44,6,2,0
7572416,42,29858.4,Germany,1,304,8,3,0
4922920,23,19510.1,Canada,2,96,7,3,0
1637556,41,24951.7,Australia,1,229,8,2,0
11274151,40,6377.6,Canada,1,63,6,1,0
8834031,30,1730.0,Spain,1,35,7,0,0
12555650,27,1730.0,Canada,1,53,8,1,0
10851581,27,16887.9,Spain,1,58,8,0,0
12445099,37,1730.0,India,1,74,8,2,0
662951,22,1730.0,Spain,1,0,7,1,0
7663435,37,1730.0,Saudi Arabia,1,15,8,0,0
13329275,42,20850.9,Spain,1,62,8,2,0
4026174,32,52073.9,Canada,1,126,8,2,0
13732230,37,23517.0,Canada,2,110,8,3,0
13586558,41,13505.2,Australia,2,153,7,1,0
9908917,43,27824.6,Spain,1,154,8,4,0
16158271,40,6459.0,Canada,2,21,7,0,0
2436539,60,40721.9,Australia,2,119,8,3,0
172916,28,1730.0,Spain,1,9,6,1,0
13930656,33,21785.6,Saudi Arabia,0,334,8,8,0
8665971,35,49859.5,Spain,1,110,8,2,0
10168487,47,1730.0,Canada,2,153,7,2,0
13642036,37,32595.0,Australia,2,163,7,2,0
4497058,47,11512.8,Germany,2,88,8,4,0
1028877,40,1730.0,Spain,2,43,7,5,0
15562599,49,26856.9,India,0,263,7,3,0
9156540,56,38361.3,Spain,0,234,8,4,0
14230094,38,48411.2,Spain,0,140,6,2,0
13543018,46,80791.9,Canada,2,105,9,6,0
2188867,52,11923.8,Spain,2,101,7,2,0
9994526,33,1730.0,USA,1,8,7,1,0
25121,39,13346.0,Canada,1,58,7,2,0
13866120,64,16447.8,India,0,421,7,3,0
14826720,30,1730.0,Saudi Arabia,1,0,7,1,0
5598028,42,24985.2,Canada,1,87,8,1,0
4746510,22,33141.8,Saudi Arabia,1,66,8,0,0
525745,35,66255.6,Germany,1,74,8,2,0
7922008,19,58228.7,Canada,2,32,7,1,0
1314300,25,55764.1,India,2,177,6,5,0
12417006,31,92283.7,Canada,2,72,8,8,0
14304676,31,67790.8,Australia,0,129,8,3,0
10960082,47,26137.5,Spain,2,69,8,3,0
3256259,48,9699.2,Spain,2,26,7,0,0
5189431,55,24512.9,Saudi Arabia,1,214,8,12,0
16138788,42,76852.6,Spain,2,390,8,2,0
2778060,38,56651.1,Australia,1,55,7,2,0
15042825,36,1730.0,Spain,1,102,6,2,0
4633958,31,64398.8,Saudi Arabia,1,42,8,1,0
13019902,29,8377.7,India,2,69,8,1,0
1351415,43,65763.4,Spain,1,60,6,2,0
5847885,35,46860.0,Canada,1,33,8,4,0
11631738,28,1730.0,Spain,1,34,8,1,0
14273709,39,26948.3,USA,2,388,7,1,0
7962424,56,20058.8,Saudi Arabia,1,145,6,1,0
14182145,47,30859.1,Saudi Arabia,0,68,8,3,0
11789247,43,42749.7,Saudi Arabia,1,39,8,5,0
6022624,52,62453.6,Canada,1,60,7,4,0
125262,49,1730.0,USA,1,75,6,1,0
501919,36,3483.7,Spain,2,67,7,2,0
2898544,21,1730.0,Spain,2,29,8,1,0
855866,25,1730.0,Spain,2,164,6,1,0
15002571,36,19951.2,Spain,1,128,7,2,0
718843,40,47328.0,Saudi Arabia,2,281,10,4,0
2291323,47,1730.0,Canada,2,65,8,0,0
7842621,54,60052.7,India,1,437,8,5,0
15507232,48,27405.9,Canada,0,137,6,4,0
15631605,61,80517.3,Spain,0,397,7,5,0
3434585,38,1730.0,Spain,1,52,8,6,0
11173176,51,37146.4,Australia,1,46,6,4,0
9509960,48,46504.6,Canada,1,170,7,7,0
505474,18,52450.7,Saudi Arabia,1,179,7,2,0
13578018,43,54473.8,Spain,1,120,6,4,0
7032777,42,35397.2,Saudi Arabia,2,58,7,2,0
4000302,33,69042.8,Spain,1,214,7,12,0
10707358,53,71346.4,USA,1,399,6,2,0
8789254,35,36625.0,Spain,1,69,7,1,0
10998030,28,46602.2,Saudi Arabia,1,412,8,2,0
2353692,66,54530.7,Saudi Arabia,1,262,8,4,0
2273939,30,22737.6,Saudi Arabia,2,136,7,10,0
6281207,34,65193.3,Australia,0,205,7,0,0
2550361,25,72329.7,Germany,1,427,8,5,0
6872657,43,1730.0,USA,1,19,6,2,0
7368119,47,1730.0,Canada,2,61,6,1,0
11831614,52,25879.0,Saudi Arabia,0,114,7,4,0
6517596,38,20309.3,Saudi Arabia,1,52,6,2,0
4589042,25,14002.7,India,0,59,7,9,0
11583523,36,73762.0,Saudi Arabia,1,201,6,9,0
7740175,36,33893.6,Spain,0,119,6,2,0
5637011,41,1730.0,Canada,2,35,7,0,0
11852990,37,1730.0,Spain,1,69,8,3,0
595896,32,6925.0,Spain,2,53,8,3,0
10929273,37,26963.7,Saudi Arabia,2,30,7,2,0
447965,42,1730.0,Saudi Arabia,1,96,6,4,0
7708806,30,1730.0,Spain,1,6,7,2,0
16110994,27,15038.6,India,2,57,6,0,0
12958453,48,26531.9,Spain,0,246,7,2,0
12265995,24,6147.1,Saudi Arabia,1,0,8,3,0
16103590,27,27920.1,Canada,1,72,7,0,0
11557906,26,1730.0,Spain,1,90,7,4,0
10867157,31,40821.4,Canada,1,359,8,7,0
4670286,38,1730.0,Spain,1,54,7,0,0
4985662,22,1730.0,Spain,2,111,7,2,0
1932619,34,16723.0,Germany,2,54,6,4,0
4382438,45,1730.0,Australia,1,58,8,4,0
2628052,48,1730.0,Saudi Arabia,0,73,8,3,0
6394409,39,84055.5,Canada,1,290,8,9,0
8356127,73,1730.0,Canada,1,35,7,2,0
2346609,36,1730.0,India,1,124,6,2,0
6673281,32,9495.3,Germany,1,83,7,2,0
4174777,65,1730.0,Spain,1,16,7,2,0
8722031,46,78532.9,Spain,1,222,6,2,0
16568033,42,58628.5,Spain,0,46,8,3,0
4060572,45,75094.2,Spain,1,65,7,2,0
4618728,29,65169.2,Spain,1,218,6,8,0
8542712,18,9329.8,Saudi Arabia,1,6,7,1,0
12979747,31,1730.0,Canada,1,45,6,1,0
567388,51,4029.3,Germany,0,406,8,3,0
659368,27,1730.0,Spain,2,21,7,1,0
12391906,50,38378.7,Germany,1,58,7,3,0
8023096,63,27639.1,Saudi Arabia,1,135,7,1,0
11818603,51,12586.9,Spain,0,323,7,2,0
5217532,36,34388.3,Spain,0,402,7,3,0
664625,29,39773.8,Saudi Arabia,0,51,7,1,0
16233002,32,40181.5,Australia,2,226,8,1,0
14731239,42,12716.8,Spain,1,82,8,8,0
7659307,32,25071.6,USA,1,21,8,4,0
1908414,22,46240.9,Spain,1,6,8,2,0
7786474,66,7351.2,Germany,1,55,8,1,0
1896463,30,1730.0,Spain,2,45,8,1,0
13663161,45,47528.4,Mexico,0,375,7,0,0
12913524,30,33816.9,Spain,1,191,6,8,0
1030698,21,27244.9,India,0,31,6,4,0
4236099,34,7671.3,India,1,37,7,4,0
6559055,48,7888.9,Canada,1,107,6,4,0
13472777,24,15770.8,Spain,0,23,7,3,0
3312016,46,98417.9,Saudi Arabia,0,346,9,2,0
1662024,22,22257.0,Spain,1,77,6,2,0
4963063,42,71984.9,Saudi Arabia,0,256,6,2,0
13271728,51,23019.2,Germany,1,44,8,6,0
16623433,24,33464.0,Spain,1,41,7,1,0
2041060,43,39893.6,Germany,0,159,7,2,0
10156781,49,11976.2,Saudi Arabia,0,55,8,2,0
8978691,56,22384.3,Saudi Arabia,1,49,6,3,0
6942643,40,93879.9,USA,0,83,7,10,0
6086088,35,112213.6,Spain,0,360,6,9,0
5117234,28,73769.3,Saudi Arabia,1,217,6,7,0
3591176,46,32342.0,USA,2,157,8,5,0
4725374,61,12504.0,Saudi Arabia,1,75,6,0,0
9302047,54,23424.9,Saudi Arabia,2,59,8,5,0
10651489,32,10904.9,Germany,1,62,8,9,0
950199,37,3327.4,Saudi Arabia,2,24,7,1,0
780975,31,1730.0,USA,1,14,8,3,0
14027247,28,3126.9,Saudi Arabia,2,80,6,3,0
11819880,35,46273.6,Spain,2,62,6,2,0
8117320,46,27706.9,India,2,39,8,3,0
579935,39,7105.1,Canada,2,68,6,2,0
737093,45,18519.5,Spain,1,64,7,9,0
11252028,45,44349.5,Canada,1,47,8,3,0
5580287,29,6736.6,Spain,2,64,7,0,0
16232624,39,33714.8,Germany,1,13,8,2,0
3155789,28,1730.0,Canada,1,27,8,2,0
12863095,43,29387.3,USA,0,374,8,6,0
16769302,30,33726.9,Australia,2,71,6,4,0
9515728,32,4255.4,USA,2,31,7,1,0
7507403,27,31683.5,Spain,1,266,7,2,0
4640566,54,10462.7,Spain,2,50,8,1,0
1008431,27,12781.0,Spain,1,56,8,1,0
8809338,37,31514.9,Spain,1,26,8,3,0
4549256,20,8197.9,Spain,2,346,6,6,0
354172,21,28097.6,Saudi Arabia,1,174,7,3,0
13526020,33,35152.5,Canada,1,426,7,7,0
10442083,39,1730.0,India,2,58,8,2,0
13917772,29,1730.0,Spain,1,26,8,1,0
15639674,39,17959.8,Germany,0,389,8,5,0
6465417,32,72428.2,Canada,0,101,10,4,0
13789562,29,55321.6,Canada,2,158,7,2,0
15252803,55,31547.9,Spain,1,36,8,2,0
1294579,25,28876.5,Australia,1,215,7,2,0
11999227,35,1730.0,Spain,2,52,8,2,0
8045295,49,27938.8,Germany,0,14,7,4,0
1902834,27,2945.0,Canada,1,14,6,3,0
12302786,55,86032.8,Saudi Arabia,2,45,7,9,0
15236291,30,75006.3,Spain,1,103,7,2,0
6882451,52,56847.0,Saudi Arabia,2,201,7,3,0
3278230,59,65252.1,Canada,1,163,8,10,0
11343316,38,31195.0,Saudi Arabia,1,63,8,2,0
15074972,54,26956.4,Saudi Arabia,1,11,8,1,0
6460066,46,14513.1,Saudi Arabia,2,91,8,3,0
8351086,43,1730.0,Canada,1,43,7,0,0
6884299,50,19347.3,Australia,0,77,8,3,0
8998228,30,11014.9,Canada,2,7,8,1,0
5342858,31,36411.2,Saudi Arabia,1,315,6,6,0
12794853,48,39120.4,Spain,1,162,6,5,0
4226890,34,79361.1,India,1,107,10,1,0
5475115,34,43735.9,Australia,1,40,7,3,0
7603915,60,8943.4,Canada,2,275,6,2,0
1027595,18,20287.7,Spain,1,154,6,2,0
9964837,52,5525.4,Canada,1,182,8,0,0
16519471,35,36522.9,Canada,1,287,8,2,0
5421329,32,45122.4,Spain,1,157,8,2,0
6868663,31,1730.0,Canada,2,71,6,1,0
6161341,46,35381.8,Canada,1,218,6,0,0
2581357,39,46203.4,USA,2,72,8,2,0
16514166,44,17290.9,Canada,1,48,8,2,0
16384737,36,11333.2,Canada,1,47,8,1,0
1316781,32,1730.0,Canada,1,72,8,2,0
11729028,57,1730.0,Spain,1,49,8,3,0
6031246,49,5835.7,Germany,2,303,6,3,0
9791543,34,1730.0,Saudi Arabia,1,27,8,1,0
12772715,21,44364.6,USA,2,142,8,2,0
15630443,31,84783.0,Spain,1,34,8,2,0
8544177,33,1730.0,Saudi Arabia,1,0,7,0,0
8913751,18,41568.8,Spain,2,44,7,12,0
12113223,63,54387.1,USA,1,307,6,3,0
10482137,39,1730.0,Canada,1,233,7,3,0
3867294,36,16311.7,India,2,31,8,2,0
5267038,47,15411.1,Canada,2,35,7,3,0
4898200,43,32877.6,India,0,86,7,1,0
3640951,41,1730.0,USA,1,0,8,2,0
10577800,26,1730.0,Canada,2,65,8,5,0
2206662,35,4793.7,Australia,2,405,8,3,0
1179935,29,4398.3,Spain,2,9,7,2,0
2535037,25,1730.0,Spain,1,36,7,1,0
8450862,46,25122.8,Germany,1,50,6,2,0
15635086,59,20147.3,Saudi Arabia,1,64,8,2,0
233874,52,42224.4,India,2,215,7,4,0
14739723,47,55565.7,Spain,1,79,7,3,0
7027565,32,64153.7,Saudi Arabia,1,263,6,3,0
12506575,47,66716.1,USA,1,58,7,4,0
11280291,63,1730.0,Spain,2,13,7,2,0
888274,37,1730.0,Spain,2,9,8,2,0
2958994,29,2666.3,Saudi Arabia,1,2,6,2,0
2181649,42,17560.7,Germany,2,15,7,1,0
5730919,48,1730.0,Spain,1,52,8,0,0
8517419,33,24051.8,Spain,2,12,8,3,0
4203577,39,46317.5,Spain,0,51,7,1,0
5466158,37,72345.7,Saudi Arabia,1,151,8,8,0
7174249,39,32654.1,Mexico,1,109,8,2,0
8918914,39,74389.4,Canada,1,107,8,3,0
5813870,30,78759.0,Canada,0,211,8,4,0
7045751,33,20575.3,India,2,108,8,2,0
11648217,40,10711.1,Australia,0,252,8,6,0
16516222,36,38395.9,Australia,2,46,7,2,0
893519,34,1730.0,USA,2,46,8,0,0
9399049,40,49656.4,Spain,1,383,8,3,0
15889287,37,57915.6,Australia,2,281,7,2,0
12202909,29,31166.1,Germany,0,43,8,1,0
8009250,55,18251.0,Saudi Arabia,2,109,8,5,0
10877916,51,71438.7,India,1,432,7,4,0
10049349,53,43847.2,Canada,1,91,6,1,0
772819,52,48360.3,India,1,181,6,3,0
10581132,37,75512.7,Spain,0,143,7,1,0
10316798,48,1730.0,Australia,1,165,6,1,0
16372598,31,1730.0,Canada,2,40,8,0,0
11199210,57,96791.9,Canada,2,355,8,7,0
4874715,53,1730.0,Spain,2,11,6,2,0
15855071,41,108109.1,USA,0,299,8,4,0
16252612,28,86440.4,Spain,2,373,7,4,0
8478869,42,55064.8,USA,1,45,7,0,0
1789744,40,15522.8,Spain,1,66,7,1,0
2413867,36,84808.8,Spain,2,116,8,2,0
3020920,47,106430.4,Spain,1,351,6,3,0
9950444,37,9949.8,Saudi Arabia,2,10,7,2,0
1691972,72,106667.6,India,1,274,8,8,0
9510931,40,53747.4,Saudi Arabia,1,422,6,4,0
2135261,33,21573.9,Canada,0,41,8,2,0
10759966,39,15697.9,Canada,1,42,6,1,0
10807476,27,37358.3,Canada,1,15,8,2,0
12664777,29,17409.5,Saudi Arabia,2,19,8,0,0
3958731,52,1730.0,Spain,1,74,7,0,0
2235081,47,56596.3,Canada,2,355,8,4,0
15102659,69,64962.0,USA,0,341,8,3,0
16109251,41,39382.5,Canada,1,178,6,3,0
7295191,24,34722.7,Spain,1,62,6,3,0
10351985,50,38738.3,Spain,2,92,7,2,0
16636575,39,50764.1,India,1,124,8,4,0
6738033,41,33687.3,Spain,3,227,7,3,0
12446098,54,22508.6,USA,2,403,6,3,0
12514002,24,1730.0,Canada,1,9,8,3,0
3874187,52,7455.3,Australia,1,47,9,2,0
857695,47,71673.6,Spain,1,72,7,3,0
3559082,37,27975.9,Canada,1,35,8,2,0
7993967,42,7931.9,Spain,2,0,8,2,0
830288,24,90115.2,India,1,394,8,8,0
10307999,37,12947.0,Spain,2,45,7,1,0
16598088,29,38963.0,Germany,0,121,8,8,0
11193772,33,88246.4,India,1,367,7,3,0
757634,42,4517.9,Canada,1,82,8,2,0
5054846,49,1730.0,Spain,1,50,7,2,0
13680146,39,98047.4,Australia,1,426,8,4,0
11610581,47,9529.0,Spain,2,0,6,1,0
9591016,27,17536.4,Spain,2,51,7,1,0
11355034,33,4769.6,Spain,1,58,7,2,0
11956623,18,25572.5,Canada,1,92,8,3,0
9214939,53,9601.0,India,1,74,7,2,0
16426395,32,1730.0,Spain,1,99,8,2,0
15505436,39,83273.1,Spain,1,130,8,0,0
14340154,29,1730.0,Saudi Arabia,2,24,8,1,0
11458244,26,10335.7,Canada,1,29,6,2,0
5759259,43,3694.6,Canada,2,74,8,2,0
3962255,32,38629.7,Spain,0,283,7,2,0
15174062,38,30588.2,Germany,2,52,8,1,0
13118630,34,24958.9,Spain,1,151,7,1,0
7094572,31,89252.0,Germany,0,226,8,4,0
348833,33,70726.6,Spain,1,273,6,1,0
354668,56,21766.3,Saudi Arabia,1,163,7,1,0
4813809,36,31380.7,Canada,1,203,8,2,0
13459405,28,19191.6,Canada,0,270,8,7,0
6627878,40,18009.6,Spain,1,21,7,0,0
12190674,41,1730.0,Spain,1,47,7,0,0
11661316,49,53082.7,Spain,1,76,8,1,0
12666672,61,38232.4,Canada,1,296,7,3,0
8539294,36,22143.2,Spain,2,54,6,3,0
16518925,60,39494.3,USA,2,11,7,2,0
3086722,62,28253.2,Saudi Arabia,2,69,7,2,0
9428268,44,75596.3,Spain,0,266,8,4,0
4214084,69,1730.0,USA,1,26,7,1,0
3053250,60,77932.9,Spain,1,321,7,0,0
9265834,43,11724.5,Canada,1,10,8,5,0
15500230,45,84732.2,Spain,0,22,8,2,0
15388682,29,23239.7,Spain,1,40,6,2,0
11427416,37,48403.7,Canada,2,330,6,2,0
16185018,41,18868.4,Canada,1,53,8,6,0
9183018,65,9101.7,Spain,1,52,6,2,0
2824254,54,41593.9,India,0,43,8,4,0
2416238,43,13244.4,Germany,1,57,8,5,0
5443078,34,21639.7,Canada,1,172,6,5,0
10192396,31,5742.1,Spain,1,66,8,3,0
13572102,44,13349.8,Spain,1,43,8,1,0
1746360,55,5871.5,Germany,0,404,9,0,0
15425634,31,43738.0,USA,1,134,9,4,0
13195729,25,8707.7,Canada,1,71,7,1,0
16214747,47,60734.2,Spain,1,186,7,2,0
10175335,54,1730.0,Spain,2,27,8,2,0
10753197,52,13279.1,Canada,1,93,8,1,0
3038632,42,58991.1,Spain,1,394,8,2,0
7472194,20,12201.0,USA,2,52,8,1,0
5872326,62,19054.6,USA,1,79,8,3,0
5297167,27,35414.1,Spain,1,42,8,2,0
5190656,25,3952.0,Canada,2,46,7,0,0
3748880,41,57499.3,Spain,2,340,7,3,0
3343788,51,52517.8,India,1,329,8,5,0
8126219,53,16680.6,USA,2,158,7,1,0
5584311,33,12788.1,Canada,2,0,8,3,0
4494174,32,14528.0,Saudi Arabia,0,70,7,1,0
3280869,33,8918.7,Spain,1,52,8,11,0
14667528,36,32906.5,Canada,1,107,8,2,0
7904122,65,18828.3,Spain,0,236,7,0,0
7441266,45,1730.0,Saudi Arabia,1,53,6,2,0
3950753,53,1778.4,Spain,1,72,8,1,0
11143846,53,14587.2,Spain,2,40,7,4,0
1090111,30,37833.0,Canada,2,64,8,3,0
7298400,35,1730.0,Saudi Arabia,2,21,7,2,0
2778842,54,50135.4,USA,2,214,8,2,0
8152004,32,98723.8,USA,1,59,8,4,0
16026207,37,65517.2,Australia,1,80,6,4,0
16558753,46,81960.7,Canada,1,48,8,2,0
11106018,24,4950.4,USA,1,80,8,0,0
13089948,56,1730.0,USA,1,39,6,1,0
13874839,32,1730.0,Canada,1,59,7,3,0
10618666,64,59151.3,Spain,2,125,8,5,0
5050845,36,1730.0,Saudi Arabia,1,78,6,2,0
16345617,51,71498.2,Saudi Arabia,0,125,7,4,0
3471670,42,9755.8,Canada,1,49,6,4,0
1154806,32,40086.6,Australia,2,153,8,2,0
13958023,30,76212.9,USA,1,303,8,7,0
5304291,59,41007.0,Saudi Arabia,1,24,8,2,0
14395940,57,74491.4,Spain,2,31,7,10,0
11293246,51,35684.2,Canada,2,61,8,7,0
13201018,39,22304.6,Canada,1,96,6,3,0
7710632,35,85435.7,Saudi Arabia,1,242,6,1,0
2937326,39,11031.5,Canada,2,95,6,2,0
1046716,43,7721.1,Australia,1,154,7,1,0
12132271,66,3030.0,Germany,2,15,7,3,0
6621153,55,95916.3,Spain,1,48,8,5,0
15952157,46,1730.0,Spain,0,84,6,2,0
9242994,31,12982.8,Canada,1,43,7,2,0
4202326,18,1730.0,Saudi Arabia,2,25,8,4,0
7670538,35,1730.0,Spain,2,20,8,0,0
7388256,45,1730.0,India,2,9,8,1,0
5936592,35,20575.0,Canada,0,147,6,3,0
5250215,33,41965.6,Spain,2,218,7,3,0
6728799,30,1730.0,Saudi Arabia,2,77,8,0,0
10516315,32,17928.1,Spain,1,59,8,2,0
6015615,53,64311.1,Australia,1,275,7,5,0
12642055,42,35183.5,Canada,1,151,8,2,0
5806545,35,9331.4,Australia,2,63,6,3,0
10471063,30,1730.0,Canada,2,12,6,1,0
15281782,59,68645.5,USA,0,93,8,2,0
9197373,37,55445.6,Australia,1,153,7,4,0
8979303,48,55386.1,Canada,2,116,8,4,0
3030656,25,64763.0,Spain,1,144,6,4,0
5521210,27,64000.7,Spain,2,292,8,2,0
15060368,19,108543.9,Saudi Arabia,1,194,7,5,0
3796697,37,1730.0,Spain,1,67,6,1,0
16774488,42,17105.4,Spain,1,86,6,2,0
16655799,45,43405.1,Australia,1,373,7,4,0
5737579,27,1730.0,Spain,1,39,7,2,0
7705557,40,39845.8,Australia,2,100,7,7,0
13122191,45,67371.6,Spain,2,57,7,2,0
4267367,38,14772.9,Saudi Arabia,2,11,7,3,0
9026999,33,54517.1,Germany,0,345,6,3,0
10533185,44,38802.5,Canada,1,211,8,2,0
2774699,54,9399.2,India,0,293,8,2,0
4156704,32,1730.0,Australia,2,5,8,2,0
12237928,63,19182.0,Canada,2,88,8,3,0
9156002,44,57130.9,Spain,1,137,8,6,0
12322915,60,46349.2,Saudi Arabia,2,274,8,6,0
7368534,58,36261.6,Canada,2,265,6,5,0
986494,38,1730.0,Saudi Arabia,2,22,7,1,0
9115292,24,26105.4,Canada,2,36,7,2,0
9771398,26,48842.6,Mexico,2,9,8,1,0
15235141,42,48295.5,Canada,2,31,8,2,0
5530859,49,1730.0,Spain,2,93,8,3,0
11115208,39,47567.2,Australia,1,415,8,5,0
6089573,43,51235.3,Canada,1,88,7,3,0
4127032,32,1730.0,Spain,2,0,7,0,0
7718233,31,5349.6,Germany,1,69,7,3,0
9266055,47,48176.0,Canada,3,211,8,3,0
16259941,29,53124.6,Canada,2,316,6,10,0
11755248,42,45208.8,Spain,1,73,7,6,0
6047850,38,25012.7,Saudi Arabia,0,72,6,4,0
7131094,48,16630.8,Spain,1,66,7,1,0
1631285,27,1730.0,Canada,2,0,8,2,0
3854653,40,8293.5,Spain,3,9,7,1,0
6927206,60,27859.6,Canada,1,47,7,3,0
10586267,68,25177.1,Canada,1,64,7,8,0
15714824,66,81064.7,Saudi Arabia,1,85,6,0,0
6059981,18,67528.3,Spain,1,323,9,2,0
5080261,64,29444.2,Canada,2,155,8,2,0
14756708,70,25327.6,Canada,1,246,8,3,0
15124471,50,25653.7,Spain,1,208,8,3,0
8724451,40,1730.0,Saudi Arabia,1,80,8,7,0
871676,40,2779.3,Saudi Arabia,2,58,7,2,0
6963753,46,85200.9,Canada,1,190,7,2,0
13011844,56,43249.1,Spain,2,409,8,1,0
1407194,24,108895.0,Canada,2,251,8,1,0
13538906,41,62482.1,India,0,124,7,5,0
8358828,32,1730.0,Spain,2,0,7,1,0
7633707,33,6084.2,Saudi Arabia,2,45,7,2,0
2990675,40,16172.1,Germany,2,31,7,4,0
16321361,29,2609.4,Spain,1,70,6,3,0
12632851,39,26665.6,Spain,1,37,8,1,0
1861234,32,1730.0,Spain,1,15,8,2,0
16378054,34,20103.4,Saudi Arabia,1,21,7,2,0
2390993,46,74837.6,Canada,1,32,7,5,0
7201431,22,88028.7,Canada,0,307,6,3,0
7712358,30,79256.7,Canada,1,77,6,3,0
6085665,29,1730.0,Germany,2,46,7,3,0
3262179,28,1730.0,Saudi Arabia,1,5,8,2,0
4017626,59,88601.0,Spain,0,364,7,9,0
2102276,28,23116.8,Spain,1,33,6,2,0
7188730,31,1730.0,Spain,1,42,8,1,0
14124725,32,1730.0,Saudi Arabia,2,0,7,2,0
9602890,45,1730.0,Spain,1,24,7,1,0
16177005,43,17800.8,Spain,2,94,8,1,0
10654969,37,71686.1,Saudi Arabia,0,81,9,2,0
12250602,51,6234.1,Spain,1,338,6,2,0
4686737,31,31729.2,Saudi Arabia,1,0,6,2,0
5443692,32,39629.9,Saudi Arabia,0,330,8,2,0
2670154,52,15996.1,Canada,1,48,8,2,0
2364666,43,13426.4,Spain,1,124,7,3,0
16166855,41,6598.2,USA,1,35,6,3,0
4284744,39,73213.6,Spain,2,74,6,2,0
14288886,37,28013.1,Canada,0,71,8,2,0
6687055,28,14940.6,Saudi Arabia,0,174,6,1,0
9925553,18,2251.2,Canada,1,24,6,1,0
8559401,39,92363.9,Germany,1,311,8,4,0
15313202,27,1730.0,Germany,1,66,7,2,0
15544312,58,75605.8,Germany,2,90,6,0,0
11256935,46,15439.3,Saudi Arabia,1,42,7,2,0
2017210,34,1730.0,Australia,2,35,8,2,0
9079698,35,1730.0,Saudi Arabia,1,0,7,1,0
13128456,32,13829.6,Spain,2,97,8,4,0
1071174,18,85461.3,India,1,375,9,2,0
861483,18,70188.5,Saudi Arabia,1,220,7,6,0
3823008,60,94464.5,Canada,1,244,8,5,0
7726595,46,74066.1,Australia,2,38,8,9,0
10751375,55,10557.1,Canada,2,46,8,2,0
13126143,38,57062.4,Australia,1,397,6,2,0
7583394,47,54306.0,Spain,2,152,6,4,0
9871899,38,1730.0,USA,1,165,8,5,0
4026667,41,12016.3,Saudi Arabia,2,60,8,6,0
7348860,43,58469.2,USA,0,291,7,2,0
16047719,68,54583.6,Canada,0,350,7,4,0
5505081,37,6649.1,Spain,1,19,8,3,0
1813527,38,40265.2,Australia,1,272,8,6,0
6139363,44,30697.3,Spain,2,129,8,0,0
1576304,57,1730.0,Spain,1,44,7,1,0
7239202,24,70571.0,India,1,233,6,2,0
8494131,52,64899.2,Spain,1,193,7,1,0
2660566,57,39303.7,India,1,386,7,9,0
11003461,44,87204.0,Germany,0,106,6,4,0
5129274,18,32532.1,Canada,2,113,9,3,0
10977000,36,12019.8,Canada,2,420,8,1,0
3395710,42,13035.1,Canada,0,36,7,1,0
9803434,28,22067.3,Saudi Arabia,1,82,8,1,0
9253736,35,59543.9,Germany,0,80,6,2,0
5880508,44,70952.0,Saudi Arabia,3,237,8,14,0
14455923,41,1730.0,Spain,1,21,8,0,0
6596295,54,47835.7,India,0,329,6,3,0
10511523,33,83230.8,Spain,1,329,8,11,0
4592603,37,1730.0,Spain,1,75,8,2,0
8009745,35,69345.7,Canada,1,293,7,10,0
13924683,40,23449.3,Saudi Arabia,1,70,7,1,0
3852605,49,25239.6,Spain,1,154,8,4,0
4876173,30,1730.0,Canada,2,72,8,1,0
15023225,25,1730.0,Saudi Arabia,2,101,8,4,0
10006626,31,1730.0,Saudi Arabia,1,4,7,1,0
3755423,60,25875.1,Australia,1,62,6,1,0
2348625,34,1730.0,Spain,1,43,8,6,0
1296014,35,62532.3,Germany,0,121,8,1,0
14912172,22,1730.0,Saudi Arabia,1,0,6,1,0
8185865,28,69328.2,Spain,0,43,8,0,0
5410594,37,2435.8,Australia,2,97,7,4,0
10390759,46,67357.1,Canada,1,377,7,2,0
13491652,50,1730.0,Spain,1,89,7,2,0
8405856,39,1730.0,Saudi Arabia,2,9,7,0,0
2048202,32,5181.9,Canada,1,18,8,1,0
4684267,31,6014.8,Spain,1,35,7,1,0
8334005,34,9362.1,Spain,1,79,7,5,0
16587258,33,20603.2,Canada,0,83,6,1,0
6167818,42,2451.4,Canada,1,75,7,2,0
12113937,37,22086.0,Canada,2,111,8,7,0
3166032,37,73688.9,Spain,1,196,7,5,0
2808948,37,1730.0,Germany,1,64,7,2,0
7601779,36,1730.0,Spain,1,48,7,2,0
7333922,59,26115.1,Canada,1,171,7,2,0
16344106,56,101070.1,USA,1,105,6,2,0
9899552,26,1730.0,Canada,1,81,6,2,0
703826,44,27710.0,Spain,2,72,7,5,0
8112296,48,103095.6,USA,0,186,7,3,0
13853909,60,2478.4,Spain,2,93,6,3,0
3296226,32,69015.7,Spain,1,97,7,4,0
3195618,41,16301.2,Australia,1,392,7,0,0
7906554,43,35002.1,Canada,2,117,7,8,0
4380178,42,1730.0,Canada,1,43,8,5,0
11579759,55,36027.1,Saudi Arabia,1,294,8,3,0
14840152,31,1730.0,Spain,1,23,8,2,0
13269969,33,18794.5,Saudi Arabia,2,65,6,6,0
7061428,40,6506.0,Spain,2,88,8,2,0
113216,51,51385.1,India,2,188,8,1,0
12088147,30,1730.0,Spain,2,1,10,3,0
15406536,41,59215.8,Spain,1,160,7,3,0
5726737,40,1730.0,Mexico,1,21,8,0,0
7819568,40,1730.0,Saudi Arabia,1,34,7,2,0
16517269,31,1730.0,Spain,2,13,6,4,0
8286883,33,1730.0,Saudi Arabia,1,53,7,1,0
6770639,53,25698.3,Spain,1,216,8,3,0
6864365,30,6179.3,USA,2,33,8,2,0
12453025,45,70814.6,India,1,286,8,3,0
6405193,25,4673.4,Canada,2,46,8,1,0
8587459,49,5670.0,Spain,0,86,8,4,0
16209795,36,21954.7,Canada,2,56,8,2,0
7590541,50,72634.6,Australia,1,110,8,9,0
10186957,41,47175.9,Germany,2,236,8,3,0
6321327,34,1730.0,Canada,1,39,8,8,0
5664153,37,1730.0,Spain,1,2,8,0,0
12188479,46,37325.8,Canada,0,55,6,4,0
13598270,37,1730.0,Spain,1,127,7,1,0
11337427,37,72558.7,Spain,1,183,7,0,0
14940506,49,13597.1,Canada,1,73,7,2,0
904555,35,42762.8,Spain,0,186,6,10,0
7068696,37,1730.0,Spain,2,2,6,0,0
2064449,40,35110.4,Australia,1,125,7,0,0
4643004,41,59350.7,Saudi Arabia,0,126,7,4,0
16145084,48,11216.3,Mexico,2,394,7,6,0
12724208,57,98375.4,Saudi Arabia,1,403,6,5,0
12401757,34,31098.0,Canada,1,76,8,1,0
15529779,32,84461.6,Spain,1,265,6,3,0
7213573,37,40360.0,Australia,1,277,7,3,0
13117456,51,14230.0,Canada,1,46,8,0,0
7224597,48,62200.3,Canada,1,134,8,7,0
7752013,44,1730.0,Saudi Arabia,1,63,8,2,0
12828447,28,99597.3,Australia,2,91,9,4,0
4557661,34,11869.3,Canada,1,20,8,1,0
3086739,39,34067.8,Germany,1,17,7,4,0
12401262,37,39457.1,Spain,2,61,7,4,0
2386524,48,22408.7,Canada,1,141,6,1,0
9360316,26,1730.0,Canada,1,11,8,0,0
3183936,25,74262.1,Canada,1,94,8,2,0
11609801,34,44890.6,Spain,0,166,7,4,0
12590859,59,11625.2,Spain,2,46,7,7,0
1316704,54,6969.7,Canada,1,93,7,0,0
10658549,25,1730.0,USA,1,12,7,1,0
12328914,41,89986.8,India,1,115,8,3,0
14961387,37,52412.2,Australia,1,0,6,2,0
12031817,38,7935.0,Spain,1,33,7,1,0
12689089,27,1926.6,Spain,1,52,7,0,0
1523485,60,55658.4,Saudi Arabia,2,55,7,2,0
11471040,40,1730.0,Spain,2,62,7,1,0
13291102,41,1730.0,Canada,1,85,7,1,0
7358585,66,62543.9,Spain,0,355,6,5,0
12092640,40,29994.4,Canada,2,133,7,1,0
4692196,53,1730.0,Canada,2,89,8,1,0
12676768,72,46851.6,India,1,260,8,0,0
15599437,30,24818.3,Spain,1,39,7,9,0
2479419,29,60182.9,Australia,1,267,8,9,0
2796422,27,18816.2,Australia,0,322,7,3,0
4184817,44,26385.4,Australia,2,14,6,1,0
15663108,34,1730.0,Saudi Arabia,2,0,7,2,0
8188878,42,91087.1,Canada,0,77,6,2,0
10030863,40,1730.0,Saudi Arabia,1,0,8,0,0
11554690,44,64570.8,Spain,2,135,9,2,0
6984886,47,2787.4,Canada,1,41,7,2,0
6745092,45,37449.4,Saudi Arabia,2,189,6,9,0
14716609,41,97083.9,Germany,1,432,6,6,0
12144184,44,1730.0,USA,1,2,7,6,0
13938421,27,20706.9,Australia,2,35,8,3,0
4596906,29,1730.0,Spain,1,7,8,1,0
3894530,36,39683.8,Saudi Arabia,2,200,6,4,0
4408856,48,20929.4,Australia,1,64,8,5,0
997759,33,1730.0,Canada,1,24,6,1,0
11621819,44,57179.4,Canada,1,56,7,2,0
6763826,39,82728.8,Germany,2,425,6,5,0
6911976,39,48861.6,Spain,1,2,8,1,0
3131589,38,1730.0,Spain,1,25,8,7,0
14191100,34,53442.6,Saudi Arabia,0,205,7,3,0
2608782,36,33525.1,Canada,1,82,7,3,0
12089703,49,75346.2,Spain,1,96,7,1,0
6000510,32,14812.1,Spain,1,116,7,4,0
2196645,43,21843.9,Spain,2,399,7,10,0
5121803,45,21346.6,Spain,1,441,7,4,0
7900990,34,1730.0,Canada,2,63,8,0,0
1414870,45,9578.5,Spain,3,83,8,4,0
10136106,36,1730.0,Canada,2,15,6,3,0
3497828,33,60021.3,Germany,0,25,6,7,0
14317178,41,4739.7,Spain,1,24,8,2,0
3672686,42,82301.1,India,2,163,8,1,0
100827,33,3411.3,Spain,2,23,7,0,0
2499159,23,1730.0,Spain,1,29,6,2,0
8243000,57,62917.6,Canada,1,424,8,3,0
10384289,61,45999.0,Canada,2,358,8,6,0
16708376,18,35454.4,Saudi Arabia,2,98,6,3,0
6824539,29,76085.5,Saudi Arabia,1,181,8,2,0
1558449,49,40463.9,Mexico,1,174,6,1,0
12570510,53,38877.0,USA,2,57,8,2,0
6677670,39,5481.9,Spain,1,39,7,4,0
2068766,34,27700.1,Canada,1,73,8,0,0
14356685,60,55926.9,Saudi Arabia,0,88,7,6,0
3651591,35,26740.5,Saudi Arabia,0,405,7,4,0
1354136,41,1730.0,Spain,1,12,7,6,0
15519956,62,7493.0,Canada,1,51,6,3,0
6527413,25,1730.0,Canada,2,271,8,6,0
16318656,18,36800.2,Spain,0,78,6,1,0
5107633,33,104182.1,India,1,206,7,7,0
10280788,52,2814.3,Spain,2,45,8,2,0
7698987,52,31447.9,Saudi Arabia,2,84,8,3,0
1054870,62,90925.7,Canada,1,241,8,6,0
10955023,45,36734.7,Spain,0,310,7,10,0
3691371,26,93134.2,Canada,2,324,8,5,0
7079666,47,63343.8,Australia,1,81,8,10,0
8781524,43,1730.0,Spain,0,63,8,7,0
13099520,53,31374.6,Germany,1,57,8,3,0
2274237,34,1730.0,Spain,1,61,8,5,0
12519094,29,5633.3,Spain,1,66,7,3,0
2185971,36,48529.5,Spain,1,120,8,4,0
14050477,24,47167.9,Germany,2,74,7,2,0
15739241,28,110454.8,India,1,341,7,5,0
7657285,42,23463.9,Canada,2,29,7,1,0
11563623,35,43795.7,Saudi Arabia,1,55,7,1,0
4632183,31,76538.9,Spain,2,119,8,2,0
15386963,37,18515.6,Canada,2,136,8,6,0
8775263,48,1730.0,Canada,2,46,7,1,0
4168551,43,18123.0,Spain,2,42,8,2,0
12359372,27,15838.6,USA,1,256,8,3,0
15754997,22,17254.6,USA,1,50,8,3,0
9875741,50,33324.4,Spain,0,329,8,2,0
4962293,43,1926.1,Canada,1,59,8,4,0
15876003,28,33696.1,Spain,2,195,8,3,0
5027459,50,77314.2,Canada,1,139,8,11,0
14342638,43,48291.9,Australia,1,66,8,6,0
5283812,58,21127.3,India,2,232,6,9,0
12053156,58,1730.0,India,2,4,8,1,0
14396552,55,1730.0,USA,1,26,6,4,0
4610880,45,1730.0,Canada,2,48,8,2,0
775746,31,84237.5,Mexico,0,220,6,6,0
5292849,61,54763.1,Spain,2,130,6,7,0
589352,35,80719.5,Spain,0,167,8,3,0
8100187,28,65216.1,Germany,0,289,7,5,0
3714796,41,1730.0,Australia,1,45,7,3,0
15691367,41,47231.0,USA,1,60,6,3,0
6676745,46,37226.3,Spain,2,161,8,9,0
9953216,33,6425.0,Spain,2,94,7,1,0
5378074,32,49993.5,Spain,2,59,7,4,0
7021688,69,40674.8,India,2,335,8,7,0
9623935,27,1730.0,Spain,2,54,8,2,0
2220397,49,55105.9,Saudi Arabia,2,97,7,3,0
11505851,59,3842.5,Spain,0,102,7,1,0
8402618,68,43659.4,Canada,0,405,8,2,0
8258808,28,38240.7,Mexico,0,384,7,2,0
15990480,45,37051.0,Saudi Arabia,2,15,8,3,0
9979930,35,4630.0,Canada,1,10,7,2,0
11232302,39,1730.0,Germany,2,13,7,1,0
16044315,45,55389.5,Saudi Arabia,1,409,8,8,0
15317995,58,62041.4,Australia,1,258,6,4,0
474281,24,1730.0,Germany,1,30,6,1,0
4124475,32,60903.2,Germany,1,47,6,0,0
9057280,32,16215.3,India,2,45,7,3,0
16080076,22,1730.0,Canada,2,5,8,2,0
2986500,44,1730.0,Spain,1,49,8,2,0
5385593,53,1730.0,India,1,51,6,2,0
16626201,26,70964.8,Saudi Arabia,1,311,8,2,0
8476685,40,28976.8,Canada,2,46,7,5,0
11974110,32,26347.9,Saudi Arabia,1,203,6,2,0
1126407,49,23153.5,Canada,1,38,8,2,0
16504449,40,10085.8,Canada,2,276,8,6,0
5409821,29,38715.2,Germany,2,231,8,3,0
1962187,73,81600.4,Spain,0,280,8,9,0
13711558,29,5868.7,Canada,0,33,8,2,0
3506803,50,87709.8,Australia,0,211,7,5,0
7716644,47,33962.8,Saudi Arabia,2,84,7,4,0
15754526,44,100944.1,Germany,0,414,6,13,0
6627731,28,40826.8,Canada,2,400,8,2,0
10496211,50,22011.4,Canada,2,426,8,2,0
7332887,48,34629.9,Spain,1,8,8,1,0
5312928,26,11460.4,Spain,2,57,8,5,0
8293869,47,1730.0,USA,1,48,8,7,0
16602994,35,39499.8,Canada,2,109,8,5,0
11063149,40,79204.1,Spain,1,209,8,2,0
4857944,29,1730.0,USA,2,40,7,0,0
4734862,67,20812.5,India,1,64,6,4,0
7438751,24,82515.8,India,1,243,8,7,0
11249028,48,81083.0,Canada,1,179,8,6,0
11072686,53,32563.4,India,2,61,7,0,0
6964686,56,1730.0,Canada,1,45,8,2,0
537647,37,1730.0,Spain,1,60,7,1,0
13071966,28,10083.9,Canada,1,30,7,2,0
181513,49,1730.0,Saudi Arabia,1,38,7,3,0
10081717,37,25230.6,Australia,1,125,8,4,0
6448037,52,55165.9,India,0,22,6,4,0
15405549,30,89968.3,Canada,1,408,7,6,0
11377514,33,66868.0,Saudi Arabia,0,208,6,5,0
16774843,44,42341.7,Germany,1,87,7,4,0
7227537,60,39375.1,Spain,0,168,7,8,0
9735236,31,30544.1,Germany,1,93,6,2,0
12759380,31,25120.0,Saudi Arabia,1,61,6,7,0
9199320,23,93551.8,Australia,1,267,8,4,0
14853686,47,60470.5,Spain,1,290,7,2,0
14395032,43,18926.9,India,2,23,8,2,0
8480925,40,66983.8,India,0,227,7,2,0
14512987,52,1730.0,Spain,1,39,8,4,0
5676104,31,56588.8,Spain,0,272,6,6,0
9220920,52,58578.3,Spain,1,2,7,9,0
15183638,48,1730.0,Spain,1,43,8,1,0
7062030,32,1730.0,Spain,1,54,6,2,0
6595992,24,38794.2,Spain,2,70,7,1,0
2666922,36,58064.5,Spain,2,87,8,2,0
6723284,18,35072.7,Canada,2,108,7,2,0
11607198,41,1730.0,USA,1,70,8,6,0
16581470,46,43157.8,Spain,1,269,7,1,0
8159234,33,43440.9,Canada,1,69,8,4,0
15501429,39,58764.4,Spain,1,247,8,0,0
10242709,47,45359.7,USA,1,50,7,9,0
46017,53,24768.9,India,2,170,8,10,0
9660120,28,28515.3,Spain,1,49,6,2,0
8499679,30,3344.0,Spain,1,186,6,1,0
714698,51,39376.0,Mexico,0,132,8,4,0
611875,56,1730.0,Spain,2,33,7,3,0
12909359,73,16813.1,Canada,1,163,8,2,0
2314622,45,32638.6,Spain,0,33,6,0,0
6170818,44,90710.9,Mexico,1,205,7,4,0
14995350,18,32064.3,Saudi Arabia,2,1,8,2,0
589507,29,6445.7,Australia,1,53,7,1,0
7798631,39,48325.5,Saudi Arabia,0,128,7,11,0
12310224,36,1730.0,Spain,1,17,8,1,0
14270986,50,1730.0,Spain,2,6,8,1,0
16064935,45,5234.9,Spain,1,72,8,2,0
16636436,42,1730.0,Saudi Arabia,1,36,8,2,0
5619562,72,78819.9,Germany,0,368,6,3,0
13049219,19,17459.4,Spain,1,29,8,4,0
13000098,41,34425.2,USA,1,63,6,1,0
2482895,44,67884.3,Saudi Arabia,1,183,8,4,0
14858182,43,57605.0,USA,2,121,8,2,0
1252094,30,98184.4,Spain,1,337,6,4,0
8453866,33,15006.9,Canada,2,84,7,1,0
11614233,24,1730.0,India,1,52,8,1,0
5320700,29,41151.8,Canada,2,139,6,3,0
81949,36,47186.8,USA,0,406,8,2,0
8244380,25,44606.3,Spain,1,123,7,3,0
5384593,51,2999.6,Canada,0,120,7,0,0
14659678,25,1730.0,Canada,0,37,8,1,0
14391930,44,7040.9,Spain,1,20,6,2,0
4276651,32,68440.4,Saudi Arabia,1,152,7,2,0
584383,54,6373.9,Spain,0,79,8,1,0
6672003,19,86063.2,Germany,1,251,7,3,0
160349,30,82781.7,Canada,1,113,8,5,0
16595371,36,48404.0,Saudi Arabia,2,241,7,3,0
1985381,32,53204.4,Saudi Arabia,2,191,8,2,0
14924993,37,55211.2,India,0,100,7,8,0
8614227,32,29959.1,Spain,2,227,7,2,0
16136591,47,33302.8,USA,2,63,6,2,0
11470289,68,57297.9,Spain,0,303,7,4,0
2987165,39,30379.2,Saudi Arabia,2,42,7,2,0
15891323,57,83164.9,Spain,2,189,7,2,0
12292187,30,12229.0,Spain,1,48,6,3,0
16761994,56,40113.4,Spain,0,126,6,1,0
1978857,34,1730.0,Australia,2,48,7,3,0
734898,50,9043.3,Spain,1,246,6,6,0
15133349,42,47905.9,Australia,1,54,7,3,0
14554925,48,88681.0,Spain,2,207,8,4,0
12914413,52,15764.4,Canada,3,63,8,9,0
12624185,33,30001.9,Saudi Arabia,1,43,8,1,0
16196812,55,63218.2,Saudi Arabia,1,71,7,5,0
1210252,18,97331.8,Spain,1,287,8,8,0
9032359,47,46151.5,Mexico,0,52,8,3,0
2627619,45,49135.8,Spain,2,155,8,4,0
6859297,44,50399.4,Spain,1,323,8,3,0
2189115,27,1730.0,Saudi Arabia,1,65,7,1,0
1577054,26,86564.3,Saudi Arabia,2,45,8,2,0
129370,48,15535.3,Germany,1,63,6,6,0
10543117,46,34888.7,Saudi Arabia,1,390,8,2,0
11143097,45,1730.0,Spain,1,9,6,3,0
4398270,54,47963.3,Canada,1,184,7,7,0
2513597,38,84936.9,Saudi Arabia,2,232,8,9,0
12063343,37,21884.5,Australia,1,332,8,2,0
7682546,33,1730.0,Australia,1,3,8,1,0
13972304,47,51741.4,Spain,2,31,8,2,0
8697663,50,44111.9,Spain,2,55,7,2,0
5166138,38,34624.5,Australia,2,115,7,5,0
1022750,44,40182.4,Germany,2,178,7,1,0
5276104,50,37713.2,Canada,1,227,7,5,0
10548524,53,15584.8,Germany,2,8,6,1,0
7993315,45,1730.0,USA,1,6,7,1,0
1593305,61,1730.0,Saudi Arabia,1,81,6,1,0
1870975,59,94202.9,Canada,0,321,8,3,0
1429391,61,17167.5,Spain,0,250,8,2,0
10512908,58,1730.0,USA,1,12,8,1,0
15886335,25,20308.8,Spain,1,56,6,9,0
1712944,42,10173.2,Saudi Arabia,0,9,8,2,0
640753,20,48955.6,Canada,2,44,7,4,0
11458482,40,70136.1,Spain,1,5,6,1,0
2415190,41,8229.5,India,1,25,6,4,0
4353165,48,46287.5,Canada,2,152,7,2,0
15664351,57,12855.3,Canada,0,106,8,4,0
11572512,40,53475.3,Spain,1,264,6,13,0
12449730,41,25034.5,USA,1,379,8,2,0
12778676,47,14629.8,Spain,2,51,8,11,0
1898699,31,46994.5,USA,0,295,7,1,0
16154683,33,40884.2,Australia,0,105,8,3,0
10932042,56,75955.2,USA,0,367,7,10,0
12985393,57,7300.3,Canada,2,45,8,1,0
8973440,21,21181.2,Spain,1,422,8,2,0
14179102,41,55919.6,India,1,160,7,9,0
9306417,52,10987.8,Canada,1,338,8,3,0
1192111,29,14481.8,Spain,2,56,6,2,0
16530047,47,4404.7,Spain,1,47,7,0,0
9526267,44,40432.8,Canada,2,55,6,1,0
11963921,36,28462.0,Spain,1,98,8,10,0
6065299,49,1730.0,Spain,2,43,8,2,0
752612,49,28670.0,Canada,1,86,6,2,0
1984855,31,33759.3,Germany,1,62,6,1,0
15418367,42,35106.6,Canada,2,32,7,3,0
6069809,60,105274.1,Canada,1,254,6,2,0
13995082,27,25957.7,Canada,2,339,8,2,0
12363926,33,1730.0,Spain,2,46,7,2,0
7306316,31,1730.0,Spain,1,54,8,0,0
13915541,32,38061.2,Spain,2,328,8,2,0
423893,72,29396.9,Canada,1,73,8,4,0
7722660,50,5547.9,Canada,1,49,8,4,0
9116643,42,2800.5,Spain,2,0,8,1,0
12811459,41,82221.3,Spain,2,351,8,3,0
8222244,33,39941.7,Spain,1,160,9,3,0
10292238,44,23850.0,Spain,2,245,7,13,0
2002047,48,89411.2,India,0,165,6,13,0
3286451,44,30151.0,Spain,2,99,6,2,0
14081737,50,1730.0,Spain,2,12,7,2,0
9914147,42,1730.0,Saudi Arabia,1,211,8,2,0
13362640,46,33729.1,USA,1,80,7,2,0
74272,37,21714.2,Saudi Arabia,0,103,7,8,0
2603583,35,11746.2,Saudi Arabia,1,18,8,2,0
8408469,52,1926.1,Canada,1,67,8,4,0
3185524,29,1730.0,Saudi Arabia,1,36,8,3,0
7123877,52,1730.0,India,1,12,8,2,0
14971771,48,44636.3,Canada,1,189,6,4,0
15464306,33,7728.5,Saudi Arabia,2,23,8,2,0
8542785,36,45031.6,India,1,331,6,2,0
14856690,28,20342.9,Spain,2,65,7,3,0
14809847,41,1730.0,Saudi Arabia,2,29,8,2,0
5207691,28,28150.2,Spain,1,176,7,6,0
1089842,30,14733.8,Spain,1,59,6,2,0
7001511,37,51527.9,Saudi Arabia,1,53,8,2,0
4557070,47,60878.8,Spain,0,387,8,3,0
7458813,32,1730.0,Spain,1,178,8,1,0
5436988,35,81874.4,Spain,1,31,8,3,0
292361,51,1730.0,Canada,2,104,8,4,0
11730503,27,109691.7,Spain,0,248,7,3,0
8121146,40,61270.1,Spain,1,291,7,3,0
2211374,18,1730.0,USA,1,23,8,1,0
4217438,27,46326.8,Canada,1,10,7,1,0
11615224,40,82961.6,Canada,1,347,7,2,0
5777778,38,70741.7,USA,1,437,6,3,0
3133259,38,66821.8,Saudi Arabia,0,320,7,5,0
3520839,52,106125.7,Spain,1,390,7,2,0
9561593,60,56607.3,Spain,1,372,6,5,0
8112947,42,1730.0,Spain,1,136,8,4,0
9262462,59,7760.6,Canada,2,134,7,1,0
3060408,49,5024.7,Australia,1,89,8,3,0
5259205,49,42163.7,Spain,2,177,6,1,0
7372962,37,58575.7,Spain,2,263,7,1,0
3737724,50,49816.4,Spain,1,219,6,2,0
9740965,30,68593.7,USA,0,426,7,5,0
10115655,22,72533.9,USA,0,346,8,2,0
2741025,39,32736.7,USA,1,118,8,3,0
14693262,45,38430.6,Spain,1,68,9,2,0
3976503,18,38061.6,Spain,1,16,7,1,0
4569386,38,1730.0,Spain,1,20,7,1,0
3865160,33,6346.3,Saudi Arabia,1,0,8,1,0
15149576,33,70447.2,Saudi Arabia,0,434,6,5,0
3831125,30,69222.5,Canada,1,166,7,4,0
12039319,48,1730.0,Saudi Arabia,1,23,7,3,0
9269706,65,1730.0,Spain,1,73,8,1,0
1454317,38,1730.0,Spain,1,42,7,1,0
13104045,40,1730.0,Spain,1,78,8,1,0
14980079,42,68576.8,Germany,1,354,7,5,0
12112870,49,52469.3,Spain,1,187,8,2,0
2440889,28,30705.6,Spain,2,310,7,2,0
15369272,53,1730.0,Spain,2,125,8,6,0
592740,31,71761.3,Australia,0,360,8,5,0
8488454,39,86759.4,Canada,1,79,6,2,0
8303623,28,1730.0,India,2,65,7,2,0
516605,38,48445.5,USA,1,28,8,2,0
5194956,34,26777.0,Germany,1,137,7,3,0
16072168,32,1730.0,Spain,1,38,7,4,0
11383179,64,14474.1,Spain,1,148,7,2,0
2133229,42,44733.8,Spain,1,65,8,6,0
4764478,52,65921.9,Canada,1,318,8,2,0
9707883,42,97384.6,Canada,1,248,7,1,0
8518069,44,14498.7,Spain,1,116,8,2,0
11545242,48,79476.1,Canada,1,86,6,6,0
4012657,34,8946.5,Spain,1,213,8,2,0
1135621,27,51135.0,USA,1,34,7,2,0
14792737,29,42588.4,Canada,3,58,6,4,0
13923125,20,38484.7,Germany,1,51,8,1,0
8266611,61,37609.7,Saudi Arabia,1,183,8,2,0
295893,28,23056.2,Canada,1,143,8,1,0
15046447,63,1730.0,Spain,2,66,8,8,0
14668504,46,2610.8,Spain,2,71,7,0,0
4686938,22,1730.0,Germany,1,4,8,1,0
1324664,42,19636.9,Australia,1,81,7,2,0
1799968,22,3606.2,Canada,0,11,7,4,0
1183685,23,5949.3,Canada,1,61,6,2,0
4089657,64,24529.2,Canada,1,34,8,13,0
12744737,36,14506.8,USA,1,36,7,2,0
407202,28,1730.0,Saudi Arabia,1,51,8,3,0
11018804,54,55416.4,Australia,1,256,8,2,0
13781267,35,43942.1,Spain,1,38,8,12,0
14430390,34,40350.3,Spain,2,98,7,1,0
9491732,45,17780.2,Spain,2,202,7,2,0
2627885,29,33641.3,Saudi Arabia,1,203,8,4,0
5290979,26,44858.1,Australia,1,30,8,6,0
11504545,52,33946.8,Germany,0,133,7,1,0
6069757,62,54357.2,India,1,267,8,2,0
15015423,40,29708.0,Germany,1,40,7,3,0
8153300,30,10336.1,USA,0,30,8,7,0
6812037,30,2498.8,Spain,1,53,8,2,0
8785543,40,1730.0,Spain,1,16,7,2,0
7185733,35,17329.4,Canada,1,70,8,2,0
1001268,45,18872.3,Spain,2,30,8,2,0
4240291,32,29906.6,Spain,1,47,7,4,0
612599,41,34003.4,Canada,1,228,8,3,0
2313947,63,100699.0,Germany,2,299,8,1,0
3886171,32,29558.2,Spain,1,132,7,2,0
8464468,46,1730.0,Canada,2,1,7,2,0
11579237,35,1730.0,Spain,1,68,8,1,0
8882786,34,35587.0,USA,2,188,8,10,0
10424302,18,2231.7,USA,1,55,8,1,0
6248184,33,1730.0,India,2,47,7,2,0
7045237,38,74471.2,India,0,380,7,3,0
7045628,48,6501.7,Canada,1,62,8,3,0
8524463,57,51318.0,Canada,2,110,8,11,0
7770192,40,70546.0,Spain,0,39,7,5,0
14732364,38,14443.3,USA,0,297,8,1,0
11368550,56,1730.0,USA,1,46,7,2,0
10714238,48,75059.3,Spain,0,82,8,0,0
15020699,49,60973.5,Spain,1,236,6,0,0
301252,43,66944.3,India,2,258,8,3,0
1283006,37,21230.4,Canada,1,0,7,4,0
1904068,50,20295.9,USA,2,268,6,1,0
5462644,44,79246.4,Saudi Arabia,1,266,7,1,0
388087,52,77768.4,Germany,1,284,8,4,0
16643238,46,24536.5,India,1,74,6,2,0
98811,33,15147.9,USA,2,422,8,2,0
12742826,50,26188.5,Germany,0,402,8,8,0
4984709,39,41976.7,Spain,1,304,8,1,0
12424336,32,41546.9,Saudi Arabia,1,57,7,3,0
9459457,24,34981.8,Spain,2,127,8,5,0
10651205,28,24935.5,Canada,1,68,8,2,0
3377298,23,21326.2,Canada,1,70,8,4,0
3060935,42,44994.7,Spain,0,313,8,5,0
15236051,33,43454.5,Mexico,1,237,6,8,0
13944828,66,23563.4,Saudi Arabia,1,166,8,2,0
14927014,26,1730.0,Germany,1,0,6,2,0
12642296,36,1730.0,Canada,2,23,8,2,0
11511167,56,1730.0,Canada,1,35,6,1,0
7017766,33,57442.9,Germany,0,98,7,8,0
14395123,20,30024.6,Canada,2,366,8,8,0
1242501,35,41199.8,Canada,1,35,7,0,0
67073,30,92382.3,Canada,1,415,8,2,0
2415428,30,21603.2,Spain,1,0,8,8,0
3001607,34,1730.0,Saudi Arabia,1,70,6,3,0
15094726,32,32596.6,Spain,2,66,8,2,0
12391160,44,9944.2,Spain,1,49,7,5,0
10231431,57,20227.5,Saudi Arabia,1,61,6,0,0
7279983,19,31762.5,Germany,1,87,8,4,0
9166751,35,1730.0,Germany,1,42,6,3,0
918291,60,65221.1,Spain,1,298,7,2,0
13703294,45,77369.0,Canada,1,132,7,4,0
8157581,30,62127.8,Germany,2,360,8,5,0
10094189,40,63042.1,Saudi Arabia,0,386,8,7,0
3123236,48,1730.0,USA,1,56,6,0,0
3578268,43,30590.3,Canada,2,165,7,1,0
11855155,33,31725.2,Canada,0,75,6,3,0
15531273,37,19889.9,Spain,0,165,7,5,0
14759922,32,6624.3,Spain,1,4,8,2,0
5355356,37,1730.0,Canada,1,0,8,2,0
804810,47,15232.7,Spain,2,67,8,3,0
2612687,34,34455.4,Canada,1,29,8,2,0
926020,65,40639.3,USA,1,127,8,2,0
4632772,27,46528.2,Spain,2,205,6,3,0
15398234,35,1730.0,India,1,43,8,1,0
7270843,44,1730.0,USA,2,4,8,2,0
8432282,27,63805.6,USA,1,237,8,2,0
15984988,43,20583.4,Canada,2,48,7,2,0
8154097,18,67234.6,Saudi Arabia,1,323,8,2,0
10943060,52,46677.1,Spain,1,30,6,2,0
3665394,38,59114.3,USA,1,117,8,2,0
15301482,24,1730.0,Spain,2,35,8,2,0
15974045,57,15093.9,Spain,1,99,7,3,0
5114015,31,53766.1,Saudi Arabia,0,16,8,2,0
4353387,34,49730.0,Australia,3,136,7,3,0
6586337,34,14458.0,Saudi Arabia,2,67,8,4,0
12498738,29,50892.6,Saudi Arabia,1,7,6,1,0
54395,44,22852.2,Spain,1,189,6,8,0
3513748,19,77796.7,Spain,2,210,7,9,0
14148951,30,5446.8,Spain,1,79,7,1,0
12439835,29,20053.8,Saudi Arabia,1,11,7,1,0
5836207,67,1730.0,USA,1,55,8,2,0
1646109,46,1730.0,Spain,1,89,7,1,0
16343487,25,30447.5,Australia,2,258,6,2,0
1130925,71,40824.3,Spain,1,63,8,4,0
10041868,48,20685.5,Spain,1,90,7,3,0
1245856,42,18854.7,India,0,38,8,2,0
13200671,30,23979.6,Saudi Arabia,1,243,8,5,0
7386974,54,1730.0,India,2,23,7,2,0
5724880,36,29716.8,Australia,1,213,6,3,0
4636647,38,51137.1,Spain,1,10,8,2,0
789090,39,3445.2,Spain,1,52,8,2,0
4928133,38,1730.0,Canada,1,67,7,0,0
4940833,37,13142.5,Spain,1,24,6,0,0
11389540,44,37276.0,USA,1,7,7,6,0
3838486,48,49635.7,Spain,2,43,7,3,0
6782249,31,1730.0,Spain,1,3,7,1,0
4796880,32,12308.6,Canada,1,56,8,0,0
10476791,47,70647.3,India,1,319,8,9,0
1202551,35,1730.0,Germany,2,46,6,1,0
3956768,47,27219.4,Canada,1,33,6,2,0
6931182,59,7891.3,India,1,162,6,4,0
5330459,41,71917.3,Canada,2,370,8,3,0
6487393,18,66455.4,Australia,1,260,7,2,0
16215314,27,1730.0,Canada,2,44,8,2,0
2236547,44,1730.0,Australia,1,53,8,1,0
2663596,50,89464.7,Australia,0,74,8,3,0
2893648,34,64479.6,Saudi Arabia,0,413,6,5,0
10417837,71,1730.0,Spain,1,47,7,0,0
15944426,27,1998.4,Spain,1,24,8,2,0
8871505,59,1730.0,Spain,2,34,6,0,0
7146479,27,27481.2,Spain,1,39,7,1,0
3177706,34,57361.7,Canada,0,391,6,5,0
2298086,37,71560.2,Canada,2,86,8,4,0
10636608,40,1730.0,Canada,0,390,8,5,0
16683420,22,19447.3,USA,2,34,8,4,0
15633089,19,83953.3,Saudi Arabia,2,121,7,5,0
2946519,25,56075.9,Spain,1,102,7,4,0
9036308,44,36189.0,Saudi Arabia,1,191,7,1,0
15709614,48,41141.8,Saudi Arabia,1,139,6,2,0
15330236,46,15694.9,Spain,2,31,8,5,0
533272,49,6786.0,Canada,2,146,7,1,0
14555498,43,39761.3,Canada,1,84,8,8,0
14673152,38,12322.6,Saudi Arabia,1,41,6,2,0
13651407,46,18740.8,USA,1,198,8,1,0
2747792,24,1730.0,Australia,0,35,8,1,0
14032717,32,2086.3,Australia,1,255,6,3,0
756768,40,46018.7,Spain,2,52,8,2,0
93751,55,52677.5,Spain,2,207,6,5,0
1669849,18,13094.4,Spain,1,215,7,1,0
15275163,47,26112.5,Spain,1,114,7,1,0
14055377,31,34448.4,Australia,2,8,6,0,0
9970481,34,17359.8,Saudi Arabia,1,425,7,0,0
1214954,32,69903.1,Spain,2,107,8,3,0
6553225,32,17834.0,Spain,2,89,6,0,0
11403806,28,22881.6,USA,2,48,6,1,0
6482089,38,54947.4,Canada,2,213,7,6,0
6328154,51,15367.9,Saudi Arabia,2,0,8,2,0
10129654,41,1730.0,Spain,1,203,7,2,0
12743581,51,5549.0,USA,1,85,8,1,0
4524019,49,57039.8,Spain,1,123,8,9,0
1137412,42,4285.0,Australia,0,185,8,3,0
1423582,36,10145.0,Spain,2,211,6,2,0
15871219,58,78385.4,India,1,228,6,3,0
15195858,40,14627.7,Canada,2,66,7,2,0
318172,54,51836.3,Saudi Arabia,1,74,6,8,0
16727088,36,22013.7,Canada,2,62,7,1,0
4823494,26,5186.6,Spain,0,77,8,2,0
2314221,29,28826.2,India,2,69,8,0,0
7882960,32,36739.3,Spain,1,72,8,2,0
2745994,29,45069.1,Canada,1,25,7,3,0
4980430,60,41729.9,Canada,1,142,8,1,0
9515687,54,64559.6,USA,2,239,7,3,0
3651816,51,76401.3,Germany,1,285,8,3,0
4893556,62,35536.4,Spain,2,219,7,7,0
3547998,49,32857.4,Spain,0,350,8,8,0
13199294,35,42060.5,Canada,2,219,6,3,0
5717143,29,1730.0,Spain,2,41,7,2,0
2154418,40,44389.7,Spain,1,168,6,1,0
2241061,31,20637.5,Spain,2,64,8,3,0
4455891,32,2123.7,Spain,1,66,7,2,0
12180206,23,21676.2,Canada,2,64,6,2,0
3282941,40,1730.0,USA,2,0,7,0,0
9371748,53,35104.9,USA,2,174,6,7,0
4355048,52,57059.2,Saudi Arabia,1,334,8,9,0
10204547,47,100325.3,Spain,1,415,8,8,0
2331701,42,56401.7,India,0,205,7,5,0
12759736,27,98586.4,Canada,0,326,7,4,0
13184771,35,27695.0,Saudi Arabia,1,46,8,2,0
5523998,42,30695.4,Canada,1,6,6,7,0
1324481,30,78024.8,Spain,0,439,7,4,0
6592821,18,86058.1,Australia,1,337,6,4,0
1633428,49,17978.4,Saudi Arabia,1,205,7,2,0
8608233,42,1730.0,Spain,2,106,6,1,0
6393088,33,65504.3,Spain,1,68,7,0,0
14317186,50,53197.2,Canada,1,77,8,1,0
8318853,37,4461.8,Spain,1,23,8,2,0
1384290,34,14167.2,Saudi Arabia,1,44,8,5,0
14837492,55,101891.4,Germany,0,248,8,6,0
5146213,50,18698.8,USA,1,103,8,2,0
4444510,29,27586.9,Spain,0,216,7,8,0
1746372,40,1730.0,Canada,2,20,7,2,0
15210574,33,48169.8,Spain,2,50,8,4,0
1457842,18,55212.2,Canada,0,57,6,6,0
136367,48,12804.9,Spain,1,86,8,6,0
16440164,39,1730.0,Australia,2,18,7,1,0
8395393,27,7739.2,Spain,2,61,8,2,0
4359557,37,1927.7,USA,2,9,7,3,0
2486385,38,26696.5,Spain,1,191,7,3,0
3464017,31,37437.0,USA,1,74,8,2,0
537593,41,28817.1,India,1,13,8,9,0
3764827,28,16597.6,Spain,1,62,8,2,0
10919769,30,51698.0,Saudi Arabia,0,391,6,2,0
1271658,25,1730.0,Spain,1,149,6,1,0
14254354,72,7753.2,Spain,1,333,7,0,0
9163040,56,2630.9,Spain,1,43,8,3,0
6730103,18,8108.5,Saudi Arabia,2,170,6,0,0
6083656,38,42022.2,Spain,2,58,6,7,0
5087406,55,18170.8,Saudi Arabia,1,164,8,2,0
14091214,38,1730.0,Canada,1,16,8,3,0
16501944,44,16189.6,Spain,1,21,8,7,0
3797163,34,16878.9,Germany,1,172,6,5,0
8613926,35,1730.0,Canada,1,4,8,1,0
12759326,43,40300.1,Australia,1,206,6,4,0
5004848,40,23626.8,Canada,2,4,7,0,0
11420701,39,60617.9,Canada,1,240,7,9,0
41852,35,3506.8,Saudi Arabia,1,209,8,0,0
7853008,38,21232.8,Australia,1,431,7,10,0
10672104,33,23304.4,Spain,1,30,6,2,0
14765537,41,1730.0,Spain,1,53,7,2,0
7155745,40,30244.4,Australia,1,73,8,1,0
4160055,35,13889.0,Germany,2,152,8,7,0
1668333,32,16421.6,Australia,2,185,8,3,0
12814401,48,35286.6,Saudi Arabia,2,43,8,0,0
12408521,43,6853.0,Saudi Arabia,1,42,7,1,0
16309669,51,63521.2,Canada,0,172,7,3,0
5827053,50,50634.7,Spain,1,229,8,6,0
7970185,35,54021.4,Saudi Arabia,0,28,8,6,0
7708472,44,19458.0,Spain,1,8,8,1,0
10699953,48,23803.3,Spain,2,41,8,2,0
11035240,34,43908.5,Spain,1,7,7,2,0
13495505,34,65591.4,Spain,0,27,8,2,0
3848962,31,38732.8,Spain,1,292,7,2,0
11535007,42,26159.5,Spain,1,15,7,1,0
251800,57,35442.6,Spain,1,212,7,2,0
6611507,44,15090.9,Spain,1,135,7,4,0
3709694,53,39895.4,Saudi Arabia,2,159,7,4,0
15616231,71,21739.1,Canada,1,197,8,1,0
6145705,37,1730.0,Spain,1,10,7,1,0
12169423,44,37412.8,Canada,0,62,8,4,0
16616952,36,99261.8,Canada,1,376,8,2,0
9806595,23,1730.0,Canada,2,115,7,1,0
8822882,47,1730.0,Spain,1,36,7,2,0
12665452,59,13225.7,Canada,2,40,6,3,0
1011256,59,29684.8,Spain,1,94,8,6,0
16386799,25,1730.0,Australia,1,47,7,1,0
1672333,56,52591.1,Spain,0,217,6,2,0
9355299,47,44896.8,Spain,3,51,7,2,0
4000783,59,23297.0,Spain,2,209,8,2,0
11316779,58,55379.0,Spain,1,170,8,3,0
15372254,40,34376.9,Spain,0,161,6,0,0
16730667,18,20661.7,Saudi Arabia,2,106,8,1,0
16486715,44,1730.0,Canada,2,15,8,2,0
15214368,34,1730.0,Canada,1,17,6,1,0
7859217,44,1730.0,Saudi Arabia,1,10,8,1,0
4521603,35,1730.0,Canada,2,74,6,2,0
13566081,51,7301.6,Saudi Arabia,1,34,9,3,0
4141654,58,13201.8,Spain,1,156,7,3,0
4581545,28,25499.5,Canada,1,33,7,6,0
4753475,32,1730.0,Spain,2,60,8,2,0
6937667,39,106636.6,Spain,1,372,8,6,0
342780,18,36951.1,Spain,1,77,8,4,0
2296483,54,1730.0,Australia,2,99,8,4,0
15259682,30,86257.2,Germany,0,135,7,9,0
6314125,43,54031.6,Germany,2,244,7,2,0
1615660,44,109769.9,Saudi Arabia,0,365,6,3,0
15656195,62,8601.0,Spain,3,92,6,2,0
7546226,44,37395.1,Canada,2,78,7,3,0
759344,28,22259.1,Canada,1,37,8,9,0
2658681,48,6568.8,Saudi Arabia,1,48,6,1,0
4322363,34,54676.8,Spain,1,287,7,2,0
6019877,30,1730.0,Canada,1,28,8,1,0
11503665,31,8754.0,Saudi Arabia,1,2,7,1,0
10152218,29,1730.0,Spain,1,61,7,1,0
6869815,32,71527.7,Spain,0,281,8,5,0
5759417,52,39235.8,Germany,1,111,7,5,0
1549159,42,49176.9,Canada,2,139,8,6,0
4420599,30,1730.0,Spain,2,23,8,0,0
16664982,29,1730.0,USA,1,32,8,5,0
16522073,67,1730.0,Saudi Arabia,2,70,7,6,0
10381861,24,22285.7,Australia,2,75,6,2,0
6087878,42,35129.8,Australia,2,50,7,1,0
16415078,27,63860.2,Canada,1,67,7,3,0
3418187,36,87246.0,Spain,2,221,7,2,0
1825059,36,1730.0,Spain,2,55,6,0,0
14488334,34,1730.0,India,1,96,8,4,0
1554164,30,1730.0,Spain,1,57,7,3,0
11385342,27,10688.5,Spain,1,18,6,1,0
2157465,51,17079.8,India,0,79,7,7,0
16434833,40,39713.5,Canada,2,177,7,1,0
7243046,31,51905.2,Australia,1,90,6,10,0
4898351,30,68715.6,India,2,438,8,11,0
3796425,25,60703.4,USA,2,320,6,5,0
2344954,33,2031.4,Spain,1,22,7,3,0
6703068,42,1730.0,Saudi Arabia,2,165,7,2,0
8136712,55,99114.3,Canada,2,260,6,4,0
26676,39,23158.5,Saudi Arabia,0,61,8,3,0
10064855,42,26244.9,Spain,1,50,8,1,0
5105826,29,1730.0,Spain,1,3,8,0,0
14142409,48,55508.0,Canada,0,428,8,11,0
11506188,61,61897.4,Spain,0,371,7,3,0
4915141,49,68638.7,Spain,0,279,8,5,0
15454680,28,28483.4,Canada,2,98,7,0,0
3394472,31,20499.1,Canada,2,50,8,1,0
1032292,30,13929.2,Germany,1,55,7,4,0
13790554,41,20187.4,Germany,1,144,7,1,0
9672782,28,40052.4,Mexico,1,46,7,1,0
7258771,26,49140.8,Spain,1,91,8,7,0
6537318,60,13880.8,Spain,1,338,7,3,0
12396107,43,102806.0,Saudi Arabia,0,223,7,4,0
399616,41,39184.9,USA,1,53,6,3,0
6498178,30,7710.9,India,1,131,7,6,0
8476215,28,13346.4,Spain,1,130,6,2,0
8188951,52,79774.9,Canada,1,299,8,2,0
8629687,39,37515.5,Spain,2,122,7,6,0
8183435,28,23970.5,Canada,2,397,8,3,0
15688457,32,71536.1,Spain,1,164,8,12,0
330978,36,4626.4,Australia,1,236,7,3,0
7505969,62,76995.7,Canada,1,136,7,3,0
884891,35,8458.0,Spain,1,51,8,1,0
1449312,64,37098.0,India,2,439,8,3,0
14110679,28,49751.9,Spain,3,47,7,11,0
3897166,32,13692.8,Australia,1,113,7,1,0
948800,20,1730.0,Spain,1,42,7,1,0
5479454,41,34424.0,Canada,2,408,8,1,0
1557643,45,23084.4,Spain,2,64,6,1,0
2989382,46,1730.0,Canada,1,23,8,1,0
9422096,32,1730.0,Spain,1,10,8,2,0
578055,27,30034.5,Germany,0,80,8,2,0
3034903,39,28936.9,Spain,2,5,8,1,0
5943876,36,99086.1,Spain,0,136,7,3,0
2547367,37,1730.0,Spain,1,31,6,6,0
8428135,41,43102.8,Canada,1,373,6,13,0
13657768,33,1730.0,Canada,1,143,8,2,0
6644001,18,2111.4,Spain,1,82,8,3,0
2527661,30,1730.0,Spain,2,53,8,1,0
3620421,27,20692.6,Saudi Arabia,2,43,8,2,0
7462570,42,76832.2,USA,2,112,7,1,0
11683760,65,20838.9,Spain,2,108,7,2,0
4816008,39,1730.0,Spain,1,35,8,1,0
13067911,42,59742.5,Canada,2,320,6,7,0
1221556,40,94795.8,Spain,2,399,7,3,0
16059900,34,70302.7,USA,1,429,6,4,0
15268336,34,10471.0,Germany,1,48,8,6,0
16173520,39,16227.8,Canada,2,65,7,2,0
15316727,32,6112.9,Spain,2,47,8,2,0
4839180,60,35983.9,Canada,0,200,8,1,0
14272300,38,1730.0,Canada,0,38,7,4,0
12335343,28,49581.7,Germany,2,245,8,8,0
7860627,31,14783.8,Spain,1,26,7,4,0
2899142,38,8122.3,Australia,1,211,8,3,0
13740251,40,69213.9,Spain,2,141,7,2,0
13622366,48,40915.7,Saudi Arabia,2,308,7,1,0
8531215,31,36400.5,Germany,1,81,7,3,0
6963653,29,15522.2,Saudi Arabia,1,132,6,1,0
1975569,34,1730.0,Germany,2,95,7,3,0
16100295,30,31814.1,Germany,2,332,6,6,0
1849815,37,27607.0,Australia,1,284,7,3,0
6661361,31,1730.0,Canada,2,79,6,1,0
5590367,34,1730.0,Saudi Arabia,2,42,8,2,0
1209807,36,35973.3,Canada,1,36,6,2,0
2332954,34,1730.0,Spain,1,0,8,1,0
11115558,29,56978.3,Spain,1,210,7,1,0
1596983,43,56908.6,Canada,0,107,6,0,0
2975874,36,52717.2,Spain,2,38,8,6,0
8078736,44,93795.3,Spain,0,403,7,5,0
267252,18,1730.0,Spain,1,53,8,2,0
11328681,47,48357.3,USA,1,53,6,3,0
13712118,39,30059.5,Germany,1,302,7,4,0
13717057,36,1730.0,Saudi Arabia,2,52,6,4,0
3600931,36,15678.4,Saudi Arabia,2,38,8,1,0
1068382,38,62401.9,Spain,2,158,7,2,0
1681371,41,23253.7,Canada,1,135,6,3,0
14518976,30,1730.0,Canada,1,34,7,2,0
10327655,32,64737.4,Spain,1,22,7,0,0
6244381,59,40559.3,India,1,102,6,3,0
12630358,36,5986.7,USA,1,51,8,6,0
1669876,65,51308.4,India,1,218,7,9,0
7980495,44,94882.4,Canada,2,417,7,5,0
1686065,46,82252.0,Spain,0,157,8,5,0
11656282,28,28850.6,Canada,0,423,7,6,0
11179157,27,94975.1,India,0,397,6,4,0
9602976,37,19977.9,Spain,1,53,7,2,0
8427928,50,1730.0,Canada,1,29,8,8,0
6506495,48,1730.0,Spain,1,34,6,2,0
5539408,45,75316.0,Spain,2,144,8,6,0
3580218,32,3444.9,Germany,2,109,8,2,0
2706835,26,68622.1,Spain,1,143,8,11,0
6652987,35,45548.0,Canada,2,151,6,5,0
11524346,65,1730.0,Canada,1,81,7,2,0
8965591,33,54897.4,Spain,1,121,7,5,0
2557560,30,90522.1,India,2,411,7,5,0
2457357,42,58085.2,Spain,1,227,6,4,0
10421480,44,1730.0,India,1,53,7,1,0
3072875,37,1730.0,Spain,1,51,7,3,0
6374166,28,19177.4,Canada,2,109,6,7,0
8253413,39,2699.2,Canada,1,39,8,9,0
9038444,61,1730.0,Spain,1,229,8,2,0
15870990,34,42395.0,Spain,1,47,7,3,0
1030706,58,20461.5,Spain,0,20,8,5,0
8466602,28,1730.0,Spain,1,28,7,2,0
7307275,18,101545.1,India,0,269,8,10,0
7913919,21,26186.0,India,1,119,7,1,0
5343884,19,67719.1,Germany,0,132,7,5,0
12322711,30,6705.7,USA,2,88,7,2,0
9653938,47,19512.9,Canada,2,73,7,2,0
896629,49,76370.2,Germany,1,151,7,3,0
3974186,47,54468.5,Australia,1,190,6,9,0
6451038,45,26733.1,Canada,1,18,7,0,0
14617801,25,30405.8,Spain,1,51,6,1,0
9021731,39,1730.0,Germany,2,0,8,0,0
10434395,39,30340.3,Canada,1,125,8,2,0
2128618,28,64511.0,Spain,0,228,8,6,0
14675146,45,1730.0,Spain,1,56,6,2,0
10389892,43,8925.9,Spain,2,9,8,2,0
4588072,24,47017.1,Spain,2,112,8,5,0
4137541,18,1730.0,Canada,1,58,7,1,0
5893894,33,14424.8,USA,1,160,8,2,0
3511723,23,1730.0,Germany,1,22,7,3,0
3071870,42,72205.8,USA,1,68,8,3,0
15888850,60,14444.1,India,0,330,8,1,0
11149537,25,3184.6,Spain,0,28,7,4,0
7750146,31,20261.7,Canada,1,86,8,1,0
12535715,58,59822.9,Spain,1,270,6,5,0
16361765,36,35585.4,Germany,1,275,8,4,0
2443074,51,17410.1,Germany,1,51,8,2,0
10994957,25,15273.6,Saudi Arabia,1,3,7,1,0
6902863,54,51728.2,Mexico,1,135,7,5,0
13118140,45,31039.5,Spain,0,23,7,3,0
15947418,32,16363.1,Germany,1,101,7,3,0
12536341,22,1730.0,Spain,1,64,8,2,0
6235163,44,45967.6,Saudi Arabia,2,85,7,5,0
15378508,43,1730.0,Spain,1,337,8,3,0
12663656,27,17022.4,Spain,1,28,7,1,0
4814641,27,5605.2,Canada,1,6,8,1,0
13931037,58,69760.9,Spain,1,69,8,4,0
14654985,22,1730.0,USA,1,34,8,1,0
7373299,45,48119.4,Spain,1,355,8,13,0
11432603,39,36487.2,USA,1,135,8,10,0
190694,38,55796.4,Germany,2,310,7,0,0
6615549,53,8588.4,Spain,1,419,8,2,0
4023616,27,1730.0,Spain,1,111,7,1,0
3128269,45,55416.2,Canada,1,38,7,3,0
12719165,42,1730.0,Canada,1,185,8,1,0
11634660,23,1730.0,Spain,2,33,6,3,0
14831221,58,1730.0,Spain,0,203,6,11,0
5691598,31,29184.5,Canada,0,173,7,2,0
7171463,50,33709.8,Spain,2,56,7,1,0
11210920,20,67637.3,Spain,1,164,7,4,0
15513714,47,32311.8,Spain,1,28,8,2,0
8110991,59,12108.5,Canada,1,12,8,1,0
3081505,29,1730.0,Australia,2,119,8,5,0
13504940,40,8984.1,USA,1,43,8,0,0
12709703,47,33368.1,Spain,0,184,8,2,0
3385235,34,55658.3,Germany,0,260,8,2,0
13760184,28,31001.3,Mexico,1,351,8,3,0
3185769,25,32590.8,Spain,0,27,8,2,0
5603766,60,1730.0,Spain,1,10,8,2,0
8045073,34,15256.8,Canada,1,63,8,2,0
1471250,31,18839.1,Canada,1,13,8,1,0
8827237,38,42812.1,Spain,2,14,8,2,0
15003326,20,50570.7,Germany,1,22,7,4,0
15377923,40,31803.7,Canada,1,208,7,10,0
7155733,44,79427.1,Spain,0,318,8,7,0
11890407,43,1730.0,Spain,1,18,8,1,0
3375147,28,89921.7,Spain,1,360,8,2,0
570518,52,1730.0,Germany,1,86,7,3,0
5642879,34,38025.8,Spain,1,65,7,3,0
5129559,50,31650.1,Australia,1,56,8,4,0
4979834,44,1730.0,Canada,1,7,8,1,0
7238607,51,74304.9,Spain,2,62,8,2,0
12747590,42,81322.9,Saudi Arabia,0,158,8,2,0
8304430,40,25989.7,Canada,1,314,7,2,0
2040259,39,58918.3,India,2,401,8,4,0
15548959,42,27916.2,Australia,1,302,7,6,0
6220179,28,38909.3,Spain,1,111,8,1,0
4306822,30,32902.0,Saudi Arabia,1,64,6,4,0
2781040,44,45818.8,Spain,2,187,9,6,0
8769006,50,1730.0,Spain,2,11,8,2,0
9528598,40,36223.3,Spain,1,59,6,3,0
8205931,47,3716.4,India,2,50,7,1,0
4498560,32,25960.4,Australia,1,88,7,2,0
15719678,34,77301.4,Spain,2,319,7,6,0
5819998,48,32992.7,Germany,1,36,8,1,0
15440067,35,67878.1,Spain,1,316,6,2,0
6648694,34,69302.8,Canada,2,116,9,2,0
5979748,50,35851.1,Saudi Arabia,1,21,8,2,0
14258091,21,48715.8,Spain,2,62,6,2,0
7364037,39,7040.8,Canada,1,326,8,7,0
4327655,39,1730.0,Australia,1,58,7,3,0
9379091,32,95860.8,Spain,2,288,6,3,0
9805674,48,36645.4,Spain,1,314,6,6,0
14949624,57,39918.6,Canada,3,302,7,2,0
1533274,31,96422.2,Australia,0,143,8,11,0
6130054,47,31973.0,Germany,1,72,6,1,0
4059819,29,65058.8,Spain,1,221,8,2,0
12214173,44,22310.2,Spain,2,59,8,1,0
3038380,44,18252.1,Spain,1,198,8,6,0
7307918,28,31854.3,Saudi Arabia,1,59,7,4,0
7577517,32,27727.6,Spain,1,162,8,2,0
11362846,36,51760.3,USA,1,369,7,1,0
7815002,58,42173.4,Canada,2,28,6,1,0
12558276,20,18344.8,Canada,2,37,6,1,0
5772653,40,31787.2,Spain,1,81,8,2,0
7409242,47,37803.7,India,2,39,8,1,0
433681,34,1730.0,Spain,2,11,7,0,0
16723264,48,9909.0,Saudi Arabia,1,146,7,1,0
16350174,22,16561.1,Spain,1,69,7,2,0
11817932,50,1730.0,USA,2,56,8,0,0
11606660,18,17565.5,Spain,2,190,6,0,0
10214947,39,89985.6,USA,1,232,6,5,0
9691874,41,87679.7,Spain,1,207,7,3,0
5707786,18,79980.9,Canada,1,254,6,6,0
5769346,41,30529.8,Spain,1,46,6,2,0
8621266,35,4810.2,Canada,1,45,6,2,0
13757764,43,40355.7,Germany,1,131,6,2,0
11580389,40,1730.0,Australia,2,196,8,1,0
12369607,20,1730.0,Canada,1,24,8,2,0
7991378,62,69466.9,Saudi Arabia,1,184,7,2,0
3888963,46,39629.0,Spain,2,84,7,2,0
13034141,34,6198.6,Saudi Arabia,2,100,8,1,0
1667650,28,46317.1,Saudi Arabia,2,0,8,1,0
12347040,30,56846.9,Saudi Arabia,2,407,7,5,0
3171681,43,72761.5,USA,2,145,8,2,0
2569265,43,21102.4,India,2,55,8,2,0
5970604,29,1730.0,Saudi Arabia,2,81,6,2,0
12604678,34,51721.3,Spain,1,70,8,1,0
1304798,26,15789.4,India,2,17,7,13,0
155921,42,19234.6,India,1,74,7,0,0
2871993,40,29712.2,USA,1,194,8,2,0
12772869,56,46532.6,Saudi Arabia,1,438,7,6,0
10559913,43,18414.4,Saudi Arabia,2,260,6,3,0
3109288,32,9506.7,Saudi Arabia,1,53,8,2,0
11681387,31,1730.0,Spain,1,76,8,2,0
1462187,36,77143.5,Australia,1,272,6,5,0
8042855,20,1730.0,Saudi Arabia,1,47,8,3,0
12964488,45,43680.8,Saudi Arabia,1,344,8,3,0
11915602,39,49782.5,Australia,1,56,7,4,0
3529602,33,1730.0,Spain,1,48,6,2,0
1601061,49,68003.3,Canada,2,195,6,2,0
9530961,25,24381.5,Saudi Arabia,1,61,7,4,0
15820123,28,76226.0,Germany,2,167,6,12,0
7909474,38,14534.4,Saudi Arabia,1,18,7,0,0
15908635,32,1730.0,Spain,1,61,6,3,0
16438845,40,62667.0,Spain,1,369,7,8,0
14809176,27,80882.1,Canada,0,104,7,4,0
7550187,53,76082.4,Spain,1,159,6,2,0
9027664,32,15544.1,Spain,2,54,7,2,0
8467982,54,1730.0,Spain,1,72,8,2,0
898146,27,1730.0,Saudi Arabia,1,50,8,3,0
14360721,42,59802.5,Spain,2,226,8,3,0
11781979,40,20780.7,Canada,2,77,8,4,0
12097929,20,48328.7,India,0,307,6,4,0
9461427,45,28284.3,Germany,1,107,7,6,0
7087245,40,33335.2,India,2,21,7,2,0
14957270,37,70336.9,Australia,2,268,7,5,0
5901688,55,8718.8,Saudi Arabia,1,59,7,4,0
10762549,38,32131.3,Saudi Arabia,1,47,8,1,0
3364029,46,47119.6,USA,1,51,8,2,0
4254303,41,65702.2,Spain,1,117,6,4,0
3013690,61,49722.1,Germany,2,56,8,2,0
15555014,51,69880.6,Spain,1,122,8,3,0
3194099,40,58456.2,Spain,1,0,7,3,0
7314649,39,23843.3,Spain,1,140,8,3,0
12901104,42,2011.6,Canada,1,5,8,3,0
6218236,63,41532.8,Canada,1,280,6,7,0
13770490,37,63513.8,Spain,2,64,8,2,0
5279753,59,1730.0,Canada,1,1,8,2,0
1878779,18,75112.6,Spain,1,439,7,3,0
14485348,27,60149.9,Spain,1,124,6,3,0
6800828,33,46073.5,Spain,1,73,7,1,0
6980526,31,67784.7,Mexico,0,409,8,6,0
15952716,57,73119.1,Spain,0,262,8,1,0
4161435,50,54483.5,Canada,1,319,9,5,0
12196694,70,1730.0,India,2,75,8,1,0
5108823,40,35056.0,Canada,1,216,6,6,0
7228389,30,25276.9,Canada,0,50,7,0,0
467222,27,52795.5,Canada,2,46,8,4,0
9900482,47,4922.3,India,2,45,7,2,0
4105806,29,76290.3,Australia,1,79,8,9,0
9189584,43,32861.2,Spain,1,55,8,2,0
10144535,31,30093.8,Canada,1,34,6,2,0
14585958,21,1730.0,India,1,30,7,1,0
8024465,39,82015.0,Canada,0,197,8,3,0
2367514,35,67676.7,Germany,2,15,6,1,0
15482782,60,35006.5,Spain,1,32,6,2,0
3194966,56,66675.2,Spain,0,326,7,1,0
5530409,35,25205.0,Spain,2,74,6,4,0
6578699,26,18274.8,Canada,2,360,6,5,0
12251565,47,44726.0,Canada,0,417,7,3,0
14918858,50,1730.0,Spain,1,68,6,2,0
2974921,35,50032.2,Saudi Arabia,1,387,7,1,0
10120500,41,38177.8,USA,0,375,8,4,0
2034735,40,52370.0,Spain,2,187,6,2,0
4680501,32,13249.5,Mexico,1,51,7,3,0
10165676,41,1730.0,Spain,2,13,8,2,0
10618366,51,60264.9,Spain,0,97,7,8,0
14517178,42,1730.0,Australia,2,104,7,4,0
1676087,39,98690.0,Australia,0,406,6,3,0
11365049,26,14263.1,Spain,1,79,8,0,0
13097591,53,41569.2,Canada,1,308,8,5,0
10202535,47,30304.7,Canada,2,404,8,11,0
3396151,24,1730.0,Saudi Arabia,1,2,6,2,0
4343545,36,1730.0,Germany,0,73,8,6,0
2132291,41,15322.3,Germany,1,81,8,2,0
6672216,27,1730.0,Spain,1,190,8,3,0
5994608,34,1730.0,Spain,1,25,7,2,0
12952127,32,1730.0,Canada,1,5,8,2,0
3950253,38,12629.3,Spain,1,61,8,1,0
9245461,49,17844.3,Australia,2,32,8,2,0
12070817,44,19989.8,India,0,91,7,3,0
4427216,32,30425.5,Spain,2,203,8,4,0
3532245,72,42052.4,Saudi Arabia,1,386,8,2,0
11204043,49,52927.9,Spain,2,207,7,6,0
11705058,23,46861.9,Spain,1,60,6,2,0
5910915,58,45370.7,Spain,2,214,6,0,0
3015879,33,56448.5,USA,1,421,8,6,0
6802842,33,39136.4,Spain,1,59,8,2,0
3610893,27,17902.9,USA,1,430,8,3,0
4066060,18,18539.1,Spain,2,0,7,1,0
14772003,60,4021.7,Mexico,1,4,9,0,0
12972381,43,16778.9,Canada,2,22,8,6,0
8908661,35,68506.4,Spain,2,411,6,7,0
5207165,30,65658.0,Mexico,1,221,6,13,0
8416567,51,44425.3,USA,0,141,8,1,0
8793205,35,1730.0,USA,1,79,7,9,0
8790731,18,10303.4,Canada,1,55,8,2,0
4858250,73,33395.3,Germany,1,369,6,2,0
15557438,58,4627.9,Spain,1,62,6,2,0
8761918,62,12428.7,Spain,1,22,8,2,0
686220,51,89386.6,Spain,2,393,6,13,0
9350032,37,1730.0,Canada,1,30,7,2,0
2146305,28,56975.6,Germany,2,352,8,4,0
8426506,46,37032.2,India,1,52,8,12,0
4698473,31,16965.0,Canada,2,211,7,1,0
1706059,60,17998.2,India,2,86,8,3,0
10236879,38,2178.6,Spain,2,105,6,3,0
13272992,36,11043.8,Germany,1,128,6,1,0
14209469,39,1730.0,Spain,1,69,8,1,0
5385527,31,28140.8,Spain,2,81,7,0,0
10094770,58,1730.0,Spain,1,53,6,2,0
7678221,28,54436.7,Spain,2,423,6,4,0
3732872,36,59784.1,Spain,1,253,8,2,0
8435552,51,7159.5,Spain,0,263,7,3,0
1740270,32,35737.9,Spain,1,368,7,12,0
850787,31,23597.3,Spain,2,86,7,2,0
712539,32,1730.0,Spain,1,188,7,3,0
2048751,23,28381.6,India,1,201,8,9,0
2178126,35,9201.1,Canada,0,126,6,13,0
12376220,42,13381.4,Australia,1,95,7,3,0
13079112,47,27007.6,India,1,104,7,4,0
4204263,63,1730.0,Germany,2,156,7,10,0
11449516,62,7565.9,Germany,2,58,7,2,0
8212570,66,30293.7,Spain,1,80,8,3,0
3580891,66,11597.4,Saudi Arabia,1,27,7,2,0
12301207,32,41112.3,Saudi Arabia,1,50,6,1,0
9801310,26,60355.3,Saudi Arabia,2,338,6,3,0
7969047,46,7789.1,Spain,1,43,6,2,0
11833544,33,111601.9,Saudi Arabia,0,54,6,3,0
3679100,43,17329.6,Canada,2,26,7,0,0
9472367,36,5346.2,Saudi Arabia,1,62,6,2,0
10223779,26,31655.8,Australia,2,46,8,4,0
10168545,31,32298.6,Saudi Arabia,1,50,7,2,0
14257836,21,58440.0,Canada,2,80,7,2,0
16610510,19,53647.2,Saudi Arabia,1,99,7,6,0
358801,39,72459.4,Spain,3,294,8,2,0
15088998,39,1730.0,Canada,2,34,7,2,0
5553196,45,1730.0,Canada,1,10,8,1,0
2128899,25,1730.0,Saudi Arabia,1,37,7,2,0
298263,63,44175.5,Canada,1,382,6,2,0
5497986,36,2892.0,Spain,1,49,6,3,0
389875,64,46453.3,Germany,0,430,8,4,0
2503635,35,20507.6,Canada,2,37,7,0,0
5651451,22,28134.0,Spain,2,303,6,5,0
3585630,37,1730.0,Spain,1,28,7,3,0
8179922,37,7191.8,Canada,1,62,8,2,0
7309133,18,9440.7,India,2,0,7,1,0
15782393,44,62872.3,Canada,2,214,7,2,0
8644605,39,57502.5,Germany,0,175,7,1,0
9088206,29,26652.3,Canada,1,306,8,4,0
990130,28,1730.0,Australia,1,15,8,1,0
3109292,64,46431.6,Saudi Arabia,2,119,8,8,0
9337015,33,1730.0,USA,2,51,7,3,0
119629,55,41276.1,Spain,2,34,8,2,0
2154088,25,33191.2,Germany,1,405,6,3,0
713276,46,17302.0,Canada,1,77,7,2,0
7452758,31,51120.9,Germany,1,43,7,1,0
15875188,58,64062.2,Saudi Arabia,2,73,8,2,0
9615672,59,55245.4,Spain,1,378,6,11,0
8203843,18,1730.0,India,1,89,8,1,0
3060819,26,14772.3,Canada,1,53,7,2,0
1488159,32,56974.0,Spain,0,62,8,1,0
5128111,23,1730.0,Canada,2,32,7,1,0
6350359,44,35059.7,Spain,1,36,8,14,0
3575003,37,18047.3,India,1,34,8,0,0
6621446,48,46427.7,Mexico,0,373,8,3,0
8054289,53,3096.3,USA,2,129,8,0,0
16428950,42,23800.8,Canada,0,120,8,3,0
2136763,51,34137.5,Australia,1,395,6,5,0
2446986,59,1730.0,Spain,0,332,8,1,0
2356683,29,76007.4,Canada,1,259,6,4,0
1643514,18,4000.2,Australia,1,158,6,5,0
11395952,45,4727.9,Spain,1,67,8,1,0
11791178,25,52058.7,India,1,255,8,3,0
9657565,28,41130.3,Spain,1,12,8,2,0
15318464,28,5583.0,Canada,1,202,6,10,0
10512228,20,1730.0,Spain,1,32,7,2,0
5138906,26,2122.3,Spain,1,30,7,1,0
439566,39,42536.8,India,1,309,8,3,0
1963845,32,1730.0,Australia,1,23,6,2,0
11167226,63,1730.0,USA,1,7,8,1,0
7055052,35,42977.5,Spain,1,60,8,2,0
14166103,34,54761.0,Saudi Arabia,2,114,8,2,0
7857909,30,91968.5,Spain,1,355,6,9,0
14302857,40,1730.0,Canada,2,63,6,1,0
1970719,58,47066.5,Spain,1,318,7,8,0
15902654,42,44956.8,USA,1,191,6,2,0
12023168,46,46106.3,USA,1,111,7,1,0
12748724,26,72091.2,Saudi Arabia,0,238,8,4,0
7418745,19,5966.2,Spain,2,55,8,2,0
8525164,47,29897.0,Spain,1,21,8,2,0
11399450,36,1730.0,Mexico,1,21,8,1,0
5482440,54,62266.1,Spain,1,126,8,12,0
6875353,59,31030.2,Canada,1,37,7,2,0
9758784,37,1730.0,Canada,1,4,7,2,0
14845439,41,51091.3,Germany,1,100,8,3,0
14337076,26,51709.6,Spain,2,70,8,3,0
15918309,38,62599.9,Australia,2,39,8,3,0
12258111,37,108942.7,USA,0,234,8,7,0
9986022,59,95076.3,Australia,0,383,6,11,0
16228477,51,10520.4,Spain,1,76,7,2,0
3304084,30,1730.0,Spain,1,57,7,1,0
4339932,20,12625.7,Spain,1,44,8,4,0
16690081,29,19501.4,Spain,1,73,7,1,0
13452048,41,13416.4,Spain,1,18,6,2,0
11696482,49,1730.0,Canada,2,46,6,1,0
14551773,55,67624.3,Australia,1,163,8,4,0
3289318,22,7494.2,Spain,1,36,6,2,0
8471317,46,5727.8,USA,1,76,8,1,0
3108489,35,67217.4,Saudi Arabia,1,245,7,2,0
15576150,35,47546.8,Australia,2,24,7,3,0
3697226,48,64795.2,Spain,2,388,6,10,0
11822842,33,3889.5,Germany,2,64,6,1,0
1707450,33,18675.8,India,1,252,7,6,0
15265457,27,4544.8,Spain,1,50,7,1,0
11126083,62,1730.0,Spain,1,66,8,3,0
15489858,30,8514.9,Saudi Arabia,2,26,7,2,0
13716657,34,30831.3,Australia,2,50,8,2,0
1051309,18,1730.0,India,1,46,8,1,0
9001004,45,98683.0,Canada,0,254,6,7,0
11867956,29,51463.6,Spain,0,232,7,2,0
3650652,32,59845.0,Saudi Arabia,1,200,6,2,0
2930478,31,42918.4,Germany,0,334,6,4,0
9506852,37,11097.7,Canada,2,132,8,1,0
16686164,51,6100.1,Saudi Arabia,1,54,7,1,0
6157063,30,40931.2,Spain,2,63,6,4,0
14912570,43,70391.0,Australia,1,47,8,1,0
6522639,54,56927.3,India,1,261,6,3,0
3423946,41,3534.2,Australia,2,36,8,2,0
3031223,22,52506.5,Spain,1,190,7,1,0
4711004,39,97532.6,Germany,1,393,8,4,0
12565407,35,41124.6,Spain,0,138,7,3,0
8718399,36,1730.0,USA,1,78,8,1,0
14083239,54,1730.0,Saudi Arabia,1,19,8,4,0
9217540,41,32556.4,Spain,2,54,8,2,0
16304511,41,29284.5,USA,1,133,7,1,0
4861949,43,44946.2,Canada,2,31,8,5,0
16669219,35,96368.1,Spain,0,344,8,7,0
650961,37,1730.0,India,1,60,6,1,0
5435506,26,56714.0,Spain,0,69,7,2,0
4612225,38,13572.0,Spain,1,77,8,2,0
8704680,31,1730.0,Australia,1,4,6,2,0
12877353,43,24478.4,Spain,2,22,8,3,0
6613005,35,29653.6,USA,1,95,6,7,0
7032880,32,85319.7,Spain,0,264,6,9,0
3361085,37,60775.3,Spain,1,48,6,2,0
2397777,38,41182.7,Saudi Arabia,2,185,6,5,0
7336879,44,1730.0,Germany,1,66,8,1,0
11161767,24,1730.0,Spain,1,36,7,2,0
4472037,36,30278.7,Spain,1,55,7,2,0
7908769,42,1730.0,Spain,1,3,7,2,0
10029717,39,1730.0,Canada,1,15,8,0,0
3222228,25,23398.6,Spain,2,68,6,2,0
7942337,46,9136.4,Saudi Arabia,1,8,7,6,0
9124583,30,14196.9,India,1,8,8,2,0
145570,28,12504.1,Canada,2,62,8,1,0
12853664,27,44704.0,Australia,2,414,7,2,0
5757726,55,40587.4,Canada,2,177,8,9,0
5207868,45,1730.0,Spain,1,111,8,0,0
9866234,22,1730.0,Spain,2,0,7,1,0
11539116,37,19797.0,Spain,0,113,8,2,0
15594224,38,33144.9,India,2,260,8,3,0
13690806,43,76301.2,Canada,1,246,7,2,0
6693195,30,33702.5,Spain,2,98,7,2,0
13976840,26,55432.6,Canada,1,269,7,4,0
8421440,54,85036.2,Saudi Arabia,2,102,7,4,0
16595616,44,92610.3,Saudi Arabia,2,180,7,3,0
2916612,30,1730.0,Spain,1,41,7,2,0
10174891,28,1730.0,Australia,1,31,7,2,0
4930769,43,98749.7,USA,1,397,8,3,0
16758293,50,67019.2,Mexico,2,179,8,4,0
13053537,44,42997.3,Canada,1,397,8,4,0
13806524,28,51140.8,Spain,0,169,8,11,0
15595552,38,63936.7,Canada,0,45,6,3,0
4312887,28,32558.9,India,2,97,7,2,0
9244959,25,102951.1,Canada,0,347,8,6,0
1872417,48,1730.0,Spain,2,65,7,1,0
2805603,44,14148.8,Spain,1,340,7,7,0
15999055,43,87828.5,Spain,0,45,7,2,0
7299326,43,44268.0,Spain,2,113,7,2,0
414969,43,21105.5,Canada,0,56,6,5,0
2167095,64,24480.1,Spain,1,202,8,1,0
9927628,47,1730.0,Spain,2,64,7,8,0
14817874,44,11519.6,Germany,0,103,8,3,0
11106300,47,7167.2,Canada,1,23,8,2,0
11322937,56,67536.6,Canada,2,153,8,5,0
14485077,30,1730.0,Germany,2,51,8,1,0
4040121,68,2192.5,Germany,1,58,8,9,0
5932179,45,68863.0,Saudi Arabia,1,103,6,12,0
11450939,36,1730.0,Canada,1,29,8,1,0
13096874,32,11895.7,Spain,1,192,7,4,0
2512901,30,3961.4,India,1,120,9,3,0
4133466,44,42014.5,Australia,2,78,8,4,0
5463980,38,57750.1,Canada,1,242,7,4,0
8964920,24,37166.7,Canada,2,162,7,3,0
15963950,38,16938.6,Canada,1,6,6,2,0
5962200,34,58221.9,Spain,1,395,8,1,0
1335603,31,27851.6,Canada,2,177,6,3,0
10622669,53,1730.0,Canada,2,0,7,0,0
8125659,53,1730.0,Canada,2,111,7,3,0
15489540,26,45153.4,Australia,2,283,8,3,0
6651465,56,1730.0,USA,1,38,7,1,0
2935099,18,1730.0,Spain,2,49,8,1,0
4202819,35,66505.6,Canada,2,433,7,2,0
8158859,30,35039.3,Spain,1,70,7,1,0
1555597,53,61732.0,Canada,1,238,8,3,0
8744271,23,54770.0,India,1,146,8,10,0
12448323,37,1730.0,Spain,1,65,6,2,0
5284526,34,27222.5,Australia,1,416,6,7,0
8462358,65,26548.8,Germany,2,75,6,2,0
7198885,32,76405.2,Saudi Arabia,1,414,8,2,0
3531204,35,52985.9,Australia,0,393,6,5,0
1894879,33,107312.1,Canada,1,398,8,5,0
1178558,47,1730.0,Germany,1,36,7,2,0
8800754,29,1730.0,Spain,1,37,7,2,0
11419361,37,51393.0,Spain,2,51,7,5,0
1597770,33,79065.7,Spain,1,249,7,1,0
1261356,49,6067.6,Canada,1,15,6,3,0
3846336,28,71978.5,Germany,0,283,6,3,0
6581729,41,1730.0,Spain,1,68,7,2,0
9966651,35,21464.6,Germany,1,98,6,6,0
13225769,43,79646.5,Spain,1,59,6,2,0
15076265,36,12244.7,Spain,0,116,6,3,0
7694561,38,1730.0,Australia,2,15,8,2,0
4268070,35,6372.4,Spain,1,34,6,4,0
6731000,39,84426.7,Germany,0,246,8,9,0
12465488,44,63217.6,Spain,1,287,8,4,0
7216779,28,5534.1,Spain,1,66,7,1,0
39995,36,28309.5,Canada,2,434,7,4,0
10129860,36,27538.1,Spain,0,45,6,4,0
16308907,45,1730.0,Saudi Arabia,1,4,8,3,0
2965749,32,58181.0,Australia,0,174,9,3,0
11615962,30,83419.6,Germany,0,356,8,7,0
5399385,28,1730.0,USA,2,0,8,1,0
4912047,21,34468.4,Spain,2,43,8,7,0
6010531,18,45907.4,India,2,162,6,3,0
15134604,43,82022.8,Saudi Arabia,2,51,8,6,0
10513037,31,7772.0,Germany,1,46,8,2,0
9527884,28,1730.0,Saudi Arabia,2,42,7,1,0
4584240,33,83705.5,Mexico,0,218,7,10,0
2775253,72,19542.9,Spain,2,64,7,0,0
12340993,35,64815.1,Canada,1,28,8,2,0
6096029,28,51262.4,Australia,0,410,8,6,0
16462786,65,46868.0,Spain,1,97,8,3,0
2375126,28,77381.7,Spain,0,64,7,2,0
10086305,27,60755.8,Saudi Arabia,2,24,8,2,0
3422122,58,76305.7,Spain,0,202,6,8,0
8593687,63,77574.6,Germany,1,185,6,12,0
373680,43,59634.1,USA,1,381,6,3,0
9611160,65,7853.4,Saudi Arabia,1,339,7,1,0
7642366,44,27166.6,Germany,2,99,7,4,0
10729504,21,54876.6,Canada,2,123,8,9,0
10370275,50,64186.2,Saudi Arabia,0,424,6,11,0
10464980,30,21341.2,Canada,1,79,7,4,0
11755937,32,48792.9,Saudi Arabia,2,110,8,4,0
3796352,34,12863.0,Spain,2,48,7,0,0
2146703,40,57965.9,USA,2,18,8,11,0
13541517,31,30703.4,Saudi Arabia,1,70,7,1,0
12798977,32,35183.1,Spain,2,61,8,7,0
11643796,22,21807.1,Spain,1,71,8,3,0
15590128,32,1730.0,Spain,2,70,8,2,0
12977356,35,12664.9,Canada,1,54,6,4,0
4769405,25,86582.7,Spain,1,87,8,2,0
11348073,46,20106.0,USA,1,104,6,2,0
1068316,46,17360.8,Mexico,2,106,6,2,0
10679401,57,52667.9,Spain,0,79,6,3,0
2760459,31,34886.5,Germany,2,104,7,2,0
5946473,25,27159.0,Canada,0,43,8,2,0
4748935,62,22466.2,Canada,1,37,6,1,0
9464372,28,3834.7,Saudi Arabia,1,23,8,2,0
12402595,22,4155.6,Spain,2,335,8,2,0
842742,65,9283.3,Spain,2,0,8,2,0
9668660,45,39463.9,Saudi Arabia,1,46,8,2,0
7622402,46,10905.0,Spain,1,12,6,1,0
12791530,34,9112.0,Canada,0,79,7,2,0
66653,37,29200.7,Spain,0,151,7,9,0
6553433,34,27303.0,Australia,0,34,6,2,0
9252168,34,8616.2,Spain,1,43,8,1,0
896100,60,20861.9,India,0,89,7,2,0
14065500,52,30339.2,Spain,2,211,6,1,0
15847274,32,14317.3,Canada,1,224,6,2,0
9865540,40,22633.0,Spain,1,61,8,4,0
15501622,56,20320.8,India,2,86,7,4,0
9695267,61,70813.3,India,1,359,6,14,0
13220961,68,6757.9,India,2,65,8,2,0
13959495,27,1730.0,Saudi Arabia,2,40,8,2,0
7031298,34,24651.1,Germany,0,76,8,2,0
2049702,56,16229.4,Spain,1,58,8,2,0
7181998,41,23879.4,Germany,0,156,7,2,0
10906641,58,60762.6,Australia,0,322,8,3,0
11515505,36,60216.1,Saudi Arabia,0,257,6,2,0
4638095,43,64941.3,Spain,2,74,8,2,0
2631760,50,1730.0,Canada,1,40,6,1,0
9018250,47,19691.8,Saudi Arabia,1,59,7,2,0
16765648,18,1730.0,Spain,1,17,7,2,0
14231713,37,1730.0,Spain,1,62,8,4,0
16007735,39,32319.3,Canada,1,58,8,2,0
7914954,29,20600.6,Germany,1,84,8,8,0
10688330,44,13070.6,Canada,1,44,8,2,0
1472569,58,30510.5,Canada,0,148,8,6,0
14018403,35,2453.8,Saudi Arabia,2,27,7,2,0
2358888,34,26971.1,Canada,1,54,7,3,0
15477408,69,40691.8,USA,0,399,7,4,0
16471261,52,4986.9,Spain,2,47,7,2,0
13111905,40,74879.9,Saudi Arabia,1,251,8,1,0
16706127,30,1730.0,Spain,1,77,6,1,0
3020669,29,55572.0,Canada,0,439,8,1,0
7905963,57,41682.5,Canada,1,50,8,3,0
12054921,29,66276.5,Spain,1,44,6,10,0
144578,27,14652.1,Spain,1,33,8,3,0
9654692,61,1730.0,Spain,2,47,6,2,0
3387099,41,76084.0,Germany,1,243,7,3,0
10013032,55,12562.4,Saudi Arabia,2,55,7,2,0
9617935,37,1730.0,Spain,2,37,8,1,0
11604329,19,17364.1,USA,1,145,7,3,0
13156086,39,97791.5,Spain,0,221,7,3,0
8565194,43,12030.4,India,1,56,8,2,0
4803342,58,11866.7,Canada,2,146,8,2,0
9795141,30,40864.7,Saudi Arabia,1,91,8,4,0
991925,68,1730.0,Spain,1,15,7,1,0
3636541,44,65832.5,Spain,1,87,8,2,0
15349585,53,20339.7,Spain,2,244,6,4,0
184331,35,1730.0,India,2,25,7,2,0
11723574,27,1730.0,Saudi Arabia,1,0,8,1,0
2355464,52,16899.6,Spain,0,29,7,4,0
10874640,37,8316.0,Spain,1,42,8,1,0
10683337,64,12629.9,Spain,2,53,8,3,0
14967062,49,1730.0,Spain,2,32,7,2,0
3545349,43,1730.0,Canada,1,12,7,2,0
10800923,35,1730.0,Germany,1,8,7,2,0
16270228,28,53920.3,Spain,0,42,8,2,0
5700478,29,85121.6,Spain,1,41,8,9,0
7814229,39,45704.3,Spain,1,413,6,3,0
1287587,27,81024.5,Saudi Arabia,0,81,8,2,0
5270789,32,47609.7,Spain,1,205,8,2,0
8311736,65,3949.6,Saudi Arabia,1,64,8,0,0
2728519,56,63931.5,Spain,1,263,7,2,0
12347393,41,10531.7,Germany,2,50,8,4,0
13483045,26,1730.0,Saudi Arabia,1,32,7,0,0
1502788,42,37196.2,Germany,2,365,6,4,0
7749614,34,17649.3,Spain,2,21,7,1,0
15288670,47,66752.0,Spain,2,83,7,1,0
10861528,37,30101.7,Saudi Arabia,1,126,6,3,0
4102837,37,1730.0,Spain,2,45,8,2,0
1381993,38,17448.5,Mexico,1,56,8,2,0
15728416,31,62571.0,Spain,1,411,6,3,0
8584520,50,1730.0,India,1,61,8,5,0
101699,43,14439.1,Spain,0,346,6,2,0
12467343,51,87959.6,Spain,2,78,7,3,0
16224395,40,63885.7,Spain,1,142,7,6,0
10746578,44,41661.6,Canada,1,50,8,3,0
13898992,55,76062.8,Canada,3,256,6,2,0
8469680,49,96012.4,Germany,1,91,6,6,0
10125289,36,44924.0,Saudi Arabia,1,137,8,3,0
3646223,58,6207.6,Spain,0,66,7,3,0
16709469,18,3629.1,Spain,1,59,8,3,0
16029379,45,89307.3,Spain,1,64,6,8,0
15630870,29,4437.4,Spain,1,144,7,0,0
10620255,37,1730.0,USA,1,47,8,1,0
272902,40,63885.5,Spain,1,82,6,2,0
11367492,43,56870.1,Canada,1,133,8,4,0
8758673,63,64126.5,Canada,1,341,8,1,0
10688196,37,49558.2,Saudi Arabia,1,45,8,2,0
244889,67,4151.8,Canada,3,247,7,6,0
5150515,57,46692.4,Saudi Arabia,1,82,6,4,0
10411333,58,30324.5,USA,1,133,8,12,0
11088510,46,1730.0,Canada,1,31,8,3,0
16719486,36,1730.0,Spain,1,56,8,1,0
3403036,35,5812.6,Canada,1,45,8,3,0
10520104,33,10155.1,Spain,0,125,7,3,0
15603999,34,9015.5,Spain,2,72,7,5,0
9454722,48,14138.2,Canada,2,41,8,1,0
3686397,39,27753.1,India,1,94,8,1,0
5633772,46,1730.0,Germany,1,79,7,1,0
7957926,21,42210.9,Saudi Arabia,3,84,6,5,0
7222343,58,1730.0,Spain,1,1,7,1,0
9259707,34,1730.0,India,1,0,8,2,0
5653415,51,83106.5,Germany,1,397,7,7,0
5017670,48,86096.5,USA,2,117,7,3,0
7288509,30,1730.0,Spain,1,22,8,4,0
4262322,41,55670.3,Spain,1,423,6,4,0
2892650,50,2568.8,Australia,1,46,6,3,0
16607360,40,23055.6,Spain,2,410,8,10,0
15769888,69,86293.9,USA,2,152,6,0,0
4018724,71,1730.0,Australia,1,26,6,3,0
2546554,48,83771.2,USA,1,26,8,3,0
10671512,53,49687.8,Spain,2,70,6,3,0
6936286,21,2436.6,Spain,2,78,7,0,0
10337236,29,19844.4,Spain,1,135,8,3,0
12387673,40,14106.4,Canada,1,50,8,1,0
3931629,49,1730.0,Germany,1,44,8,2,0
5883220,42,65006.2,India,2,48,6,3,0
13138405,42,26011.9,Spain,1,188,7,6,0
1166697,57,74403.2,India,0,405,6,10,0
4957204,22,28129.1,Spain,2,35,7,3,0
5560621,28,1730.0,Spain,1,0,7,2,0
1653393,29,34401.2,Saudi Arabia,1,62,8,3,0
13585990,46,92320.1,Australia,1,329,8,2,0
1194871,39,103142.8,Spain,0,319,6,7,0
538728,34,1730.0,Saudi Arabia,1,55,7,1,0
9798150,35,31562.2,Germany,1,237,6,6,0
12028617,56,1730.0,Spain,2,62,7,2,0
1015347,50,17010.6,Spain,1,51,7,1,0
9682162,30,33337.8,Saudi Arabia,1,133,6,6,0
6998197,28,29126.1,India,1,88,8,9,0
92567,31,1854.7,India,1,39,7,1,0
2568545,46,56229.3,USA,0,380,7,13,0
191326,37,3617.1,Spain,1,76,8,2,0
4947493,18,23047.1,Spain,1,55,7,3,0
1551672,50,6505.0,Spain,2,35,6,6,0
3119150,58,69816.8,Saudi Arabia,1,402,7,3,0
10267291,26,1730.0,Saudi Arabia,1,2,8,2,0
9649223,24,25584.9,Saudi Arabia,1,2,6,2,0
3261328,69,35210.6,Spain,1,126,6,9,0
3735963,30,46236.5,Australia,2,141,8,4,0
13650855,51,26919.9,Spain,0,417,6,3,0
12695750,32,26164.6,Spain,1,59,8,3,0
14702445,34,17021.9,Spain,0,110,7,2,0
1578002,55,4606.7,Australia,1,69,7,0,0
3735516,44,85199.3,Spain,0,412,7,2,0
2090362,28,34613.6,Canada,0,16,8,1,0
12143995,26,14470.9,Saudi Arabia,1,78,6,3,0
67157,36,91147.2,Canada,1,312,6,3,0
3001314,40,60159.3,Spain,1,90,8,4,0
2319620,78,1730.0,Spain,1,63,8,1,0
15921785,62,71431.9,Saudi Arabia,1,299,7,1,0
15446389,32,22974.7,Spain,2,47,7,0,0
13386652,45,49354.0,Saudi Arabia,2,34,7,2,0
12605804,51,77390.2,Spain,1,375,7,1,0
7686698,35,9631.1,Canada,1,19,7,8,0
14730120,30,58932.6,Canada,1,166,6,13,0
3029106,33,21814.6,USA,0,56,8,0,0
4711212,37,11846.1,Spain,1,26,8,1,0
14594516,31,16180.3,Canada,2,43,8,2,0
4926114,40,5830.4,Spain,1,79,8,2,0
12037184,55,28188.8,Spain,1,51,8,0,0
15130104,44,6826.9,Spain,1,54,7,1,0
3574990,34,47216.5,Spain,1,48,6,3,0
15761478,57,92324.2,Saudi Arabia,1,290,8,5,0
8927921,30,30841.8,Saudi Arabia,2,214,8,11,0
10881242,38,49776.4,Spain,1,69,8,3,0
794344,29,27033.8,Germany,0,293,8,11,0
696949,26,1730.0,Canada,1,245,6,2,0
7676257,41,47422.1,Spain,0,140,6,2,0
4459819,67,1730.0,Spain,1,49,7,3,0
11936647,44,18722.7,Australia,1,91,7,3,0
9665993,42,1730.0,USA,2,52,8,1,0
409764,38,37445.0,Germany,1,158,7,4,0
4097533,45,35958.7,India,1,406,6,5,0
5938713,37,5084.9,Canada,2,375,8,1,0
10165427,28,2691.0,Spain,2,51,8,1,0
773676,56,58539.1,Canada,1,147,6,4,0
9021919,32,42259.4,USA,1,198,6,3,0
9934571,36,50530.8,Canada,0,346,8,13,0
8595570,28,46080.2,USA,1,184,8,4,0
7132158,35,36758.6,Spain,1,107,8,8,0
5879853,33,76102.3,Germany,1,183,7,3,0
6403524,63,1730.0,Spain,2,117,8,0,0
11956546,37,42886.0,Australia,1,390,8,9,0
11630208,31,25457.1,Germany,2,57,6,4,0
465466,54,59484.0,Saudi Arabia,0,122,7,2,0
16671539,35,1730.0,Spain,2,54,8,1,0
16362961,49,20669.0,Germany,0,94,7,1,0
7999376,53,41881.8,Saudi Arabia,1,166,7,5,0
2929720,45,76289.2,India,0,355,8,4,0
4134789,33,1730.0,Australia,1,5,7,3,0
6918213,44,2040.4,Canada,1,68,8,2,0
5577582,35,1730.0,Saudi Arabia,0,23,8,0,0
10196995,29,1730.0,Germany,2,17,8,1,0
7497372,23,11953.6,Canada,2,46,7,3,0
3845936,36,1730.0,Spain,1,87,8,1,0
52787,46,22611.0,Saudi Arabia,1,153,7,5,0
7088716,29,108424.8,Saudi Arabia,0,289,6,6,0
7643412,39,36606.0,Germany,1,438,8,6,0
10744339,45,22237.8,Canada,2,327,7,2,0
1275988,36,2087.8,Canada,1,20,7,2,0
15281722,46,1730.0,India,1,83,8,4,0
1466036,30,23854.6,Saudi Arabia,1,45,6,3,0
7061296,22,60277.7,Spain,1,419,8,5,0
4580513,28,77901.3,Spain,1,308,8,8,0
13526222,22,28146.7,Australia,1,162,8,4,0
1111048,65,1730.0,Canada,1,19,6,1,0
15820651,33,62719.7,India,1,337,7,2,0
11075366,36,46144.8,Canada,0,333,6,3,0
10084273,44,57191.9,Saudi Arabia,2,35,8,2,0
8482920,40,109373.4,Saudi Arabia,0,190,8,8,0
8675208,48,3141.3,USA,1,12,7,3,0
10277286,35,10636.8,Spain,1,56,7,2,0
1582151,18,4433.0,Germany,1,55,7,4,0
15698968,30,2666.7,Spain,1,55,8,1,0
5597554,49,38706.6,Spain,1,58,7,6,0
12024233,50,11964.8,Spain,2,126,7,3,0
8951096,51,1730.0,Spain,0,100,8,0,0
5086589,35,23041.8,Saudi Arabia,2,23,7,12,0
10627880,40,20969.0,Spain,1,46,8,1,0
16508422,66,21244.2,Saudi Arabia,2,108,7,0,0
8011069,36,1730.0,Spain,2,20,7,2,0
15747258,39,19634.9,Spain,1,61,7,3,0
11031806,43,66393.2,Spain,0,50,6,2,0
4867015,53,31334.9,Canada,1,27,8,3,0
9535782,65,74238.1,Spain,0,229,6,2,0
4615353,43,29527.3,Saudi Arabia,1,88,7,7,0
6683206,18,1730.0,Spain,1,1,7,1,0
10866344,18,32867.1,Saudi Arabia,1,176,7,1,0
525411,33,32273.1,India,1,141,8,5,0
16144299,43,1730.0,Spain,1,35,7,1,0
8936428,24,4055.0,Australia,1,49,7,1,0
1181,38,43106.2,USA,1,8,8,1,0
2059110,46,94082.9,Spain,1,139,8,2,0
7128420,31,1730.0,Canada,2,4,6,2,0
10711933,48,80179.9,Spain,1,281,8,2,0
14628542,38,26668.8,Spain,1,51,6,3,0
10538387,33,37195.6,USA,1,227,7,6,0
1821831,37,10356.5,Spain,1,48,8,2,0
7996448,31,66757.0,Canada,2,356,6,7,0
5754498,41,1730.0,Spain,2,107,8,2,0
4158455,38,8553.9,Spain,1,103,8,1,0
1915207,44,73078.1,Spain,1,61,7,9,0
16529092,46,2597.9,India,1,57,7,6,0
1663120,36,62834.3,Spain,1,18,6,4,0
2066184,52,3442.1,Spain,1,150,8,1,0
13598633,50,1730.0,Spain,1,0,8,0,0
7710665,49,10746.5,Canada,1,40,7,7,0
16425421,33,34452.7,Germany,1,118,7,2,0
12091297,24,25746.8,Spain,1,61,7,1,0
10824170,52,3282.5,Saudi Arabia,1,151,7,2,0
6370303,39,8255.4,Canada,1,27,6,1,0
12613460,62,51370.4,USA,2,418,7,3,0
3387888,39,2340.0,India,2,137,7,1,0
1740758,31,1730.0,Spain,2,1,8,2,0
13387276,39,1730.0,Canada,1,47,8,1,0
9286064,62,82373.9,Canada,1,104,6,4,0
1395883,31,1730.0,Spain,1,3,8,2,0
11489166,51,44072.0,Spain,1,61,8,1,0
15843327,48,64169.1,Spain,2,89,7,4,0
12207147,41,70154.8,Saudi Arabia,2,153,7,6,0
16219587,55,21845.0,Canada,1,245,7,0,0
4135825,44,1730.0,Spain,1,56,7,2,0
2912971,31,3901.9,Germany,2,46,7,1,0
10196813,42,28238.9,Saudi Arabia,1,122,7,7,0
6716194,45,41538.9,Saudi Arabia,0,150,6,2,0
11730141,37,11775.3,Spain,2,45,6,3,0
643955,66,66823.5,Canada,1,97,7,8,0
5690898,58,67890.9,Australia,1,355,7,9,0
8780964,51,25298.7,Spain,1,36,8,2,0
14312388,46,5484.3,Canada,1,173,8,4,0
14244863,43,33293.5,Spain,1,138,8,2,0
14691595,28,64279.4,Spain,1,86,8,3,0
15426532,59,42307.0,USA,1,163,6,7,0
8146323,44,60737.2,Germany,1,173,6,2,0
11735912,48,53786.4,Canada,1,240,6,2,0
6882436,47,82356.1,India,0,281,7,8,0
13344556,39,1730.0,Australia,2,23,7,3,0
12310005,30,104783.8,Canada,2,119,7,3,0
11274288,35,19325.1,India,1,60,7,2,0
10664311,30,59844.8,Spain,1,116,8,2,0
12318215,21,45283.8,Canada,0,346,8,4,0
12255350,48,77439.1,Australia,0,79,7,2,0
9231864,28,71841.0,USA,1,46,7,2,0
1383588,34,62638.6,Spain,1,131,7,5,0
4469280,18,2525.6,Australia,2,121,7,0,0
7267930,35,1730.0,Spain,1,43,8,1,0
3061806,40,1730.0,India,2,32,7,2,0
6879824,31,41914.7,Germany,0,191,7,5,0
16123460,41,55963.6,Saudi Arabia,1,278,8,2,0
10072284,44,52670.1,Germany,1,127,6,3,0
14964614,40,71946.8,Canada,1,110,7,3,0
5483575,42,1730.0,Germany,2,55,6,1,0
10494261,40,96921.8,Canada,1,316,7,4,0
4397985,46,26907.6,Saudi Arabia,2,215,7,4,0
14120192,44,54493.6,Spain,2,43,6,0,0
11080013,32,49257.8,Germany,1,400,7,5,0
1665129,32,57014.9,Spain,1,56,6,4,0
10197758,53,23495.6,Spain,1,131,8,1,0
13611575,33,18376.4,Germany,1,282,8,4,0
5111586,39,36279.5,Canada,2,124,8,6,0
248150,32,52209.3,Spain,2,134,8,3,0
14349422,40,34958.1,Saudi Arabia,1,73,8,2,0
11021475,50,44060.7,Canada,1,145,8,4,0
16102315,54,32579.2,Spain,2,52,8,2,0
16437717,41,1730.0,Canada,1,28,8,5,0
7227171,55,22638.8,Australia,1,11,8,2,0
16278176,42,1730.0,Canada,1,10,8,2,0
6836354,26,1730.0,Canada,1,61,8,2,0
5684920,43,1730.0,Germany,2,44,8,1,0
2837722,59,33420.2,Spain,1,56,6,10,0
2087245,47,26389.9,Spain,1,22,6,1,0
10047198,31,1730.0,India,1,18,6,2,0
9161190,38,61109.2,Spain,1,94,7,2,0
13690714,29,52459.8,Spain,2,254,8,4,0
10055947,31,65639.8,Spain,0,280,8,2,0
14207858,45,27346.3,Saudi Arabia,1,264,8,8,0
8160205,59,42523.9,USA,0,244,7,4,0
10959954,41,52146.6,USA,0,326,8,2,0
6716934,52,36505.1,Australia,0,234,7,10,0
4484836,46,21610.7,Spain,2,52,8,3,0
11633690,52,13912.7,Spain,2,79,8,5,0
4785428,51,70158.5,Australia,1,53,6,3,0
7260242,39,29224.1,Canada,1,116,8,1,0
5264714,51,2861.1,Canada,1,85,7,1,0
157551,18,92503.1,Spain,1,50,8,0,0
4488729,18,43096.6,Spain,2,26,7,3,0
5485344,46,76853.1,Canada,2,75,7,2,0
52238,22,79474.0,Spain,1,58,8,1,0
3079384,45,21190.7,USA,1,74,7,6,0
5626012,46,3264.2,Canada,1,42,7,2,0
13075826,33,12263.5,Germany,1,53,6,1,0
787650,54,57826.4,Germany,2,60,7,2,0
1388576,41,1730.0,Canada,1,17,8,4,0
13853068,42,12535.8,Germany,1,243,6,0,0
5752002,56,58808.0,India,0,330,8,9,0
11746354,70,103709.0,Spain,1,326,7,2,0
4710881,34,1730.0,Spain,1,165,7,2,0
7238453,33,1730.0,Saudi Arabia,1,54,7,2,0
15275344,43,86988.4,Saudi Arabia,0,194,8,9,0
14297545,44,103942.0,Australia,1,378,7,3,0
10379126,64,48199.9,Australia,1,254,6,4,0
6344230,36,17928.0,Spain,2,42,6,12,0
3993916,38,77591.7,Australia,0,319,7,4,0
12457188,45,46227.9,Spain,1,127,6,1,0
6586773,34,5044.7,Spain,1,192,7,1,0
3517322,32,1730.0,Spain,1,58,7,3,0
7258375,29,1730.0,Spain,1,31,8,2,0
16595039,36,34480.0,Spain,0,82,7,2,0
13264267,20,1764.2,Australia,2,135,7,1,0
2883113,39,37489.0,Australia,1,22,8,2,0
8318342,40,17293.2,Canada,2,77,7,6,0
7125121,29,1730.0,Spain,1,34,7,0,0
7449589,50,47565.0,Canada,1,342,7,4,0
904577,30,51093.7,Spain,1,148,6,2,0
16604604,23,28423.6,Mexico,0,81,7,5,0
12955822,46,44246.3,Australia,1,335,6,2,0
2302813,37,34427.4,Spain,2,97,7,2,0
15575168,32,1730.0,Mexico,1,10,7,1,0
2230084,35,43792.3,USA,1,102,7,11,0
22069,30,67589.9,Saudi Arabia,1,71,7,5,0
6218777,21,7781.7,India,1,65,8,0,0
1135852,55,1730.0,Saudi Arabia,2,38,7,2,0
5210025,39,1730.0,Germany,1,39,8,12,0
10537831,18,28852.4,Spain,2,53,8,0,0
2142553,19,1730.0,India,2,33,8,2,0
8529242,41,38489.7,Canada,0,181,8,3,0
8647444,18,27190.0,India,1,272,8,4,0
2252810,53,75168.5,Spain,0,409,6,5,0
7046993,18,22913.6,USA,1,437,6,2,0
8863245,40,102742.3,USA,1,254,8,5,0
4981845,27,32520.5,Canada,2,37,8,2,0
13318881,66,20950.1,Spain,1,70,8,7,0
11624490,57,80131.5,Saudi Arabia,1,306,8,3,0
11061871,44,96716.4,Saudi Arabia,1,235,6,2,0
727635,54,9413.3,Australia,1,25,7,2,0
1907932,39,4938.4,Spain,1,106,6,1,0
16482469,33,23667.6,USA,1,8,8,0,0
11019464,38,27094.5,Saudi Arabia,2,61,6,1,0
6260826,39,18441.9,Saudi Arabia,1,277,7,0,0
1857116,39,22167.4,Saudi Arabia,1,117,7,6,0
12967892,40,21776.4,Germany,1,53,7,4,0
10206890,27,1730.0,Spain,2,45,8,2,0
9558418,40,2460.4,Canada,1,137,7,1,0
14863811,49,55431.8,Canada,1,388,8,11,0
425176,56,1730.0,Canada,1,59,8,1,0
6525806,38,1730.0,Spain,1,6,8,2,0
5562531,42,34481.3,Canada,1,54,7,1,0
15910346,37,23102.0,Canada,1,182,8,2,0
6273664,46,38896.0,Spain,1,48,6,13,0
2420689,36,7139.3,Spain,2,37,7,1,0
13834657,41,26248.3,Australia,1,272,7,2,0
16130474,47,1730.0,Spain,1,1,8,2,0
16675652,41,37839.3,Spain,1,333,7,1,0
1817383,18,66069.1,Spain,1,205,8,2,0
5581059,38,24033.2,Spain,1,56,7,1,0
10259799,52,79583.6,Canada,1,241,8,2,0
3183188,41,50062.5,Canada,1,51,8,2,0
9427364,45,76151.0,Saudi Arabia,0,171,8,1,0
8974850,49,27150.7,Spain,1,58,8,2,0
2102506,32,39350.6,Saudi Arabia,1,123,8,7,0
2501900,63,8301.2,Germany,1,42,8,1,0
4917545,53,2240.1,Saudi Arabia,2,77,7,2,0
9105441,26,1730.0,India,2,15,7,2,0
11318591,42,56236.7,Canada,1,177,7,2,0
6518573,51,1730.0,India,2,112,8,2,0
6415853,24,48227.8,Spain,2,63,8,6,0
6461879,37,5063.4,Spain,2,17,6,1,0
161417,50,1730.0,Spain,2,39,7,5,0
15515408,26,66470.6,Spain,2,53,7,2,0
13903031,18,21436.5,Canada,1,61,7,1,0
11731706,25,88841.1,Saudi Arabia,1,296,8,2,0
607602,36,8189.8,USA,2,61,8,2,0
8182228,49,1730.0,Australia,1,59,7,2,0
7566148,39,45541.5,Saudi Arabia,2,261,8,3,0
12204633,36,10208.9,Spain,2,22,7,1,0
9402415,43,24935.9,Canada,2,93,6,3,0
8033857,48,43971.5,Canada,1,184,6,6,0
13367966,28,51632.6,Spain,1,77,8,2,0
8813894,39,30915.4,Canada,1,203,7,3,0
7229277,26,60001.6,USA,1,122,8,2,0
6124575,30,1730.0,Spain,1,74,8,3,0
7662343,54,52170.5,Spain,1,301,7,2,0
3453770,59,59631.0,Germany,2,263,6,3,0
15568760,33,12019.8,Spain,1,110,8,1,0
11882127,29,33658.6,Spain,2,382,6,3,0
722178,37,31522.3,USA,3,61,6,2,0
12594560,45,2713.2,USA,1,41,7,5,0
4715003,34,6233.5,Spain,1,363,7,1,0
3585867,25,24935.4,Spain,1,170,8,9,0
4889208,31,25565.0,Spain,2,110,7,4,0
3082225,40,8409.8,Germany,0,70,8,4,0
8992284,46,1730.0,Canada,1,36,8,0,0
9365727,39,56625.4,Germany,2,303,6,6,0
9197513,28,1730.0,Saudi Arabia,2,19,8,2,0
16750918,38,1730.0,Spain,1,61,6,4,0
2474530,27,101893.2,Australia,0,337,8,4,0
6858053,24,35248.0,Spain,2,208,8,3,0
1401270,33,1730.0,Canada,1,2,7,7,0
12336568,44,57843.5,Saudi Arabia,1,27,6,2,0
15739003,27,4017.0,Spain,1,120,7,1,0
11570748,49,67088.1,USA,1,207,9,1,0
7494122,18,56395.9,Saudi Arabia,1,184,7,4,0
8875655,33,42970.1,Saudi Arabia,1,121,8,2,0
9230862,45,22133.9,Saudi Arabia,1,77,7,2,0
12907702,66,9742.9,Canada,2,66,7,6,0
15386952,57,41352.2,Spain,0,190,8,0,0
10535306,34,36769.0,Spain,1,100,8,1,0
15575270,32,43251.8,India,1,60,9,12,0
13303444,39,1730.0,Spain,1,94,8,2,0
270129,39,17535.1,Germany,1,145,6,4,0
1410129,33,6497.7,Saudi Arabia,2,38,8,3,0
2049220,32,5835.2,Spain,2,366,7,6,0
11225015,30,5964.6,Spain,0,41,6,1,0
15654666,33,12862.0,India,2,194,8,2,0
10291242,54,1730.0,Spain,1,54,7,12,0
15674150,51,91355.1,India,1,422,7,3,0
11492640,36,24479.3,Spain,1,18,7,1,0
12547682,40,86118.8,Saudi Arabia,1,198,7,4,0
3212597,65,26974.1,Spain,0,89,7,2,0
6335736,57,50306.5,Saudi Arabia,1,174,6,5,0
11820385,34,64535.8,Saudi Arabia,1,328,6,1,0
9488578,32,5800.1,Saudi Arabia,1,49,8,1,0
12487835,35,1730.0,Spain,2,34,6,0,0
13578246,42,11654.6,Spain,1,121,7,2,0
10369286,60,1730.0,Germany,1,53,7,1,0
2325491,59,20346.5,Saudi Arabia,2,272,7,1,0
5768729,38,18449.1,Spain,1,229,7,0,0
9828497,32,86506.2,Spain,1,254,6,6,0
8666691,53,76153.2,Canada,2,253,8,2,0
2099010,30,1730.0,Canada,1,1,7,2,0
12194057,35,1730.0,Australia,2,142,8,2,0
11115106,68,23295.7,Saudi Arabia,1,133,8,4,0
8050144,58,78573.4,Spain,1,146,6,13,0
12943835,41,38980.5,USA,1,10,8,4,0
6350398,46,1730.0,USA,1,36,8,2,0
8631216,43,13247.4,Canada,1,90,6,2,0
9342848,47,5777.9,Mexico,1,102,7,5,0
15434289,35,37697.3,USA,1,46,7,8,0
1515153,45,1730.0,Spain,1,39,6,1,0
2986826,31,34264.3,Spain,1,123,8,3,0
3391072,41,104856.4,Canada,1,366,7,3,0
8393935,43,83888.2,Spain,1,254,6,6,0
10622382,29,12383.5,Germany,1,42,6,1,0
14383745,33,75426.4,Canada,1,101,8,5,0
15625593,54,77198.9,Spain,1,431,7,12,0
4351654,45,3069.8,Spain,2,59,6,2,0
7837292,32,39003.0,USA,1,372,8,9,0
14251545,61,49079.0,Spain,1,89,8,2,0
920373,29,1730.0,Canada,1,47,7,1,0
10077035,46,30444.8,Canada,1,68,7,3,0
7880844,41,1730.0,Canada,1,0,6,1,0
2093722,27,4600.6,Spain,1,35,7,2,0
12461897,26,23722.5,Germany,1,47,8,1,0
2719230,28,68246.9,Spain,1,54,7,12,0
8148244,51,10414.3,Canada,1,79,7,4,0
1742757,34,1730.0,Spain,1,24,7,1,0
858867,30,62321.2,Spain,1,353,6,1,0
16645970,25,32266.6,Spain,1,57,8,1,0
8530858,22,65693.4,Canada,1,206,8,1,0
1833824,55,1730.0,Saudi Arabia,2,166,6,3,0
13554093,36,5828.9,Spain,2,42,8,5,0
16285745,51,92151.3,Spain,0,181,7,7,0
13802564,35,8519.0,Spain,2,4,8,3,0
9830848,18,60453.8,Canada,2,38,6,1,0
7716527,43,89452.1,Spain,0,114,7,5,0
7360865,39,99052.0,Saudi Arabia,2,305,6,8,0
11663323,30,1730.0,Spain,1,23,8,1,0
6622446,45,63828.1,Germany,1,172,6,9,0
3950960,52,35732.9,Spain,2,6,7,3,0
5016624,26,9081.9,India,2,11,7,2,0
16715628,32,12285.7,Spain,1,18,7,0,0
9823317,32,15865.2,Saudi Arabia,0,48,7,1,0
14172625,64,5415.0,Spain,1,23,7,1,0
7685574,31,18761.5,Germany,2,19,6,4,0
10157758,33,65442.8,Germany,0,281,7,6,0
3310860,28,30950.6,Canada,1,177,8,1,0
14697369,27,1730.0,Spain,1,6,8,2,0
16565856,21,99000.3,Saudi Arabia,1,155,9,4,0
14237921,34,3386.0,USA,1,9,8,1,0
5099448,46,57674.1,Canada,1,289,8,4,0
13290017,34,66942.9,Spain,1,177,7,3,0
6156751,46,17788.6,Saudi Arabia,1,41,7,2,0
1608308,31,95523.3,Canada,1,357,8,2,0
12173994,59,56454.4,Saudi Arabia,1,398,7,1,0
15955465,36,27434.9,Spain,2,91,7,1,0
11667667,65,21391.3,Saudi Arabia,0,93,8,2,0
9302151,44,77227.9,India,1,416,8,3,0
12377553,39,12104.1,Canada,2,59,8,2,0
7238708,47,46105.9,Spain,3,96,7,3,0
8348126,38,17302.2,Australia,2,136,7,3,0
1443817,38,1730.0,Canada,1,68,7,2,0
15320197,42,1730.0,Canada,2,36,7,4,0
13827959,44,3359.0,Canada,1,0,7,1,0
13450422,38,51868.9,Saudi Arabia,1,69,7,2,0
1211179,51,5313.5,Saudi Arabia,1,42,6,2,0
10167769,35,1730.0,Spain,1,39,8,1,0
8532504,36,1730.0,Germany,1,111,7,3,0
8312964,40,62551.7,Spain,1,85,6,2,0
12480489,28,10113.8,USA,1,17,8,2,0
15434038,29,1730.0,Spain,1,64,8,1,0
8968450,28,20450.3,Spain,1,333,8,4,0
9518028,51,45149.0,Saudi Arabia,1,257,7,3,0
2380424,48,22245.9,Spain,0,146,7,6,0
8980899,38,7484.2,USA,2,5,7,2,0
14458285,44,47869.9,Canada,0,299,6,2,0
2414348,25,1730.0,Canada,2,51,8,2,0
1351159,27,96298.5,USA,0,386,6,5,0
7242546,31,13407.3,India,1,60,7,2,0
8474292,55,30361.2,Mexico,2,304,7,2,0
12618618,73,46427.0,Spain,2,80,8,2,0
300654,38,15989.1,Spain,1,81,7,2,0
11322954,40,12485.0,Canada,1,357,8,7,0
12194827,38,47026.5,Saudi Arabia,0,46,8,3,0
1402908,33,25379.7,Saudi Arabia,1,12,8,1,0
16500522,23,9078.2,Spain,1,4,6,2,0
16315070,48,98837.2,USA,0,306,8,5,0
9383492,39,3469.9,Canada,1,1,8,2,0
11695048,34,9235.9,Canada,1,10,7,0,0
16038580,33,55598.4,Spain,1,274,8,3,0
5907114,70,6245.0,Spain,1,124,7,4,0
3166595,36,1730.0,USA,1,11,7,9,0
16387719,33,1730.0,Spain,1,61,7,5,0
991866,30,20542.6,USA,1,0,6,2,0
4281822,24,69977.4,Saudi Arabia,2,138,8,6,0
4886739,40,98579.3,Canada,2,394,6,0,0
800922,39,23260.7,Germany,1,259,8,10,0
7963918,41,23412.5,Canada,0,429,7,4,0
6647453,27,2330.6,Spain,2,44,6,3,0
8613803,34,26231.9,USA,1,118,6,3,0
3855521,36,39389.2,Canada,2,97,6,6,0
1052779,33,74763.7,Canada,3,239,8,2,0
8611778,40,3291.4,Spain,1,64,7,6,0
7521596,36,16497.3,Spain,1,75,6,3,0
13189000,52,1730.0,Spain,2,18,7,3,0
8538698,59,57589.6,Germany,2,230,8,5,0
15773236,54,81764.3,Spain,0,347,7,2,0
16689714,47,9651.0,India,2,44,8,1,0
6448477,36,23239.1,Spain,2,28,7,2,0
8719383,32,90326.4,Spain,0,424,8,2,0
247308,48,1730.0,Canada,2,0,7,2,0
12886708,62,1730.0,Mexico,2,268,7,2,0
1848002,36,16354.3,Canada,2,67,7,1,0
1413036,31,68510.8,Canada,2,62,6,4,0
4667028,33,1730.0,Spain,1,34,7,1,0
4764283,34,1730.0,Germany,2,32,9,1,0
2316001,42,60628.8,Spain,1,246,8,9,0
10477610,33,4196.6,Spain,2,6,8,2,0
2925379,28,62559.8,Canada,2,86,8,5,0
2146837,32,17539.0,Canada,1,69,7,2,0
15794911,29,31224.2,Saudi Arabia,0,246,8,2,0
7294047,43,94045.0,Spain,0,41,8,9,0
11703055,44,1730.0,Spain,1,67,6,1,0
5763018,38,101351.5,Spain,0,254,8,7,0
13438536,33,33954.4,India,1,67,7,2,0
7751212,39,32535.9,Mexico,2,313,6,2,0
2929653,35,13555.6,Germany,2,59,8,1,0
11183003,38,16739.9,Saudi Arabia,2,34,6,1,0
13091722,48,17252.0,Saudi Arabia,1,383,7,6,0
14799191,38,60463.0,Spain,1,26,8,6,0
15051416,39,50292.6,Canada,0,155,6,6,0
8313488,37,17310.3,Mexico,1,97,7,1,0
5449479,18,1730.0,Spain,1,9,7,1,0
6977385,24,52738.0,Spain,1,96,8,2,0
5690615,65,10932.2,Canada,1,93,8,2,0
11433629,45,1730.0,Spain,1,79,8,0,0
7590017,45,69236.0,Spain,0,371,6,6,0
1648194,29,38603.8,USA,2,198,8,2,0
12925569,41,94403.9,Spain,1,215,7,3,0
15632385,51,25444.6,India,2,314,8,2,0
7927871,35,4786.2,Spain,2,52,8,8,0
9934131,44,30289.7,Canada,1,30,8,1,0
1928305,35,1730.0,Spain,2,47,6,1,0
4536917,35,45524.8,Canada,0,243,8,5,0
8249872,29,4004.4,Saudi Arabia,1,21,8,2,0
14698209,33,47931.6,Spain,2,37,9,4,0
15837972,33,18597.7,Saudi Arabia,2,19,7,7,0
1149017,46,11834.9,Spain,1,10,7,0,0
4622857,62,18152.5,Saudi Arabia,1,36,7,2,0
13830207,49,73011.3,Spain,1,86,6,8,0
6019015,41,50865.9,Germany,0,377,7,14,0
10313443,40,103649.7,Spain,3,382,7,3,0
12306497,27,100363.7,India,2,264,7,12,0
13801555,30,10579.1,Spain,1,73,8,1,0
15390970,27,55661.9,Canada,1,29,8,4,0
2027477,33,67865.6,Spain,2,290,9,4,0
6247820,36,8747.4,Spain,1,97,7,6,0
45801,35,31026.0,Saudi Arabia,2,167,7,2,0
11141367,42,1730.0,India,2,239,6,2,0
5662616,41,2495.0,Germany,1,40,8,1,0
3531159,44,7636.9,Canada,1,92,7,0,0
11018981,46,1730.0,Spain,2,5,7,2,0
14867083,32,61792.7,Spain,2,52,6,2,0
9500343,36,1730.0,Canada,2,34,8,2,0
14484564,66,3438.8,Germany,1,381,8,6,0
6109390,33,71600.9,Spain,1,374,8,13,0
4906590,45,32106.9,India,0,206,8,4,0
7673732,50,1730.0,Canada,1,183,6,1,0
16030283,48,62654.0,India,0,64,8,2,0
7955770,38,12266.7,Spain,2,101,7,4,0
3476949,46,13183.2,Germany,2,18,8,3,0
10257150,28,18000.2,Spain,2,31,7,3,0
8829645,43,24290.1,Canada,1,112,6,7,0
16360922,33,79309.1,Spain,1,264,8,2,0
376558,39,2977.6,Canada,2,3,6,2,0
13169736,22,28113.7,Germany,2,269,7,1,0
3514067,38,57369.8,Spain,1,378,7,7,0
7880476,37,35475.4,Germany,1,140,7,7,0
2818309,49,37244.9,Australia,1,20,6,3,0
10603545,55,43744.7,Canada,2,33,8,1,0
4904010,32,28414.9,India,1,209,8,4,0
15663860,46,10143.5,Spain,2,30,8,1,0
2180434,44,57165.1,Mexico,1,219,8,7,0
10539630,36,1730.0,Spain,1,70,7,1,0
4303916,49,30692.8,Australia,1,260,6,13,0
16561123,50,1730.0,Spain,2,103,8,3,0
3325772,33,112912.3,Saudi Arabia,1,393,8,6,0
231992,60,37373.5,Spain,1,57,8,3,0
5546605,40,39960.6,Australia,0,385,8,4,0
14000759,29,79119.6,Spain,1,63,7,5,0
7100369,27,4765.7,Canada,2,8,7,2,0
224084,30,13620.2,Canada,2,257,8,11,0
16028665,41,41265.3,Saudi Arabia,1,12,8,11,0
12255889,28,23367.3,Saudi Arabia,2,83,7,3,0
14375736,43,50025.7,Saudi Arabia,1,75,8,1,0
11553559,64,45377.0,Spain,1,269,6,1,0
5661805,31,60518.5,Canada,2,54,7,0,0
652993,27,55747.1,Spain,1,51,8,3,0
11307597,36,1730.0,Spain,1,27,8,4,0
9961332,29,65472.1,Germany,0,168,8,5,0
10581192,38,49720.0,Spain,0,260,8,2,0
6511344,35,1730.0,India,1,5,7,2,0
12080729,38,39530.1,Spain,1,14,8,1,0
11601818,46,1730.0,Spain,1,13,8,2,0
10808206,65,55340.0,Canada,1,270,7,6,0
254540,37,71874.5,Spain,2,224,6,9,0
6471675,29,20250.3,Spain,2,63,7,2,0
1874891,58,1730.0,USA,2,14,8,2,0
12533495,34,33714.9,Spain,1,20,7,2,0
9770514,34,36132.5,Spain,2,62,8,2,0
16426546,47,13027.6,India,2,45,7,9,0
7070676,32,1730.0,Canada,2,23,7,4,0
5784529,49,1730.0,Spain,2,6,8,0,0
10262263,46,16506.1,Spain,2,174,8,1,0
3411627,23,27721.9,India,3,93,7,7,0
13346965,50,68194.0,Spain,2,287,6,3,0
12647682,44,13022.7,Australia,2,38,9,2,0
4147369,36,1730.0,Spain,2,39,7,3,0
8908837,36,1730.0,USA,1,12,6,3,0
6548582,38,1730.0,USA,2,53,6,3,0
16212492,33,37886.4,Australia,1,128,8,3,0
12585173,34,73030.7,Spain,1,23,7,0,0
1768994,28,1867.4,Canada,1,166,8,1,0
14840633,48,1730.0,Spain,2,64,8,12,0
3182374,67,41141.1,Saudi Arabia,1,397,8,9,0
13632673,45,35426.7,Australia,0,358,8,4,0
1025641,42,19327.5,Spain,1,10,7,2,0
4028435,57,46752.2,Mexico,1,158,8,9,0
5440944,50,7613.3,Canada,1,2,7,5,0
665116,37,49083.5,Spain,2,183,6,3,0
2479338,60,52370.7,Saudi Arabia,1,65,8,6,0
10205258,40,77142.7,Saudi Arabia,0,441,6,10,0
11568405,33,23857.4,USA,1,166,8,2,0
12583893,44,34996.2,Saudi Arabia,1,25,8,1,0
2793815,64,41421.9,Spain,1,254,7,4,0
3306181,65,78983.9,Germany,2,133,8,2,0
10518761,47,5846.0,India,0,75,8,2,0
2899996,48,26233.2,Saudi Arabia,1,47,8,0,0
16619962,66,11193.9,Australia,1,100,8,3,0
1237590,34,59703.0,Saudi Arabia,1,80,6,2,0
3635937,58,19908.4,USA,1,165,6,8,0
14839864,29,81796.4,Saudi Arabia,0,239,6,6,0
3166038,47,70636.5,USA,1,319,7,3,0
6295161,28,9688.6,Spain,2,22,6,1,0
4955137,32,90216.1,Spain,1,26,8,3,0
5844112,27,16849.7,Saudi Arabia,2,66,6,2,0
13331320,46,12801.5,Germany,1,36,6,3,0
12751311,25,29333.1,Canada,1,27,8,2,0
16038601,20,1730.0,Spain,2,13,8,9,0
9378161,48,1730.0,Spain,1,38,7,2,0
6683474,30,47922.8,Spain,2,64,7,3,0
11803764,37,12310.7,India,3,72,7,2,0
7906837,54,99447.9,USA,3,118,8,4,0
7706157,44,19975.7,Saudi Arabia,2,21,7,2,0
9571048,62,60754.9,Spain,0,300,8,9,0
9575813,41,28215.4,Spain,1,39,7,2,0
10278509,52,1730.0,Spain,1,37,8,2,0
2110118,40,80370.6,India,1,37,7,2,0
12465716,62,59113.1,Canada,1,435,7,4,0
1451396,42,1730.0,Canada,2,3,8,3,0
9592540,18,3120.1,India,2,175,7,2,0
10114635,33,1730.0,Spain,1,32,8,2,0
2015416,29,76571.9,Saudi Arabia,2,67,8,14,0
13823149,21,76692.5,Germany,1,367,8,4,0
2565377,43,69809.7,Spain,1,176,7,4,0
4906224,46,33209.1,Spain,2,61,7,6,0
14482484,43,52988.0,Canada,1,117,6,3,0
6762011,45,15267.3,Spain,1,82,7,3,0
1210409,18,18771.6,Spain,0,22,8,2,0
3393836,62,102418.2,Australia,0,102,6,7,0
4647493,44,51190.5,Spain,0,233,7,4,0
4863668,32,10025.1,Canada,1,43,8,0,0
520066,32,4312.6,Spain,2,47,8,1,0
7144281,18,42074.1,Saudi Arabia,1,35,6,8,0
12259565,42,82925.2,Saudi Arabia,1,254,8,4,0
6417874,50,1730.0,Spain,1,70,8,1,0
53694,45,11051.0,Saudi Arabia,1,37,8,2,0
16213273,27,1730.0,USA,1,30,8,2,0
16761849,53,36810.3,Saudi Arabia,1,45,7,1,0
8894387,43,70375.2,Spain,0,318,8,12,0
3990601,52,9156.7,Canada,1,58,8,5,0
3750447,27,3619.8,Australia,2,30,8,0,0
4464033,48,6133.0,Canada,1,16,8,2,0
7321627,37,1730.0,Saudi Arabia,1,61,7,2,0
11280264,29,1730.0,Spain,1,9,7,2,0
13180097,53,3284.0,Canada,2,47,6,2,0
14066950,28,11457.3,Canada,1,41,8,0,0
12537372,66,62027.9,Canada,1,117,8,2,0
13835756,28,22647.7,Mexico,1,14,7,1,0
1662078,37,66707.4,Saudi Arabia,2,352,8,9,0
4844205,33,29519.1,Saudi Arabia,2,10,7,3,0
7065290,28,1730.0,Canada,2,61,8,1,0
9583620,31,18224.7,Spain,1,89,6,2,0
359652,38,1730.0,Saudi Arabia,1,35,8,1,0
8011180,53,52690.1,Spain,1,78,6,4,0
7475372,30,31395.7,Spain,1,125,8,4,0
4650979,30,75892.7,Spain,0,124,8,3,0
15198479,26,1730.0,Canada,1,73,7,12,0
4130210,27,59270.8,Australia,1,241,7,2,0
12381833,36,71588.1,Spain,1,400,7,5,0
4707713,49,12903.9,Spain,0,181,8,1,0
8749026,18,55090.8,Spain,2,104,7,4,0
4399308,52,13869.7,Canada,2,92,6,2,0
1021453,60,44657.9,Canada,2,416,8,2,0
12965027,32,1730.0,USA,0,45,8,3,0
1922131,59,19467.9,Canada,1,231,8,2,0
14884736,39,61094.0,Canada,1,91,6,1,0
15316713,43,1730.0,Spain,2,102,8,1,0
11594965,30,1730.0,Spain,2,0,7,1,0
15354948,30,59878.5,India,0,351,8,4,0
15068382,39,1730.0,Saudi Arabia,1,196,8,13,0
14293636,47,34942.4,Spain,1,113,7,2,0
14643853,41,65018.5,Canada,0,84,6,7,0
3031743,28,1730.0,Spain,1,57,6,0,0
10253765,68,33032.5,Saudi Arabia,1,15,8,1,0
634584,33,35971.1,Spain,1,55,7,1,0
16030943,72,36201.5,Germany,1,99,6,3,0
8419813,26,42413.2,Mexico,1,62,8,2,0
3045747,54,68478.5,Mexico,0,421,6,6,0
11111202,56,40592.2,Spain,1,45,8,1,0
14537678,38,1730.0,Spain,1,38,7,3,0
7477705,42,83158.5,Canada,0,318,7,2,0
1283621,37,1730.0,Canada,1,0,7,3,0
5481188,44,15255.1,Saudi Arabia,2,79,6,1,0
9033257,63,36000.0,India,0,283,6,8,0
45730,29,25515.3,Spain,2,31,7,0,0
6146347,44,13598.9,Spain,1,0,8,0,0
995035,34,45223.8,Canada,1,34,8,2,0
4117271,43,47433.8,Saudi Arabia,1,89,8,3,0
2487819,36,25266.5,Saudi Arabia,0,37,7,3,0
12452793,28,69419.0,Saudi Arabia,1,54,7,9,0
7969197,51,14907.6,USA,1,69,7,2,0
16050082,47,72350.9,Spain,1,260,8,4,0
13035210,39,13653.1,Spain,2,67,7,2,0
12495855,35,31071.6,Saudi Arabia,2,80,8,1,0
7833440,67,93765.4,Spain,1,182,7,7,0
16751345,38,25801.5,India,1,59,8,1,0
5097271,51,29684.7,USA,1,83,6,3,0
5037574,43,48798.7,India,1,60,7,6,0
6650603,31,12871.0,Spain,1,41,8,3,0
10674491,20,72807.4,Canada,2,231,8,3,0
9957418,62,30142.7,Spain,1,88,8,1,0
207476,31,1730.0,Spain,2,2,7,2,0
15732545,41,47777.4,Australia,1,82,8,5,0
14517771,37,10155.6,Canada,1,76,6,3,0
12549651,29,29547.5,Spain,0,47,7,1,0
8492639,37,46581.2,Canada,1,137,8,3,0
4532556,40,27543.3,Spain,1,347,8,3,0
16629369,33,14148.3,Saudi Arabia,2,72,7,5,0
2091777,47,1730.0,Canada,2,52,7,5,0
6145698,51,1730.0,India,2,77,8,11,0
9833931,38,3797.6,Spain,1,109,6,0,0
10865653,31,108932.3,Australia,1,324,6,4,0
14846039,56,15821.4,Spain,0,49,8,3,0
8807757,22,44489.5,Australia,1,51,8,1,0
1480022,41,1730.0,Canada,1,58,8,0,0
12660912,33,10799.4,USA,2,0,7,0,0
12466355,54,58173.1,Saudi Arabia,1,355,6,7,0
8458675,44,3935.1,India,1,71,8,4,0
6472765,46,15066.1,Spain,1,103,8,6,0
14244388,30,93920.3,Saudi Arabia,1,318,6,3,0
12102635,22,17287.1,Germany,0,68,8,1,0
10482004,47,58454.1,Spain,2,330,8,1,0
210101,29,54441.8,Spain,2,52,7,13,0
11539333,44,1847.5,Spain,1,69,8,1,0
14591809,31,37401.2,Saudi Arabia,2,65,8,2,0
7711600,37,51366.1,Canada,2,202,7,1,0
16414568,33,8968.2,Spain,2,129,7,3,0
3249013,52,68647.1,Australia,3,185,8,7,0
10736297,20,56203.9,Saudi Arabia,1,117,8,2,0
1434084,48,15879.3,Canada,1,25,8,3,0
3936281,29,7584.7,Spain,1,40,7,1,0
10923208,37,1730.0,Spain,1,27,6,1,0
3924693,34,22923.2,Canada,1,70,8,1,0
2705619,25,5085.2,Spain,2,42,7,1,0
3542210,27,10824.3,Spain,1,134,8,4,0
10798724,67,1730.0,Canada,1,31,7,1,0
10920881,40,1730.0,Spain,1,17,8,1,0
8278029,37,37028.2,India,1,98,8,3,0
9210411,37,89679.6,Spain,2,116,6,11,0
10276932,27,20874.3,Canada,1,33,7,2,0
16481345,51,59336.8,Germany,1,216,6,0,0
9045052,40,61052.4,Spain,2,277,8,9,0
7315140,37,57659.0,Canada,1,286,8,8,0
2072125,43,14371.3,Saudi Arabia,1,5,7,2,0
15645718,50,1730.0,Spain,1,33,7,3,0
15648114,59,14473.9,Spain,0,46,8,1,0
4119062,37,79012.8,Germany,2,111,6,3,0
3665578,31,11136.6,India,1,226,8,11,0
15241115,65,80051.5,Canada,0,177,6,2,0
6322144,34,29781.4,Saudi Arabia,2,49,8,3,0
11608217,37,40792.1,Canada,2,5,7,1,0
16303323,54,96806.2,Spain,0,154,7,7,0
15950569,58,1730.0,Saudi Arabia,2,61,8,1,0
8711286,32,1730.0,Spain,1,30,6,0,0
12103957,45,54991.6,USA,1,405,8,6,0
7927057,40,1730.0,Canada,2,42,7,3,0
14132897,41,49266.9,Saudi Arabia,0,431,7,7,0
3426222,33,73257.8,Spain,0,46,6,2,0
14813770,45,54615.6,Saudi Arabia,1,38,7,6,0
9219411,39,77541.2,Canada,1,400,6,0,0
5628409,36,87987.9,Saudi Arabia,0,38,7,4,0
8073205,63,38561.6,Saudi Arabia,0,34,8,2,0
14166503,40,17997.3,Saudi Arabia,2,48,7,1,0
4494036,49,31963.5,Canada,1,46,7,2,0
3146241,28,3170.3,Canada,2,18,8,2,0
12706465,49,20035.5,Spain,1,194,8,5,0
683643,34,25285.6,Spain,0,206,6,3,0
2305167,38,31334.8,Canada,2,275,7,2,0
3062674,39,28726.1,Spain,1,104,7,1,0
8213330,59,34741.1,Spain,1,99,8,5,0
14637367,25,97755.7,Spain,0,269,7,11,0
11078608,54,77903.6,Canada,1,135,8,4,0
8159451,34,90656.9,Spain,1,394,7,6,0
8786868,51,91240.2,Spain,1,273,7,5,0
12105340,27,29734.8,Spain,2,246,7,3,0
12859529,60,27286.4,Spain,2,73,8,2,0
8580714,37,43241.2,India,1,393,8,2,0
16219560,40,1730.0,India,2,116,8,3,0
12990364,30,6835.2,Saudi Arabia,2,166,8,4,0
10643435,40,1730.0,Canada,1,59,7,1,0
15902818,27,98327.8,Spain,2,344,6,6,0
6638288,27,30390.4,Spain,1,312,6,5,0
7244028,18,1730.0,Spain,2,0,6,0,0
1405277,43,9034.7,Saudi Arabia,1,92,7,2,0
1194053,35,34293.6,Canada,2,23,7,1,0
11772234,38,42987.6,Canada,1,138,8,4,0
14438949,37,43713.7,Spain,2,257,6,6,0
8738567,33,93647.2,Saudi Arabia,1,83,6,12,0
4878097,33,42557.5,Saudi Arabia,3,78,7,1,0
15787388,54,78286.1,India,1,49,6,3,0
9537274,33,11713.6,Spain,1,47,7,2,0
564579,31,34993.6,Spain,1,81,7,1,0
705549,57,46320.6,Germany,2,152,6,3,0
7251085,43,1730.0,Canada,1,23,6,1,0
13214874,37,54288.9,Spain,2,440,7,2,0
5164793,58,22379.8,Australia,2,127,6,3,0
104269,27,30722.9,Germany,1,207,8,6,0
2204609,28,2244.1,Germany,2,94,7,4,0
5266792,65,49461.5,Germany,1,125,8,2,0
5786087,56,87404.9,Spain,1,111,7,6,0
8723463,39,21346.3,Saudi Arabia,2,39,7,2,0
15746704,48,44299.1,Canada,2,70,8,5,0
13528135,55,37405.0,USA,1,156,7,9,0
11994136,39,14687.7,Spain,1,28,7,9,0
11500395,47,72154.7,Spain,1,209,8,11,0
15011290,69,35156.8,Saudi Arabia,2,229,7,6,0
3910999,41,45559.2,India,1,422,6,9,0
1218647,24,2162.6,India,2,35,6,2,0
7759696,39,1730.0,Mexico,1,20,8,1,0
3816889,40,25078.8,Canada,1,140,8,2,0
7717418,38,28518.5,Spain,1,172,8,4,0
15133088,18,1730.0,Spain,2,60,6,1,0
13898642,62,53370.2,Canada,1,79,8,2,0
7986746,44,11277.1,USA,1,60,6,1,0
608529,51,7532.6,Spain,1,38,7,1,0
7275541,18,63162.6,Spain,2,178,7,1,0
13854290,34,3734.8,Germany,1,136,8,1,0
11981713,38,77057.7,Saudi Arabia,1,67,7,2,0
2866340,41,24198.9,Spain,3,176,7,0,0
5984262,27,54195.2,India,2,136,7,2,0
5109948,36,63125.3,Germany,1,49,8,2,0
184905,33,33635.1,USA,1,281,8,6,0
6525019,42,39770.6,Spain,2,101,7,1,0
12871103,49,7516.2,Canada,1,66,7,1,0
9516788,47,8397.3,Saudi Arabia,2,167,7,1,0
15295009,36,21987.7,Saudi Arabia,1,56,9,2,0
12520760,31,72716.0,Spain,2,223,8,4,0
62327,32,5060.3,Germany,2,247,7,1,0
9906274,37,11192.3,USA,0,50,8,2,0
5878273,27,5307.9,India,1,2,8,2,0
8928963,50,7246.4,Spain,1,83,7,2,0
2375588,53,20468.1,India,2,339,6,3,0
13456827,33,51002.4,USA,0,414,8,4,0
377816,41,85326.3,Canada,0,41,8,3,0
15309706,40,14485.6,Spain,1,26,6,2,0
11227936,41,75787.8,Canada,1,78,7,2,0
5647596,44,35532.2,Saudi Arabia,2,20,8,2,0
2717838,32,9328.5,USA,2,39,8,1,0
6229344,46,60435.7,USA,1,32,8,2,0
10695195,39,41275.8,Spain,1,43,6,9,0
1733036,31,48887.2,Australia,1,73,6,12,0
9463181,57,1730.0,Spain,1,208,6,4,0
3280559,50,40291.4,India,1,260,6,4,0
5545795,42,42952.9,Saudi Arabia,2,430,7,13,0
11167326,40,110133.2,Australia,0,333,8,7,0
6084026,31,5666.6,Spain,1,28,8,3,0
3372800,65,1730.0,Saudi Arabia,1,223,8,3,0
4097398,35,64667.9,Canada,1,19,8,3,0
15357257,53,57517.6,Spain,0,331,6,1,0
12408792,32,30965.3,Spain,1,17,6,2,0
16676795,41,29287.4,USA,1,201,8,2,0
1590699,42,46320.6,Germany,1,84,7,5,0
14819047,58,19016.0,Saudi Arabia,2,21,9,2,0
10545661,25,1730.0,USA,1,23,8,1,0
10799331,36,32835.6,Saudi Arabia,1,306,8,4,0
2021144,58,1730.0,Canada,1,15,8,2,0
1375213,47,81891.8,Germany,0,328,8,2,0
5550823,21,69320.4,India,2,34,7,5,0
13632309,20,15178.2,Spain,1,76,6,1,0
3922744,46,14495.0,Spain,1,10,7,2,0
16003230,41,54145.2,Canada,1,291,8,3,0
3330610,32,12291.3,Saudi Arabia,1,8,6,1,0
12117481,44,1730.0,Spain,2,65,7,4,0
7231926,60,1927.2,Canada,1,186,8,4,0
14488053,25,8092.4,Saudi Arabia,2,70,8,3,0
9631640,50,1730.0,Germany,1,52,7,2,0
2960235,43,13726.6,Spain,0,188,9,2,0
13214928,49,1730.0,Saudi Arabia,1,8,8,1,0
15945588,48,53104.1,Spain,2,232,7,2,0
3369164,44,56230.6,Saudi Arabia,1,90,8,2,0
13189376,30,32901.4,Saudi Arabia,1,91,8,8,0
11438780,38,57928.1,Spain,1,112,8,1,0
11185660,29,1730.0,Spain,1,40,7,0,0
9666607,53,1730.0,Spain,1,35,7,1,0
4597799,42,20511.7,Saudi Arabia,1,105,8,5,0
3386000,52,29672.2,Germany,2,31,7,1,0
3772647,63,2129.5,Australia,0,34,9,4,0
16004539,45,41392.7,Spain,1,42,7,4,0
9867014,66,1730.0,Canada,2,0,8,3,0
9530006,32,23309.3,Spain,1,84,7,2,0
6591866,37,1730.0,USA,2,44,8,2,0
5343598,38,65085.0,Canada,2,328,6,3,0
13752262,43,1730.0,Spain,2,39,7,1,0
16727867,33,1730.0,Spain,1,7,6,0,0
885923,41,22268.9,Canada,2,9,8,2,0
506544,31,1730.0,Spain,1,15,8,2,0
7813286,24,1730.0,Canada,2,8,6,1,0
1511403,48,77247.1,Spain,0,301,8,4,0
81375,62,11774.8,Canada,1,107,8,2,0
13762253,52,4491.6,Canada,1,51,6,6,0
6336198,36,1730.0,Spain,1,85,8,2,0
15185051,40,51894.7,Spain,1,75,8,2,0
1861263,41,1730.0,Spain,1,29,8,1,0
13306090,42,42512.1,Saudi Arabia,1,78,6,5,0
13833288,33,10226.6,India,2,38,8,2,0
9139878,26,1730.0,Canada,1,25,8,2,0
10666681,45,86739.7,Australia,1,239,7,5,0
4917033,34,98937.6,Spain,1,437,7,3,0
14756188,62,13588.5,USA,1,25,7,4,0
4015108,58,31922.1,Australia,1,44,8,2,0
4185279,27,22272.3,Spain,2,57,8,1,0
2724117,60,21384.3,Spain,1,188,6,2,0
8311146,44,73262.0,Spain,1,165,8,0,0
5255454,43,4934.0,Australia,2,53,8,4,0
14691177,40,10269.9,Spain,2,69,7,6,0
2211835,26,1730.0,Spain,2,4,8,2,0
8486593,36,36959.1,Spain,1,66,7,3,0
2100322,36,47697.0,Spain,1,46,7,1,0
15687296,30,21845.5,India,1,30,6,8,0
1686631,48,5304.5,Spain,1,29,6,1,0
13616633,39,1730.0,Spain,1,30,7,1,0
4222498,45,1730.0,Spain,2,202,7,1,0
6006396,26,1730.0,Spain,1,65,8,2,0
7467880,45,15447.0,Spain,1,29,8,2,0
10626130,47,1730.0,Spain,1,82,8,2,0
2223480,35,1730.0,Spain,2,45,8,2,0
1717197,43,1730.0,Spain,1,74,6,4,0
178753,40,1730.0,Germany,2,70,6,2,0
3905185,44,1730.0,USA,1,93,8,1,0
14489874,24,13048.6,Saudi Arabia,1,52,8,2,0
12879489,56,7980.5,Canada,2,72,8,4,0
16498836,38,8485.7,Canada,1,309,7,3,0
16311207,59,1730.0,Australia,1,32,7,6,0
16506227,33,19223.5,Saudi Arabia,1,119,7,2,0
8548745,54,3145.1,Canada,1,86,8,2,0
14804726,29,1730.0,Saudi Arabia,1,11,8,3,0
701297,48,1730.0,Canada,1,47,7,2,0
11680750,41,83459.4,Canada,1,323,7,3,0
14203028,56,1730.0,Saudi Arabia,1,36,7,2,0
14953841,34,16176.9,Canada,3,60,7,2,0
11866969,50,60118.4,Spain,1,63,6,4,0
14985315,56,32435.2,Mexico,1,260,7,12,0
4253333,18,49754.5,Saudi Arabia,2,55,7,3,0
10421461,57,57981.9,Spain,1,256,7,2,0
5851791,66,2764.7,USA,2,110,8,2,0
14788409,43,64497.3,USA,1,45,7,4,0
5173745,30,18775.4,Spain,1,1,8,2,0
2070613,39,1730.0,Spain,1,0,7,3,0
4682086,29,1730.0,Canada,1,46,8,2,0
8283101,45,90076.8,Germany,0,336,8,5,0
6413367,50,19774.7,USA,1,49,7,1,0
2204282,45,14737.7,Canada,2,88,7,7,0
13703200,50,34687.4,Saudi Arabia,0,310,8,5,0
15464166,32,76630.7,Saudi Arabia,1,123,8,8,0
9859844,28,9249.3,USA,1,97,8,4,0
7061280,46,54910.0,Saudi Arabia,2,183,6,6,0
3498979,31,19161.6,Saudi Arabia,2,22,8,5,0
7739074,18,22951.6,Saudi Arabia,2,187,6,2,0
6680310,34,1730.0,Spain,1,7,8,1,0
4470528,42,12229.1,Spain,0,367,7,3,0
580305,28,1730.0,Canada,1,0,7,2,0
7500199,41,7476.9,Canada,0,60,8,3,0
13886181,57,79887.0,Canada,1,370,7,2,0
10372967,32,32721.9,Spain,2,12,7,3,0
10936344,24,44297.6,Australia,1,334,7,1,0
13757283,33,69553.2,Australia,1,227,8,4,0
15763588,53,39920.8,Germany,0,70,8,9,0
15736265,47,1730.0,Saudi Arabia,2,3,7,2,0
834572,28,52996.8,Saudi Arabia,3,17,7,3,0
7810220,37,92322.8,Germany,2,168,7,4,0
15371130,35,1730.0,Germany,2,57,8,1,0
11818101,60,28846.7,Saudi Arabia,1,92,8,1,0
5800178,32,75120.5,USA,2,206,6,3,0
6067636,50,14976.4,Saudi Arabia,1,32,8,0,0
15613294,48,71279.7,Canada,1,436,8,5,0
5151339,69,51484.1,Spain,1,276,7,2,0
8064984,60,1730.0,Canada,2,103,8,3,0
7587770,52,59009.4,Saudi Arabia,2,123,8,3,0
1873678,18,38298.4,Canada,2,61,7,7,0
9455686,25,36147.1,Canada,1,79,7,2,0
10782622,42,88442.0,Spain,1,409,7,1,0
9379085,37,42087.0,Canada,0,374,6,2,0
14381110,48,45912.4,Mexico,1,212,6,1,0
15478443,52,77413.3,Spain,0,90,7,3,0
15313247,28,37654.8,Saudi Arabia,1,92,7,3,0
2896638,50,11658.5,Canada,1,433,7,1,0
13214637,58,24207.9,Canada,1,86,8,2,0
3452904,32,1730.0,Spain,1,49,8,1,0
512803,41,50085.4,Australia,0,284,7,4,0
3920353,29,47680.2,India,0,149,6,12,0
15160738,25,22175.1,Canada,2,332,8,4,0
1945935,36,77033.6,Canada,0,351,8,6,0
4655238,46,27425.4,Saudi Arabia,2,29,8,4,0
15001416,29,1730.0,Spain,1,14,8,0,0
15997724,32,40748.4,Spain,1,218,6,3,0
8733796,33,60768.8,Canada,2,75,8,2,0
15813834,27,5481.1,Spain,1,357,6,4,0
14891625,29,21512.8,Spain,2,57,7,2,0
6279427,48,65660.7,Australia,2,57,7,0,0
7099334,39,15491.1,Germany,1,67,8,4,0
12401451,47,29476.3,Spain,1,174,8,7,0
1281680,43,83200.0,Saudi Arabia,0,411,6,7,0
6815906,29,24866.0,USA,2,297,8,1,0
9544206,25,11225.2,Spain,1,56,6,1,0
10511426,20,3527.1,Canada,1,60,7,3,0
5465292,37,28405.9,USA,1,88,7,2,0
9371487,26,3557.3,Australia,1,66,7,1,0
7776987,44,71820.0,Canada,3,298,8,2,0
932957,51,75313.8,Spain,0,223,6,3,0
4678299,28,1730.0,Spain,1,31,8,2,0
12544208,34,74141.8,Canada,1,226,6,3,0
10217784,40,61317.9,Germany,1,357,7,1,0
15361211,49,33769.8,Germany,1,359,7,2,0
13625715,41,30060.8,Spain,1,137,8,7,0
10098820,18,31758.5,Spain,1,58,7,0,0
11589698,21,109783.0,Saudi Arabia,0,66,8,3,0
13613727,48,18513.9,Canada,1,159,8,3,0
4131227,43,1730.0,India,1,4,7,3,0
9439675,33,8362.3,Canada,1,0,8,1,0
12235798,38,76296.7,Canada,1,241,10,8,0
7459611,52,14089.8,Spain,1,56,8,2,0
6165525,47,1730.0,Spain,1,25,7,2,0
4882518,64,6835.9,Spain,1,100,7,4,0
6673343,29,2615.1,Spain,2,10,8,13,0
1947337,39,1768.7,Canada,2,52,8,11,0
11703793,35,30606.9,Australia,1,354,8,1,0
3735738,54,35251.7,Spain,1,145,7,6,0
5801507,67,18932.4,Spain,2,70,8,3,0
8858319,35,27048.0,Saudi Arabia,0,280,8,3,0
680370,30,1730.0,Spain,1,52,7,2,0
10232731,44,71204.1,Canada,2,119,6,6,0
939667,35,13416.6,Spain,1,20,7,0,0
5474530,47,1730.0,Canada,1,37,8,2,0
6960647,36,58779.1,Saudi Arabia,1,259,9,2,0
7529448,35,38722.6,Spain,1,384,6,3,0
11682043,45,27183.0,Spain,2,191,7,3,0
15679367,22,82608.8,Spain,1,175,7,3,0
9409709,28,29588.7,Saudi Arabia,1,405,8,4,0
4209162,23,41552.8,Canada,2,225,8,2,0
6312112,24,7594.7,Canada,1,49,7,1,0
4807683,44,62443.4,Spain,2,209,7,2,0
16340003,43,28243.6,Canada,1,123,6,0,0
12626961,24,25011.3,Spain,2,196,6,2,0
10764362,48,8701.9,Spain,1,74,8,2,0
1982868,56,8370.3,USA,2,35,8,7,0
7522421,35,25193.8,Saudi Arabia,1,33,7,1,0
10152974,28,30188.0,Spain,2,17,7,2,0
14696192,43,8845.6,Australia,1,40,8,1,0
16220241,39,48825.3,Spain,1,44,6,11,0
4270986,51,73980.4,Canada,1,178,7,2,0
12044999,26,24321.3,Spain,1,116,8,6,0
6225447,24,71020.1,Spain,2,146,8,10,0
16308347,41,25463.5,Canada,2,104,8,4,0
1370062,49,1730.0,Saudi Arabia,2,29,7,1,0
2596894,39,18168.9,Spain,1,154,8,2,0
15598645,52,54037.7,Spain,2,98,8,2,0
6496720,20,55126.7,India,1,84,6,7,0
13126844,33,46596.6,USA,0,293,7,3,0
13525341,40,1730.0,Spain,2,77,7,1,0
5094816,53,87861.7,Canada,0,393,7,4,0
10215520,29,27302.5,Australia,1,121,6,3,0
11065627,34,1730.0,Canada,1,174,6,7,0
2850169,19,1730.0,India,1,35,8,2,0
15248063,35,59053.2,Canada,1,230,7,5,0
14492668,42,16421.2,Canada,1,297,7,4,0
4307308,34,72660.1,Canada,0,103,8,3,0
7704573,57,21587.5,Saudi Arabia,2,253,8,7,0
8455883,39,85273.8,Spain,1,209,8,7,0
14970954,43,26513.8,Germany,1,54,7,1,0
6025729,39,1730.0,Spain,1,23,8,1,0
5757545,50,1730.0,India,1,36,7,2,0
13400015,32,70349.4,Saudi Arabia,1,103,7,2,0
13835303,25,15428.0,Spain,2,77,6,2,0
4239129,53,1730.0,Germany,2,0,6,2,0
10450361,32,47892.1,India,1,200,7,12,0
3633252,34,51372.9,Spain,1,54,8,7,0
14948717,38,33209.1,Canada,2,83,6,3,0
15423204,49,26753.1,Spain,1,219,7,3,0
10607231,34,50108.0,Canada,1,65,6,4,0
711539,26,6712.1,Spain,2,47,6,3,0
4482318,49,15702.4,Spain,2,30,8,1,0
12976044,29,19313.2,Saudi Arabia,1,67,8,3,0
5008904,47,2915.5,Canada,3,221,6,4,0
16011320,18,8724.1,Spain,2,35,8,0,0
13777313,47,64009.1,Saudi Arabia,1,292,8,8,0
12515137,42,43909.6,USA,1,190,7,2,0
16573892,58,35883.2,Canada,2,28,8,2,0
4891843,38,24767.0,Spain,2,79,6,2,0
5016696,24,1730.0,Spain,1,149,7,2,0
13921907,31,72562.2,Saudi Arabia,0,435,7,5,0
11150421,43,32106.8,Spain,1,123,8,7,0
4707033,24,102938.2,Spain,1,186,6,5,0
15044204,40,24132.6,Spain,2,70,8,1,0
7710238,32,1991.6,Canada,1,43,8,2,0
14645823,39,14627.4,Spain,1,62,8,3,0
1792943,66,45493.0,Spain,1,441,8,9,0
11858820,29,1730.0,Canada,1,69,8,2,0
9704182,52,81996.4,India,1,116,7,3,0
8626663,47,51247.9,Australia,2,379,6,11,0
2266004,28,43271.9,Saudi Arabia,2,59,8,1,0
11382776,29,30510.2,Spain,0,202,7,3,0
9143680,33,75658.6,Australia,2,354,8,14,0
14498833,26,5751.1,Spain,1,133,6,1,0
9308848,47,1730.0,USA,1,36,8,1,0
2576188,25,7087.2,Spain,1,393,7,3,0
5765679,40,1730.0,USA,1,43,8,2,0
11409890,37,10904.5,Spain,2,94,7,3,0
8099627,34,3770.7,USA,2,16,6,1,0
12023764,23,47357.5,Spain,0,434,6,2,0
8228509,38,54526.4,Canada,1,364,8,1,0
9429262,32,28439.5,Mexico,1,50,6,2,0
3225091,39,70180.8,Canada,0,57,8,3,0
7828939,27,1730.0,Spain,1,27,7,3,0
9917929,27,87886.9,USA,2,277,7,1,0
2468819,33,1730.0,India,1,86,6,8,0
4799158,47,34144.2,USA,2,85,7,1,0
5406214,43,52743.9,Spain,1,42,8,0,0
8684861,51,59553.8,Spain,1,11,6,2,0
1020480,49,71388.8,Spain,1,195,8,3,0
136907,51,3868.8,Canada,1,417,8,2,0
2999823,37,44133.6,Germany,1,188,8,3,0
13884652,39,18311.5,Canada,1,69,7,1,0
14489700,60,11369.6,Canada,1,2,6,2,0
7327876,35,28299.0,Saudi Arabia,1,64,6,2,0
12884714,36,77694.3,Spain,1,311,6,10,0
8417915,35,23608.2,Spain,2,35,8,7,0
6942894,39,12208.9,Saudi Arabia,2,9,8,1,0
16304498,53,4386.5,India,2,325,6,4,0
7532717,35,43355.9,Australia,1,136,8,6,0
2100232,22,33923.4,Saudi Arabia,1,142,8,2,0
14580552,34,2925.3,Spain,1,102,6,7,0
9696180,49,1730.0,Germany,1,70,7,3,0
14990951,47,61505.1,Spain,1,154,6,8,0
2209931,61,2034.9,India,0,322,6,5,0
1239214,32,1730.0,USA,0,52,8,4,0
8697189,44,62649.3,Mexico,1,230,8,2,0
11486747,48,1730.0,Canada,1,31,7,1,0
5732532,33,52693.9,Spain,1,168,7,4,0
3593055,41,7641.8,Australia,1,84,8,4,0
5984905,37,8008.3,Spain,1,25,8,1,0
7758828,26,29283.0,Spain,1,28,7,2,0
12268089,35,1730.0,Spain,2,37,7,1,0
6391303,67,21051.1,Germany,1,105,7,1,0
11194153,35,33833.1,Spain,1,77,7,7,0
7662165,24,22415.9,Canada,0,295,8,9,0
3458681,69,21382.5,Spain,2,192,8,4,0
2689434,35,7634.0,USA,2,42,8,1,0
15395602,48,1730.0,Canada,2,63,8,2,0
9306841,43,49262.0,Canada,2,56,8,3,0
51612,52,73087.9,Australia,1,232,7,4,0
2834265,27,63957.5,Canada,1,110,8,4,0
12166890,70,83219.3,Germany,1,410,8,5,0
2271369,41,11671.9,India,2,153,6,5,0
6124999,37,31591.4,Canada,1,184,8,1,0
12268519,64,59603.2,Spain,1,105,6,5,0
11517064,32,1730.0,Canada,2,52,8,12,0
15059544,24,107802.6,Germany,0,199,8,7,0
11102432,32,1730.0,Canada,1,24,8,1,0
6247671,50,17082.5,Canada,1,204,8,2,0
47358,36,1730.0,USA,1,0,8,1,0
10874869,51,63631.7,Canada,1,414,6,10,0
11887518,21,1730.0,Canada,1,12,7,1,0
2475342,37,15647.0,Spain,1,68,6,2,0
197568,27,66529.5,Spain,2,326,7,4,0
9501666,18,1730.0,Canada,1,62,6,6,0
15975327,26,29331.5,Canada,2,64,7,5,0
6275566,31,1730.0,Germany,1,31,8,1,0
6180979,54,80923.4,USA,1,391,7,3,0
10186663,31,49888.8,USA,0,433,6,3,0
11226166,51,67650.7,Saudi Arabia,1,40,7,4,0
225547,33,1730.0,Canada,1,0,8,2,0
11770521,43,98302.5,USA,1,65,8,3,0
5738926,18,1730.0,Spain,1,55,6,3,0
15723445,45,18037.4,Germany,2,98,6,4,0
7940020,44,1730.0,Spain,2,35,8,0,0
5621087,18,71841.0,Canada,0,315,6,7,0
5423459,35,15420.0,Saudi Arabia,2,12,8,1,0
12409983,45,8316.9,Mexico,2,81,7,9,0
807751,33,71644.8,Canada,1,87,6,3,0
4026397,56,71795.1,Saudi Arabia,1,407,7,3,0
1687376,28,1730.0,Saudi Arabia,2,13,7,3,0
12078779,45,22811.2,Spain,0,432,7,2,0
8018035,27,43792.0,Saudi Arabia,2,0,6,2,0
13993070,55,4976.1,Germany,1,153,8,4,0
2264232,37,83453.2,Spain,1,414,8,5,0
2922529,30,5169.1,Australia,2,50,8,2,0
9087961,25,11186.8,Saudi Arabia,1,81,7,2,0
22600,48,79597.7,Mexico,1,65,7,1,0
16027866,38,8691.0,India,2,197,7,3,0
10111278,65,77875.7,Spain,1,399,7,4,0
15942492,42,1730.0,Spain,1,24,8,2,0
14381236,56,21827.0,Spain,1,131,8,3,0
6055763,38,79494.4,Saudi Arabia,1,194,8,4,0
4840222,32,83775.7,Spain,2,248,8,9,0
7177845,46,1730.0,Spain,1,227,8,2,0
12278937,35,41838.8,Spain,2,135,7,1,0
15518814,25,23338.3,USA,1,56,6,2,0
2792923,23,80934.7,Spain,2,41,8,2,0
12791568,36,1730.0,Spain,1,55,7,1,0
13372449,31,53979.4,Canada,1,46,6,2,0
11802259,34,1730.0,Spain,2,58,6,0,0
7961608,45,61119.8,Australia,0,139,8,2,0
14738367,39,32838.1,Spain,1,233,8,6,0
16323090,38,76920.7,Spain,1,285,7,4,0
5346575,30,79062.9,Spain,2,348,8,2,0
10037048,37,24338.9,Australia,1,176,7,2,0
5656757,46,53501.0,Saudi Arabia,0,232,8,3,0
14232115,53,32407.5,Australia,2,380,6,3,0
2024469,35,19686.6,Canada,1,20,6,3,0
1120392,27,6376.9,Canada,1,24,6,1,0
6902518,46,20237.8,India,1,84,7,1,0
12470230,37,1730.0,Spain,1,55,8,2,0
3434554,53,14005.5,Canada,1,15,8,3,0
9197265,30,1730.0,Spain,1,98,8,2,0
9566062,37,51913.6,Saudi Arabia,0,138,8,0,0
16571780,30,62511.7,Canada,1,203,8,3,0
12158368,57,5915.1,Canada,2,54,7,3,0
8183852,45,1730.0,Canada,1,28,8,4,0
10655770,60,14419.9,Saudi Arabia,1,136,6,2,0
14607630,37,48933.6,Australia,2,46,7,1,0
7553091,26,1730.0,Canada,2,8,7,1,0
9919604,42,46963.0,Spain,3,165,6,0,0
12961228,45,70853.6,Germany,2,47,8,2,0
6580358,58,6962.8,Canada,1,22,6,1,0
2122245,45,38425.6,Saudi Arabia,1,292,7,3,0
5895736,29,101943.9,Spain,0,211,8,2,0
8852565,49,1730.0,India,1,0,7,1,0
12932125,32,63299.6,Spain,1,120,6,2,0
6451142,20,46240.4,Spain,1,86,8,8,0
11238434,47,90657.3,Saudi Arabia,2,57,6,3,0
13318542,38,16554.5,Spain,1,125,7,0,0
7052137,33,50198.2,Spain,1,170,7,2,0
7282293,18,13167.3,Germany,0,68,7,0,0
16164348,50,1730.0,Australia,2,25,6,4,0
32970,32,1730.0,Spain,2,75,8,1,0
9930487,47,36617.1,Spain,2,174,6,5,0
5417025,66,40998.1,Germany,0,417,8,6,0
4384810,44,13387.3,Spain,1,67,8,5,0
14777522,41,24503.1,Spain,2,49,7,0,0
3261188,55,30844.4,USA,3,66,8,1,0
1463304,42,99912.3,Australia,1,314,8,3,0
5125382,40,52076.5,Spain,1,407,6,3,0
4072537,26,21031.1,Canada,2,53,8,2,0
6041569,37,29962.3,Saudi Arabia,1,62,7,3,0
8789900,29,67819.2,USA,0,134,6,2,0
10575043,52,22263.0,Canada,1,56,6,2,0
9331285,42,57232.1,Spain,2,396,8,0,0
3071582,62,28359.6,Canada,1,87,6,2,0
13537087,42,55790.9,Germany,0,216,6,4,0
13499396,50,1730.0,Spain,1,84,7,12,0
11785394,59,2928.0,Saudi Arabia,1,122,7,3,0
3578779,51,27803.2,Canada,0,70,8,2,0
2846129,38,35454.6,USA,1,133,7,0,0
4254220,52,34616.5,Spain,2,87,8,1,0
9781867,38,44811.6,Canada,1,266,6,7,0
11032560,41,40973.3,Canada,1,70,6,2,0
12870265,47,101752.0,USA,0,353,8,7,0
4822753,30,1730.0,Canada,2,18,7,2,0
10804994,43,1730.0,Spain,2,52,6,1,0
11529952,46,31044.1,Germany,2,53,8,4,0
2025913,48,1730.0,Canada,2,44,7,4,0
1382758,43,52626.7,Spain,2,264,8,1,0
754378,44,77335.2,India,2,103,6,3,0
12365395,37,8473.0,India,2,58,7,2,0
10639579,30,88093.6,Australia,0,168,7,7,0
16623949,36,35056.3,Canada,0,177,8,2,0
13851287,47,1730.0,Canada,1,66,6,2,0
5744584,33,1730.0,Canada,1,57,7,2,0
14671572,28,4093.7,Saudi Arabia,1,36,8,0,0
8249089,40,54660.6,Spain,2,279,6,2,0
478792,22,19181.2,Canada,1,25,8,3,0
10257066,60,38156.9,USA,1,66,6,3,0
8717058,60,6199.4,USA,1,49,8,2,0
7461591,28,18773.8,India,1,33,7,2,0
5999590,26,1730.0,Canada,2,106,7,2,0
14628971,31,68915.9,Saudi Arabia,0,413,7,3,0
13937139,21,12177.3,Spain,3,364,7,2,0
15254868,25,89650.7,Spain,1,106,8,6,0
3620184,32,1730.0,Spain,1,52,7,2,0
2056023,42,23119.1,USA,2,223,6,2,0
6272316,53,27315.8,Canada,1,29,6,1,0
8183937,30,58004.8,Spain,0,52,7,2,0
12070898,32,32816.6,Australia,1,354,6,3,0
16394105,38,35938.0,India,1,62,7,11,0
10237943,40,2685.5,Spain,1,97,8,4,0
7009780,32,16991.0,Spain,2,1,8,1,0
8896923,25,52250.8,Spain,1,44,7,1,0
4612427,43,34398.5,Australia,3,240,6,5,0
4867457,30,19954.9,Canada,1,34,8,4,0
13271054,41,28108.5,Saudi Arabia,2,74,7,2,0
16095680,63,51557.5,Saudi Arabia,1,99,7,2,0
9152761,18,66033.2,USA,1,68,7,2,0
5846204,37,21033.5,Spain,1,111,7,2,0
16339186,32,68077.4,India,2,159,8,4,0
3530361,20,1730.0,Spain,1,29,8,0,0
2730327,33,1730.0,Spain,1,16,6,1,0
15854582,26,41443.1,USA,0,396,7,2,0
6157311,34,24696.9,Germany,1,64,7,3,0
9110250,45,24447.6,Canada,1,211,6,3,0
4517047,30,11220.8,Canada,1,32,6,3,0
15389175,42,17264.2,USA,1,190,8,10,0
9821142,31,1730.0,Spain,1,51,7,2,0
10844448,25,41718.8,Spain,2,88,8,4,0
636836,47,1730.0,Spain,1,67,7,2,0
7140561,35,35904.5,Saudi Arabia,1,71,8,3,0
7843767,31,89498.8,Germany,0,137,7,4,0
720919,30,9619.2,Saudi Arabia,2,172,7,2,0
4468538,54,85808.6,Spain,1,115,8,2,0
16401548,37,29125.3,USA,2,59,8,0,0
4288495,43,68160.3,Australia,1,30,7,4,0
9819079,24,2353.6,USA,1,8,6,1,0
12205742,61,19693.7,India,2,82,8,1,0
2533195,26,49820.1,Canada,2,96,8,2,0
16178125,38,49278.7,Saudi Arabia,1,89,8,3,0
14971141,41,28071.8,Saudi Arabia,2,56,7,0,0
5094849,28,14662.2,India,1,72,8,0,0
15554531,52,1730.0,Spain,2,9,6,4,0
12318472,34,32648.3,Saudi Arabia,2,35,7,3,0
16421116,54,7607.6,Spain,2,63,8,12,0
6441276,39,36690.0,India,1,95,8,1,0
2661270,37,39231.4,Canada,1,253,8,3,0
9034363,37,1730.0,Spain,1,29,7,0,0
15731228,47,1730.0,Canada,1,60,8,2,0
8146289,35,51836.8,India,1,186,7,9,0
16473816,27,5788.9,Germany,1,40,6,1,0
7291481,21,7716.6,Spain,1,24,8,2,0
6027487,30,12990.1,Spain,1,109,7,3,0
14060524,49,60266.1,India,2,283,7,2,0
13211627,35,9554.1,Spain,1,63,7,2,0
5065313,34,62859.7,Spain,2,71,6,1,0
14935303,58,1730.0,Spain,2,39,6,0,0
9261500,18,11012.2,Canada,1,17,7,2,0
8284838,50,4559.1,India,1,70,8,2,0
5396570,33,61228.8,Australia,1,269,8,3,0
6693431,52,34026.7,Saudi Arabia,2,376,6,7,0
15149750,58,11202.0,India,1,108,7,7,0
11495265,54,9299.5,India,1,61,6,3,0
5362961,53,69051.0,Canada,1,238,7,5,0
14267867,60,8433.6,Canada,1,20,7,0,0
5072684,34,52935.3,Saudi Arabia,1,384,8,11,0
5985476,38,12229.4,Spain,1,41,8,2,0
9500419,49,69959.8,Saudi Arabia,0,105,7,2,0
13812149,25,7017.6,Australia,2,43,8,2,0
7837399,24,1730.0,Spain,1,65,8,2,0
10531188,48,28442.5,Spain,1,146,6,1,0
5266118,38,44506.0,Australia,1,74,7,4,0
11543874,36,36825.8,Spain,0,426,8,9,0
12843717,65,37331.7,Canada,1,136,8,2,0
6139992,35,53191.2,Australia,0,224,8,9,0
8936773,23,55629.9,Saudi Arabia,1,131,7,14,0
14902003,47,19437.5,India,1,302,8,2,0
9706330,30,63911.7,Mexico,1,92,8,3,0
11465031,30,29544.9,Spain,1,54,8,2,0
438362,52,38225.1,Saudi Arabia,1,104,7,1,0
6242897,36,20355.5,Saudi Arabia,1,83,7,11,0
1838141,59,1730.0,Australia,2,75,7,1,0
13074483,46,1730.0,Spain,1,26,8,2,0
12592686,51,79489.5,Canada,1,29,7,2,0
781856,35,25898.9,Spain,1,30,7,3,0
13689071,28,1730.0,Spain,1,13,8,7,0
5446509,32,4846.3,Spain,1,229,7,1,0
8649405,18,10539.5,Germany,2,23,7,2,0
4986793,18,11925.2,Spain,1,15,8,2,0
2620223,55,60224.5,Spain,0,235,8,2,0
9703210,27,69738.4,India,0,273,8,2,0
4494522,40,1730.0,Germany,1,53,7,3,0
4403848,33,16600.2,Canada,2,66,8,2,0
4399063,55,41858.1,Canada,1,65,7,2,0
12418950,39,66610.2,Canada,1,126,6,2,0
628509,50,7789.8,Canada,2,55,7,2,0
6947004,23,51510.4,Spain,2,50,6,2,0
15149955,44,17229.6,Canada,1,62,7,8,0
2714322,41,97296.4,Spain,1,215,6,3,0
15495750,71,7734.4,Spain,1,57,6,8,0
16374819,51,34444.2,India,1,29,7,3,0
5008551,29,26000.0,Spain,1,37,7,1,0
8573110,35,42459.7,Saudi Arabia,1,11,8,2,0
5231192,49,80977.9,Spain,0,366,6,4,0
10665376,45,13940.8,Canada,1,70,7,3,0
12586087,27,71244.5,Canada,2,30,7,4,0
6475449,52,92412.8,Saudi Arabia,0,280,7,11,0
16152740,47,82053.1,Spain,2,133,8,8,0
11186512,40,6400.3,Spain,1,123,7,0,0
1332382,55,11441.4,India,1,116,6,4,0
1723990,28,36673.8,Spain,1,271,7,2,0
4529149,36,90584.2,Spain,2,47,8,2,0
14589992,42,23838.6,India,2,16,7,2,0
14985048,38,81642.3,Australia,1,258,7,5,0
3368067,53,28532.7,Germany,1,22,7,4,0
12515141,47,23424.1,Spain,1,165,7,2,0
14555140,28,89857.3,India,0,294,8,4,0
6586321,38,23557.8,Germany,1,39,7,4,0
8770939,47,1730.0,Spain,1,13,7,3,0
2573818,38,6094.5,India,2,30,6,2,0
7042680,47,6392.4,Spain,2,77,6,2,0
15231987,32,95486.5,Spain,2,199,7,3,0
3713100,36,54432.9,Spain,2,162,6,3,0
12343989,34,69742.3,Canada,1,368,6,4,0
8434408,44,1730.0,Germany,1,1,6,2,0
13060872,40,53971.7,Canada,0,92,8,1,0
1802939,35,36150.3,Australia,0,60,7,2,0
12991370,32,41843.6,Spain,2,149,6,0,0
16003329,39,36061.2,Australia,2,184,7,2,0
12366746,59,5672.1,Canada,2,198,6,12,0
6105199,36,15878.6,USA,1,75,8,1,0
11737952,43,55653.3,Saudi Arabia,2,420,7,5,0
10045796,39,46012.1,Canada,1,208,7,2,0
790395,31,37058.2,Canada,0,41,8,2,0
8018804,20,7702.3,Spain,1,68,7,4,0
8327392,48,8284.2,Spain,2,81,6,2,0
7977138,56,47229.3,Mexico,1,320,7,4,0
16455757,45,21516.9,Spain,1,61,6,3,0
898612,18,66239.5,Spain,1,66,6,6,0
15385594,26,61201.6,Spain,1,239,6,2,0
16733224,48,33186.6,Spain,2,79,7,1,0
15065882,49,36722.0,Spain,1,157,7,3,0
12003859,52,28690.2,Saudi Arabia,1,68,7,6,0
4029535,48,14689.6,Spain,1,94,6,3,0
8052929,43,15468.2,Spain,2,113,8,4,0
15206076,59,27731.8,Spain,0,150,8,0,0
15753610,34,1754.3,Saudi Arabia,1,77,8,2,0
891146,47,12368.1,Canada,3,48,6,3,0
14592753,49,56180.5,Canada,0,420,8,6,0
7394820,27,7245.2,Germany,1,41,8,4,0
12595625,42,4711.3,Spain,2,0,7,2,0
5492861,49,1730.0,Spain,1,51,8,1,0
3597572,26,73567.1,Spain,1,292,8,5,0
4449460,39,42649.1,Canada,1,294,8,5,0
5838207,42,13816.2,USA,1,10,8,0,0
9365299,48,6265.9,Spain,1,51,7,3,0
1239373,18,20812.4,Spain,1,48,8,9,0
4053971,22,61542.1,Saudi Arabia,1,274,8,2,0
8004681,28,54908.4,Spain,2,175,8,1,0
6480028,21,105717.3,Germany,0,173,9,4,0
2037137,36,39376.8,Saudi Arabia,2,117,6,5,0
4570415,29,3692.7,USA,2,42,8,3,0
3220453,18,41509.6,Canada,2,65,8,2,0
16236891,32,72066.4,Germany,2,203,6,4,0
2268732,18,14217.9,Spain,1,170,8,3,0
10908944,29,22894.5,Saudi Arabia,1,52,8,4,0
10178717,38,1730.0,Canada,1,64,6,0,0
5174067,51,32672.8,Saudi Arabia,1,33,6,2,0
15433966,50,46995.8,India,1,336,8,1,0
9453807,43,14095.1,Saudi Arabia,1,48,7,2,0
9742905,39,8916.2,India,2,30,7,2,0
10250415,42,6933.7,Spain,1,50,8,2,0
3120014,28,26663.2,Spain,1,94,7,2,0
14299703,23,93234.7,Canada,2,230,8,13,0
69960,38,102083.2,Saudi Arabia,0,280,8,4,0
9349844,49,19531.5,Spain,2,55,8,3,0
2258429,46,51056.4,Saudi Arabia,1,106,8,11,0
16086779,38,1730.0,Canada,1,58,7,2,0
6918821,37,99166.0,Canada,0,226,7,1,0
3359241,23,20529.4,Spain,2,233,7,1,0
8320786,33,41803.5,USA,2,123,8,12,0
14845706,52,39061.1,Spain,1,20,8,1,0
13021322,34,25999.5,Spain,1,88,8,1,0
9671899,30,59530.9,Spain,1,35,7,2,0
12436156,62,1730.0,Australia,0,239,8,2,0
7651323,42,91720.5,India,1,268,8,4,0
11589724,49,46019.8,Spain,2,5,7,2,0
2752098,31,12823.8,Germany,1,25,6,0,0
15354354,44,33399.7,Spain,1,306,6,3,0
12021099,33,7306.1,Australia,2,263,7,5,0
12191515,28,1730.0,Spain,1,46,7,2,0
1948337,31,32668.7,Canada,2,146,7,13,0
16051969,40,95911.3,Saudi Arabia,0,193,7,7,0
1488238,35,1730.0,Spain,1,2,6,1,0
13660183,37,1730.0,Canada,1,40,7,2,0
14097617,23,1730.0,Canada,1,4,8,1,0
8859963,39,1730.0,Canada,2,100,7,3,0
12609040,29,36877.4,Spain,2,102,8,4,0
7846643,45,1730.0,Spain,1,24,8,1,0
5493806,30,46391.4,Spain,2,51,9,4,0
3707805,19,1730.0,Saudi Arabia,0,23,6,2,0
12557753,44,1730.0,Canada,1,12,7,2,0
853201,41,37618.4,Spain,1,63,7,12,0
16330312,18,32462.4,India,0,60,6,2,0
4534043,69,63771.1,Australia,0,114,8,3,0
13921624,30,65149.5,Germany,2,181,7,2,0
8111894,27,8433.5,Canada,1,72,8,1,0
7766315,39,1730.0,Spain,2,83,7,1,0
5440073,29,25881.0,Saudi Arabia,1,50,7,0,0
5552217,50,1730.0,Spain,1,32,8,1,0
8542918,27,50981.1,Spain,1,153,8,4,0
7489607,62,32338.7,Saudi Arabia,1,151,7,1,0
8628737,38,14074.3,Spain,1,87,8,5,0
11901667,21,77344.0,Canada,2,50,7,1,0
13473732,48,41196.1,Canada,2,302,7,2,0
16693549,31,1730.0,Spain,1,12,7,2,0
15828446,42,42807.6,USA,0,115,7,3,0
6970760,43,6047.1,Spain,1,42,7,1,0
3440293,50,48591.0,Germany,0,307,8,6,0
40589,26,1730.0,India,1,124,6,3,0
4692718,40,42036.2,Spain,1,36,8,2,0
636502,50,24062.3,Spain,2,82,8,2,0
368902,39,6070.2,USA,2,29,8,1,0
816518,53,71260.2,India,1,102,8,2,0
12047398,58,40278.3,Spain,1,48,8,0,0
2434749,33,47337.5,India,0,132,6,6,0
10537885,32,32514.8,Saudi Arabia,1,300,8,3,0
10567297,27,1730.0,Spain,2,67,7,0,0
9912813,34,17902.6,Spain,2,100,6,6,0
5394719,65,68194.8,Spain,1,441,8,5,0
3861328,52,63371.6,Canada,1,189,7,7,0
4103182,51,54961.6,Spain,1,67,8,6,0
2717431,27,70913.8,Spain,0,409,8,3,0
15339105,50,91594.0,Spain,2,98,7,3,0
4721044,35,44756.3,Mexico,0,139,7,6,0
8603403,32,1730.0,Germany,1,31,6,1,0
7779299,28,13904.0,Germany,1,243,6,5,0
15370213,34,63560.9,Australia,2,129,8,6,0
13244199,37,26671.7,Spain,2,62,8,4,0
4280877,30,25006.3,Spain,1,56,6,0,0
8141106,33,10973.8,Canada,2,76,8,9,0
11011906,44,75448.9,Spain,1,24,7,6,0
12297361,25,47891.5,Spain,1,98,6,7,0
7330138,41,3648.5,Spain,1,104,7,2,0
4474527,55,30152.5,Spain,1,34,6,10,0
3505969,48,17831.6,Australia,1,0,7,1,0
15387461,45,13500.7,Spain,1,91,7,2,0
9880104,37,51957.4,Canada,1,52,8,4,0
229668,34,16917.1,Canada,1,440,9,7,0
12684575,46,1730.0,Spain,1,25,8,2,0
7968547,39,107163.0,Spain,0,409,6,4,0
77174,39,42124.0,Saudi Arabia,0,169,8,2,0
13870544,65,38834.9,Canada,2,60,6,4,0
12223687,30,23346.3,Saudi Arabia,2,62,7,2,0
3873452,22,39609.8,USA,1,275,7,3,0
10291142,55,31379.1,Australia,1,109,6,4,0
4244035,36,13717.7,Spain,2,47,7,1,0
10040520,48,40022.6,India,1,331,8,3,0
12427862,43,1730.0,Spain,2,46,8,2,0
7392041,64,72470.5,Saudi Arabia,0,421,7,3,0
16585204,72,25808.7,India,2,55,7,2,0
2983110,39,14887.2,Canada,0,19,8,2,0
2534990,40,17474.5,Spain,0,68,8,1,0
682042,37,63379.8,Australia,1,198,6,6,0
8462513,48,36013.9,Spain,1,322,6,4,0
1481591,33,29882.9,India,0,134,7,2,0
16539101,42,28714.5,Germany,0,364,8,4,0
11448540,42,70146.4,Spain,1,85,8,1,0
3917441,56,106540.5,Spain,1,274,7,4,0
2332658,42,11991.4,Canada,2,24,6,4,0
9051939,38,42759.1,Saudi Arabia,0,332,8,2,0
10078756,30,77587.7,Spain,1,50,7,4,0
1583090,47,37513.6,Spain,1,149,8,1,0
7429102,21,31958.6,Saudi Arabia,2,72,8,2,0
7909922,28,1730.0,Germany,2,1,8,2,0
12077324,51,41098.6,Saudi Arabia,2,20,8,2,0
5659408,38,23420.3,USA,2,39,8,3,0
15151853,27,25040.4,Saudi Arabia,2,9,6,6,0
3151232,61,32161.6,Australia,1,102,6,3,0
14529977,26,30446.5,Spain,0,160,8,2,0
5303317,35,102600.2,Saudi Arabia,1,291,8,4,0
5657634,45,19882.3,Spain,2,122,7,3,0
11553125,32,24694.5,Canada,2,353,8,0,0
4877508,19,44697.6,India,0,177,7,3,0
15950125,29,2475.7,Saudi Arabia,1,4,7,1,0
12584808,33,1730.0,Saudi Arabia,1,74,8,2,0
15568538,34,1730.0,Canada,1,56,8,3,0
2937118,33,36185.2,Spain,2,48,7,7,0
12439028,50,28927.9,Spain,1,65,6,0,0
16032421,29,44524.9,Spain,0,367,7,0,0
10345209,44,93751.5,USA,1,213,7,11,0
13971039,30,15348.8,Canada,1,5,8,2,0
12673675,33,1730.0,Canada,1,30,8,2,0
13041039,40,1730.0,Canada,1,52,7,1,0
11843110,27,23323.1,Saudi Arabia,0,105,8,6,0
795489,43,29050.1,Saudi Arabia,0,34,6,0,0
10625604,27,87634.7,Canada,0,175,6,7,0
5362682,35,34126.6,Saudi Arabia,1,236,7,2,0
12436975,46,52991.8,Spain,1,370,8,4,0
8205274,42,66840.8,Mexico,1,117,7,2,0
15059273,42,62549.4,Spain,2,62,6,2,0
3580579,29,22788.4,Canada,0,226,8,1,0
9336443,46,1730.0,Germany,1,34,7,2,0
6921489,50,1730.0,Spain,2,164,7,7,0
10871386,44,11036.0,USA,1,13,6,3,0
7087629,57,23507.0,Spain,1,53,7,3,0
462740,32,23662.1,Saudi Arabia,1,70,7,3,0
11643410,61,15941.8,Spain,1,45,8,12,0
4199830,47,1730.0,Spain,1,46,7,1,0
8145589,24,9449.0,Mexico,1,51,7,3,0
15091784,64,41302.9,Saudi Arabia,2,103,8,9,0
783599,35,3733.6,Canada,1,15,7,1,0
5739743,51,56226.8,Spain,3,291,7,3,0
2484596,66,96201.3,Spain,1,191,8,7,0
8132288,29,37509.2,Spain,0,218,8,4,0
10085629,58,16514.6,Spain,1,40,6,3,0
2855007,34,1730.0,Spain,1,62,7,0,0
7567008,38,18146.8,Canada,1,72,8,2,0
10884985,33,8474.6,USA,1,36,8,2,0
5629024,29,13633.8,Canada,1,131,8,2,0
7797231,57,46547.0,Germany,0,232,7,4,0
11141857,39,51537.5,Saudi Arabia,0,227,7,4,0
8868106,46,1730.0,USA,1,19,7,1,0
13334200,48,69772.9,Spain,1,366,7,13,0
8507899,49,23232.8,Canada,2,217,7,5,0
12583700,20,1730.0,Spain,1,4,7,0,0
8460513,43,12163.2,Spain,2,9,6,3,0
4011815,38,55022.2,Spain,1,431,8,9,0
12089712,52,1730.0,Spain,1,11,8,1,0
10259733,29,19285.3,Spain,2,104,8,2,0
2715555,39,6267.5,Spain,1,45,7,1,0
6024603,44,4759.8,Australia,0,85,6,4,0
8474049,44,29965.3,USA,1,119,6,3,0
2565128,23,76231.9,Spain,1,288,8,3,0
6537266,20,21286.4,Mexico,0,389,6,5,0
9020865,39,9504.0,Canada,2,9,7,2,0
8362969,24,1730.0,Saudi Arabia,1,7,8,1,0
12042797,39,1730.0,Spain,1,49,7,0,0
4879824,58,42983.9,Spain,1,388,6,3,0
14280376,34,2510.0,Spain,1,44,7,2,0
16201962,36,33553.0,India,2,87,8,8,0
5655654,32,1730.0,Canada,2,77,7,1,0
15725535,36,1730.0,Spain,2,24,7,1,0
7234581,33,24245.1,Spain,2,11,7,2,0
4744559,33,26710.5,Germany,1,87,7,1,0
14712012,47,38549.4,Saudi Arabia,1,131,6,3,0
5977024,39,16397.6,India,1,200,8,12,0
5836306,34,1730.0,USA,1,48,8,2,0
12630925,57,5050.9,Spain,1,55,8,1,0
10687288,37,50688.1,Spain,1,364,7,1,0
14372403,30,10831.4,Canada,2,79,6,4,0
10290155,58,25898.7,Canada,1,69,8,13,0
825533,18,36730.7,Spain,2,47,6,6,0
4892430,30,83140.5,Saudi Arabia,1,247,6,6,0
14929313,56,1730.0,USA,1,7,8,1,0
10577571,31,71220.2,Spain,1,138,6,6,0
8377696,38,29339.3,Canada,2,101,8,2,0
11605061,45,1730.0,Canada,1,41,7,1,0
5764207,35,1730.0,Spain,1,0,7,0,0
9100291,47,48580.8,Saudi Arabia,1,99,7,2,0
12770050,59,94721.5,Canada,0,350,8,3,0
9600261,35,18983.0,Canada,1,144,7,3,0
1794805,66,25648.3,Canada,2,63,7,1,0
15777308,28,48996.6,India,0,268,8,5,0
6978920,35,51184.6,Canada,1,63,8,1,0
14364888,46,15115.3,India,2,71,6,2,0
4856277,25,92214.7,Canada,1,288,8,3,0
5329743,54,69128.4,USA,1,385,6,2,0
8426835,37,21479.0,Canada,1,176,8,3,0
14935317,35,1730.0,Spain,1,63,7,1,0
6007311,38,56872.3,Spain,1,256,6,2,0
12127503,31,18619.6,Canada,2,20,7,3,0
12007214,35,1730.0,Spain,1,40,7,7,0
9563613,33,33189.4,Germany,1,66,8,1,0
883800,36,27515.7,Spain,1,62,8,3,0
1497280,32,55460.0,Australia,1,408,7,5,0
4485248,34,61249.6,Spain,1,426,6,6,0
2099891,31,13426.1,Canada,1,29,8,3,0
10871236,42,44570.7,Australia,2,31,6,2,0
16645728,30,1730.0,Spain,1,59,7,2,0
4495950,25,5465.2,Spain,1,48,7,1,0
11577208,30,7319.7,Spain,2,58,6,3,0
1322288,26,1730.0,Canada,1,7,8,2,0
12508076,64,33072.9,USA,1,269,8,3,0
3453215,51,63915.1,USA,1,267,8,0,0
15240851,55,8832.2,Saudi Arabia,1,136,6,4,0
5276438,53,70148.8,Germany,0,275,8,7,0
8971653,21,1730.0,Spain,2,60,7,1,0
14888032,27,5858.4,Spain,1,72,7,0,0
11761573,29,1730.0,Spain,1,58,8,4,0
15739098,18,1730.0,Germany,1,16,6,2,0
13719589,38,19353.7,Saudi Arabia,1,59,8,1,0
564734,54,81296.9,Germany,0,194,6,5,0
8127658,27,9296.7,Canada,3,45,6,2,0
3260331,44,74213.9,Spain,1,309,6,11,0
8080560,47,1730.0,Canada,2,55,7,1,0
10208076,33,7872.2,USA,1,39,6,0,0
8548246,43,70052.4,Spain,1,390,7,4,0
2184045,31,107785.4,Saudi Arabia,1,145,8,12,0
10908509,40,30556.8,Spain,2,248,8,2,0
9703085,52,32595.2,Canada,1,175,7,1,0
1183873,34,29736.9,Spain,1,95,6,1,0
16569603,45,12692.9,Spain,1,61,7,3,0
2188848,50,18127.6,Canada,1,337,8,2,0
14639291,31,88103.9,Australia,2,377,8,3,0
13415602,32,59771.7,Germany,0,351,7,3,0
509280,39,22839.6,Australia,1,98,8,1,0
11064091,47,17947.5,Spain,1,66,7,1,0
9607495,36,20921.5,Canada,2,105,8,8,0
10425608,35,1730.0,Spain,1,57,7,2,0
5073815,45,83542.1,Canada,0,335,7,5,0
3854100,65,69757.1,Spain,1,216,7,4,0
13790492,45,76896.3,Spain,1,282,8,2,0
10796105,23,68316.0,Spain,0,187,9,3,0
4717290,20,1730.0,Saudi Arabia,1,4,8,5,0
16193401,37,1730.0,Canada,1,50,7,1,0
13542104,53,31523.3,Spain,1,116,8,2,0
14214421,35,1730.0,Saudi Arabia,1,68,7,0,0
88593,64,7054.8,Spain,1,22,7,2,0
14473842,37,54413.6,Saudi Arabia,1,102,8,4,0
7571956,40,45221.0,USA,1,54,8,11,0
13307477,34,32887.1,Australia,1,248,8,4,0
16538128,61,24212.8,Spain,2,216,6,2,0
2312,43,1730.0,Canada,2,0,8,12,0
12096648,50,10571.2,Spain,2,180,7,0,0
12510494,46,92396.8,Saudi Arabia,1,56,8,3,0
5868642,41,14419.5,Canada,2,75,6,1,0
12202847,29,7376.5,Spain,1,59,7,3,0
14928588,44,25683.4,Spain,1,62,6,2,0
14698582,29,1730.0,Australia,2,92,7,2,0
5900605,39,27176.7,Spain,1,57,7,7,0
4285965,64,8233.5,Mexico,1,8,8,11,0
2243679,29,54985.4,USA,2,208,7,3,0
13833991,47,40492.5,Saudi Arabia,1,194,8,2,0
4513609,18,21683.1,Saudi Arabia,1,19,8,3,0
6659069,54,12321.1,Spain,2,47,8,2,0
9174983,51,12185.4,Canada,2,250,8,4,0
14802203,32,1730.0,Spain,1,217,7,2,0
12784493,18,26111.1,Spain,1,111,8,4,0
629367,58,5284.7,USA,1,31,8,2,0
15555824,57,32668.4,Spain,1,315,7,4,0
10062232,39,1730.0,USA,2,59,8,2,0
12626602,33,55348.6,Canada,1,46,8,3,0
10860104,63,17860.3,Canada,1,66,6,3,0
16271843,37,67841.9,Spain,0,79,8,8,0
13503190,62,10955.2,Spain,1,90,7,13,0
12063125,41,42486.6,Germany,1,113,8,2,0
15275035,22,55692.4,Canada,3,217,8,2,0
11666689,43,1730.0,Canada,1,56,8,3,0
11085452,53,1730.0,India,1,57,8,0,0
5768196,20,19224.2,Canada,0,22,8,8,0
11425665,20,1730.0,Spain,2,40,7,2,0
1442547,42,34663.0,Spain,0,89,8,0,0
12311277,43,9789.9,Spain,1,76,8,2,0
8193541,44,53189.1,Germany,2,125,6,4,0
3884835,29,1730.0,Canada,1,221,8,2,0
11519747,56,82919.7,Saudi Arabia,2,339,8,3,0
15096668,70,30425.9,Canada,1,110,8,4,0
6450099,66,55776.2,Germany,0,155,8,4,0
16366970,20,45803.1,Saudi Arabia,1,15,8,1,0
9085544,18,80485.8,Canada,2,133,8,2,0
3853031,42,1730.0,Spain,1,12,7,2,0
7356183,42,93327.8,Spain,1,400,7,1,0
9416274,27,1730.0,Spain,1,26,8,0,0
7315555,25,22533.6,Canada,3,6,8,3,0
6643233,25,1730.0,Spain,2,35,8,0,0
4487013,42,10901.8,Spain,1,42,8,2,0
9192142,33,75732.7,Spain,0,168,6,6,0
15257748,47,14245.8,India,1,71,8,3,0
16740056,38,12150.6,Mexico,1,192,8,0,0
12747442,29,1730.0,Saudi Arabia,2,11,8,2,0
3173354,28,1730.0,Saudi Arabia,0,49,8,2,0
14077078,56,48116.1,Spain,1,72,8,4,0
5285412,32,20216.3,Australia,2,297,8,6,0
5142700,35,74747.4,Saudi Arabia,1,398,8,9,0
3657540,23,61125.8,Saudi Arabia,0,87,8,5,0
11397943,33,1730.0,Spain,1,21,6,12,0
9887085,42,60231.3,Canada,2,91,6,4,0
8221643,46,32951.4,Canada,1,187,7,5,0
10873109,35,26916.4,Mexico,1,116,8,11,0
3310884,39,66289.5,Spain,1,24,6,3,0
3530322,54,55158.7,Australia,1,104,8,3,0
4329995,30,18413.9,Germany,1,411,7,2,0
12932182,24,1730.0,Spain,2,49,8,11,0
1101718,51,1730.0,USA,1,49,7,1,0
12007515,44,15471.3,Saudi Arabia,1,24,7,0,0
4114438,26,1730.0,Spain,1,33,7,1,0
5417272,42,5854.5,India,2,84,8,2,0
4045768,22,47659.9,Canada,1,208,6,3,0
8615124,48,7189.2,Spain,2,127,8,2,0
6394696,40,19837.7,Canada,1,16,8,4,0
7675849,48,9573.4,Germany,1,42,7,3,0
13953707,31,32114.2,Canada,2,222,8,7,0
12533130,21,1730.0,Australia,1,395,6,3,0
16474212,21,34413.7,Spain,2,268,7,2,0
9094214,23,1730.0,India,1,60,8,2,0
1153626,35,1730.0,USA,0,46,8,3,0
14630778,28,84254.1,Saudi Arabia,1,101,6,2,0
13070547,34,1730.0,Australia,2,47,6,1,0
13556725,32,1730.0,Spain,1,168,8,3,0
14704678,42,42608.3,Canada,2,61,8,1,0
16329003,18,55539.8,Canada,2,71,6,2,0
10692449,44,19258.1,Spain,1,39,7,4,0
4065531,35,1730.0,Canada,1,0,8,1,0
11961165,31,33801.1,Spain,0,126,7,3,0
16201642,59,23934.8,Australia,1,323,6,4,0
16173730,57,19649.7,USA,1,119,7,6,0
2291781,37,1730.0,Australia,1,113,8,1,0
3977574,59,1730.0,Mexico,1,55,6,2,0
8541999,26,19358.0,USA,1,23,8,1,0
13131642,47,31327.6,Germany,1,157,8,3,0
3142208,29,27029.1,Spain,2,53,8,4,0
7357193,20,7779.9,Spain,1,48,8,2,0
9785099,34,105062.9,Canada,0,257,6,2,0
5519881,37,78011.1,USA,2,88,7,7,0
3306546,23,33801.7,Saudi Arabia,1,117,7,4,0
3042151,26,12945.7,Spain,2,189,6,1,0
9793909,45,6389.4,Spain,1,61,7,3,0
10753914,52,14770.9,Saudi Arabia,2,254,6,3,0
13047867,27,34261.7,Canada,2,313,6,2,0
10456102,39,42603.7,Australia,1,51,7,7,0
7683095,37,49101.3,USA,0,47,8,3,0
6321515,38,57397.9,Saudi Arabia,1,175,8,3,0
13419079,50,55251.8,Spain,0,352,8,4,0
12948638,47,1730.0,Spain,1,78,6,2,0
1978580,24,49427.1,Australia,0,99,8,13,0
7482382,31,1730.0,Saudi Arabia,2,64,7,1,0
11787628,37,1730.0,Spain,2,73,7,2,0
3306885,47,1730.0,Spain,2,40,7,1,0
15274451,25,49868.1,Germany,1,265,8,8,0
9420995,51,48982.2,Spain,1,283,8,9,0
11734023,47,28501.6,USA,1,17,6,1,0
14691405,46,59441.8,Spain,0,102,7,2,0
979191,34,29542.2,Spain,2,299,8,2,0
14359718,45,61179.8,Canada,1,262,7,3,0
16503585,30,52909.4,Spain,1,261,8,2,0
4496551,44,41015.4,Spain,1,193,7,4,0
10805094,40,2574.7,Canada,1,129,7,8,0
2206106,37,3989.6,Saudi Arabia,1,51,8,2,0
14380127,39,3817.4,Canada,2,23,6,2,0
4219995,27,46711.6,Mexico,0,12,8,7,0
4419539,32,1730.0,Canada,1,43,8,2,0
8264470,29,64396.9,Canada,1,80,8,3,0
4078728,63,10465.5,Canada,2,126,6,2,0
3483934,40,23511.9,USA,1,157,8,2,0
15070692,26,37685.3,Germany,1,299,8,6,0
14298953,20,22118.9,USA,1,75,7,2,0
15417677,22,1730.0,Spain,2,65,8,2,0
16558229,49,31261.1,Australia,2,36,6,2,0
52883,29,20499.5,USA,1,13,8,3,0
3341337,38,1730.0,Saudi Arabia,1,40,7,1,0
15760545,43,53374.0,Germany,1,183,8,2,0
2074563,48,49420.3,Saudi Arabia,1,400,8,3,0
8051055,50,54153.4,Australia,1,420,6,2,0
4812535,56,74372.2,Saudi Arabia,2,161,7,6,0
2916017,56,65624.1,Australia,1,190,6,1,0
6243455,40,4333.4,Canada,1,43,8,2,0
6091641,45,63495.7,Spain,3,83,7,4,0
15276484,60,36245.7,Canada,2,285,7,7,0
5048252,30,1730.0,Spain,1,37,7,1,0
7870643,39,19870.8,Spain,1,67,7,10,0
6006899,18,1730.0,Canada,2,26,7,1,0
10054387,35,36998.8,Spain,1,64,8,8,0
12860199,55,1730.0,Canada,1,49,8,3,0
4603104,28,7181.5,USA,1,169,8,2,0
1580906,61,16984.6,India,0,65,6,2,0
12995356,38,1730.0,Australia,1,21,7,4,0
3328330,36,63402.1,Spain,2,233,8,11,0
4760559,51,35238.6,Australia,0,53,6,6,0
13330104,37,14297.9,Germany,1,41,7,3,0
7525818,57,40617.6,Canada,1,89,6,2,0
3499467,32,69316.4,Saudi Arabia,1,317,6,4,0
12242478,39,1730.0,Spain,1,28,7,2,0
11951707,54,49774.8,Germany,0,182,8,6,0
11509357,37,1730.0,Saudi Arabia,1,50,8,1,0
9392736,25,41580.5,India,2,99,8,3,0
12163746,39,43467.2,Canada,2,111,8,2,0
6261118,43,86302.3,Saudi Arabia,1,116,6,1,0
557403,40,8186.5,Spain,1,102,8,2,0
2882207,29,3737.3,Spain,1,50,7,3,0
5828648,42,30094.7,Spain,2,112,6,2,0
13722767,40,7772.2,Canada,1,44,8,2,0
8282705,56,62144.1,USA,0,202,8,11,0
11555899,42,24262.1,Spain,1,117,8,2,0
3737602,28,70823.8,Spain,1,37,7,2,0
8013428,36,17764.7,USA,2,50,8,2,0
12873815,39,37359.7,Canada,2,128,8,6,0
11799817,53,95219.0,Canada,2,397,7,3,0
10715458,26,13571.5,Saudi Arabia,0,26,8,7,0
6399330,48,105826.7,Canada,0,362,8,4,0
5657265,27,7419.5,Spain,1,68,8,0,0
6272488,43,19514.8,Spain,1,68,8,6,0
11763232,39,7717.4,Saudi Arabia,1,39,6,1,0
6488377,65,1730.0,Germany,2,0,7,1,0
15860066,57,1730.0,Spain,1,61,7,2,0
10481494,50,99271.9,Saudi Arabia,0,410,7,5,0
7976567,44,42743.9,Australia,1,104,8,3,0
15476988,24,44896.6,Spain,2,248,9,6,0
9071217,39,30190.2,Saudi Arabia,2,13,8,14,0
7849778,30,80709.3,Canada,1,283,6,3,0
11645658,23,3299.0,Spain,2,65,8,7,0
5387875,49,61569.4,Spain,1,75,6,4,0
6060247,45,8259.4,Spain,1,60,7,1,0
8685150,29,30277.2,Spain,2,56,7,0,0
1645803,64,43657.2,Spain,2,440,6,2,0
16556703,32,12333.5,Spain,2,16,8,3,0
14273943,47,58954.1,Germany,0,87,8,4,0
12431767,45,1730.0,Canada,1,310,8,5,0
14367723,33,1730.0,Saudi Arabia,2,15,8,3,0
7657854,32,51263.4,Spain,1,325,7,11,0
27395,37,1730.0,USA,1,30,7,1,0
6749464,54,39751.4,Saudi Arabia,0,359,8,9,0
1781671,32,46970.1,Spain,2,12,8,8,0
5725630,34,37442.2,USA,2,30,7,0,0
15563858,43,5608.4,Spain,1,43,8,1,0
15868063,35,1730.0,Spain,2,86,7,0,0
13298321,55,45825.3,Spain,1,63,6,1,0
4707933,33,83137.6,Australia,2,260,7,9,0
3203170,72,42793.6,Canada,2,315,8,11,0
11990259,35,19192.6,Spain,1,40,7,2,0
15713494,20,41661.5,Canada,2,97,7,2,0
8391344,51,70688.3,Australia,3,211,6,5,0
3215895,43,1730.0,Saudi Arabia,1,18,6,1,0
453335,45,7261.8,Spain,1,13,8,1,0
12210312,46,6376.8,Canada,1,51,9,7,0
14376375,40,1730.0,Spain,1,50,8,4,0
12961335,36,1730.0,Saudi Arabia,2,30,8,1,0
6131303,34,49166.1,Germany,2,88,8,7,0
6706753,30,43126.4,USA,1,11,6,2,0
12412196,38,1730.0,Spain,2,24,7,1,0
10763764,20,7581.6,USA,1,112,7,1,0
15201713,22,38021.8,Spain,2,64,8,1,0
1937598,34,1730.0,India,1,42,8,6,0
14632021,36,67980.6,Saudi Arabia,2,96,8,3,0
12263710,29,1730.0,Spain,1,17,8,2,0
6790291,45,1730.0,USA,2,69,7,6,0
3534362,40,49348.2,Spain,0,307,8,2,0
16766009,36,1730.0,Saudi Arabia,1,180,7,2,0
4999175,46,5021.8,Saudi Arabia,1,50,6,2,0
5777902,29,28624.5,Saudi Arabia,1,411,8,3,0
16050904,34,85631.5,Canada,2,251,7,3,0
11456904,23,2069.4,Spain,1,75,7,2,0
971363,54,15420.1,Spain,1,124,7,2,0
835526,36,24770.5,Australia,1,74,6,4,0
7491060,27,3242.4,Germany,2,138,7,2,0
3018685,26,6961.4,Mexico,2,70,8,3,0
6284620,45,52279.2,Saudi Arabia,1,85,7,4,0
9689369,47,47060.5,Germany,0,63,7,7,0
13994593,39,29169.0,USA,1,89,8,12,0
3000869,23,14330.9,Spain,1,114,7,2,0
2727909,32,93002.8,Canada,0,54,6,13,0
13068288,42,50097.0,Australia,2,172,6,3,0
13683685,60,22685.9,Saudi Arabia,1,51,8,1,0
5559519,32,53134.6,Spain,2,45,7,2,0
1016949,25,24234.4,Saudi Arabia,1,21,8,1,0
12574972,20,53680.5,Canada,2,248,7,3,0
8459408,47,28280.5,Spain,1,31,7,7,0
8698418,66,23849.0,Spain,2,285,8,3,0
9097699,42,3565.6,Spain,1,65,7,2,0
2186989,46,3966.1,Spain,2,99,6,9,0
7912849,42,76165.6,Spain,0,73,7,2,0
1418234,36,16804.6,India,2,20,8,2,0
10318863,44,92242.5,Spain,2,383,7,4,0
9371010,46,1730.0,Spain,2,179,6,1,0
7275855,35,20478.9,Spain,1,106,8,2,0
10065687,52,14812.4,Canada,1,128,6,4,0
8837022,56,45919.0,India,1,161,8,7,0
2334912,61,62186.3,Australia,1,137,6,8,0
13169203,32,4140.8,Spain,1,58,6,1,0
15665092,35,8858.4,Canada,2,290,6,2,0
8333122,28,38601.1,Germany,1,399,6,6,0
7495815,26,1730.0,Spain,1,8,7,2,0
10625047,32,24697.3,Canada,1,35,7,3,0
2216217,51,48369.8,Canada,2,62,8,1,0
10083319,41,69705.8,Saudi Arabia,1,398,6,4,0
13547441,33,18413.1,Spain,2,53,8,2,0
213951,39,59980.1,Spain,0,177,6,2,0
1564660,22,1730.0,Saudi Arabia,1,36,8,0,0
9905041,25,104002.6,Spain,1,300,8,2,0
2088792,33,62962.8,Canada,2,119,8,6,0
15715127,58,57243.5,Canada,1,301,8,5,0
4750132,58,56817.7,Germany,1,168,8,2,0
14295045,35,48289.0,Saudi Arabia,1,41,8,3,0
249972,30,1730.0,Saudi Arabia,1,17,7,2,0
6312088,45,32682.6,Spain,0,253,7,5,0
1910607,33,45836.9,Canada,1,64,8,2,0
10090763,46,1730.0,Australia,1,182,7,2,0
13367218,34,12503.4,Germany,0,235,8,7,0
6469702,47,1730.0,Germany,1,0,8,1,0
13833489,33,1730.0,Saudi Arabia,3,48,8,1,0
3928481,37,1730.0,Canada,1,116,6,2,0
14968375,24,74107.0,Spain,1,27,8,0,0
6802190,43,45939.2,Saudi Arabia,1,12,7,5,0
12989944,25,1730.0,Spain,1,57,6,1,0
14952613,56,3856.4,Spain,2,64,7,1,0
4051571,25,35155.0,Spain,1,27,8,2,0
8773962,42,1730.0,Canada,1,49,8,3,0
9281,39,14898.2,Canada,1,57,8,2,0
11279788,45,1730.0,Spain,2,74,6,2,0
15202311,47,41197.7,India,0,91,8,1,0
6180215,32,33312.5,India,1,395,8,2,0
771544,35,49048.2,Germany,1,341,6,4,0
4955799,39,67557.0,India,1,203,8,2,0
6360785,59,15745.6,USA,1,406,7,7,0
15837216,32,1730.0,Spain,2,256,7,2,0
11974763,66,6479.1,Germany,2,83,8,1,0
7804342,49,79262.3,Spain,0,348,6,4,0
14469743,46,64526.4,Spain,0,335,8,4,0
8499171,32,102802.5,Saudi Arabia,1,223,7,5,0
2552873,52,46557.2,Spain,0,285,6,9,0
15901217,57,37899.0,USA,2,72,8,5,0
1176311,41,1730.0,USA,1,60,8,2,0
13148583,43,64338.2,Spain,1,136,7,3,0
4364430,39,23207.0,Australia,2,211,8,2,0
10722775,59,77164.5,Spain,0,429,8,2,0
7230265,30,10407.1,USA,2,48,8,6,0
9166537,29,3673.6,Spain,1,90,7,2,0
3743875,29,21370.3,USA,1,92,8,2,0
5433079,52,1730.0,Spain,2,35,7,2,0
2689890,44,76481.5,USA,2,186,6,3,0
7665101,48,1730.0,Spain,0,52,6,1,0
5231915,18,77026.3,Spain,2,150,8,3,0
12127994,36,36570.8,India,2,62,6,4,0
13983208,35,71960.5,Spain,0,416,8,4,0
931958,32,13707.9,Canada,1,38,8,0,0
14356145,46,29928.7,Canada,1,224,7,3,0
14335054,47,38744.8,Australia,1,204,8,3,0
11682579,35,41263.9,Canada,2,79,8,1,0
4353677,56,45041.5,USA,2,104,6,1,0
1667787,33,1730.0,Canada,1,57,7,2,0
6858731,22,1730.0,USA,2,21,8,0,0
5531821,66,29277.4,Spain,1,65,6,2,0
5002452,22,1730.0,Germany,0,203,7,3,0
572395,46,2138.7,Germany,2,67,8,3,0
8833985,26,5494.0,USA,1,24,8,7,0
2925044,44,1730.0,Germany,1,49,8,2,0
12229681,26,96153.6,Australia,0,123,7,10,0
1875499,61,42635.7,Spain,1,324,6,0,0
2707029,57,100204.9,Spain,0,316,8,4,0
4629290,40,38831.7,Canada,0,117,8,4,0
12797526,29,40476.6,India,0,407,7,3,0
14736882,39,1834.0,Saudi Arabia,1,105,6,4,0
14649265,37,27528.1,Germany,1,98,8,3,0
6570249,40,75082.6,Saudi Arabia,1,50,7,4,0
11341141,57,66737.8,USA,0,412,6,1,0
2120434,32,32682.3,Australia,1,252,6,9,0
4108506,36,46835.8,Germany,2,136,7,5,0
7319496,41,65554.4,Spain,1,194,8,5,0
13442671,44,34829.2,USA,1,323,7,0,0
13439007,38,73297.6,India,1,240,8,3,0
12643201,29,32747.3,Spain,1,116,8,1,0
603253,50,36095.4,Saudi Arabia,1,16,7,1,0
7885330,23,6209.3,India,1,34,8,3,0
15910554,37,91521.5,Spain,2,88,7,6,0
845865,46,60384.9,Spain,1,218,8,3,0
10576296,34,18259.0,Saudi Arabia,1,17,8,2,0
9398865,29,47349.2,Saudi Arabia,2,393,8,4,0
15887924,55,34983.5,Canada,1,49,8,0,0
2961359,32,1730.0,Spain,1,92,6,4,0
12777623,39,39760.8,India,2,65,8,2,0
16746857,27,70896.6,Canada,2,73,8,2,0
2102133,42,65213.3,USA,2,174,7,4,0
9648287,42,1730.0,Canada,2,57,8,1,0
5206475,66,8552.7,USA,1,70,8,2,0
599885,65,80488.7,Spain,1,199,8,7,0
3158741,35,85556.6,Canada,0,334,6,4,0
10169495,23,5040.5,USA,1,40,8,7,0
1139104,41,2863.5,Spain,1,48,8,2,0
11602975,43,52918.1,Canada,1,310,7,3,0
9502956,33,27054.2,Spain,1,48,7,6,0
11168543,33,1730.0,Saudi Arabia,1,37,7,1,0
2562930,57,2995.6,Spain,0,99,8,9,0
10973924,37,6658.1,Spain,2,48,6,2,0
11862492,30,56542.8,Spain,1,282,8,0,0
5383854,41,1730.0,USA,2,441,8,3,0
16753985,45,15224.9,Germany,1,66,7,1,0
12666748,49,1730.0,Saudi Arabia,1,28,8,3,0
6971625,30,2591.2,Saudi Arabia,1,89,8,1,0
8647950,42,77664.5,Spain,0,249,8,7,0
9252773,40,10387.3,India,1,90,8,1,0
2374858,33,16321.7,Spain,0,71,9,3,0
9248172,38,30584.8,Canada,2,357,8,2,0
480103,41,1730.0,Canada,2,64,8,1,0
11906709,18,1730.0,Spain,2,25,8,3,0
5978377,23,22296.3,Spain,2,53,8,5,0
7882403,52,61352.0,Canada,1,227,7,2,0
393889,38,33206.8,Saudi Arabia,1,60,7,2,0
5550727,32,65368.0,Spain,1,105,8,4,0
8286089,18,1730.0,Australia,1,40,8,2,0
13919135,36,19151.7,Spain,1,215,8,3,0
7652883,32,27849.8,USA,2,408,7,2,0
10770555,18,39224.5,Saudi Arabia,1,72,8,2,0
12706631,25,1730.0,Spain,2,66,8,2,0
3228745,56,64466.8,Spain,2,200,8,2,0
13074200,38,27581.3,Canada,0,364,6,7,0
16209026,47,1730.0,Canada,1,39,8,3,0
6747958,28,29098.7,Australia,2,101,6,6,0
9448597,31,7944.5,India,1,45,8,1,0
15983036,34,75156.0,USA,2,224,8,7,0
12794586,50,61980.9,Spain,1,213,8,6,0
11088258,62,48861.7,Mexico,0,412,8,6,0
16090695,39,1730.0,Canada,2,29,8,2,0
5500522,40,1730.0,Saudi Arabia,1,0,8,2,0
14263332,22,36961.4,India,2,14,8,3,0
15771348,37,13645.3,Canada,1,49,8,0,0
1648639,36,1730.0,Canada,2,10,8,1,0
2683286,49,13800.0,Spain,1,79,7,8,0
6002599,34,59469.9,Mexico,0,387,8,11,0
13730181,42,11606.3,USA,0,45,7,1,0
10017157,51,11263.0,Canada,0,71,8,3,0
14401640,34,49783.0,Canada,2,50,8,1,0
5484420,18,1730.0,Saudi Arabia,2,12,8,2,0
14060488,20,29641.8,Saudi Arabia,2,23,7,3,0
509980,48,38402.8,Canada,2,141,8,3,0
7605601,40,52512.0,India,1,142,6,2,0
16179069,64,57784.4,Spain,1,337,8,4,0
6751036,45,30800.2,Spain,2,190,7,2,0
479175,35,6475.1,Spain,0,430,8,0,0
5963213,44,18034.8,Germany,2,26,8,2,0
14607600,36,65502.9,USA,2,56,7,2,0
15439806,32,48282.1,Spain,2,43,8,1,0
4834889,27,95670.8,Spain,2,95,8,6,0
9198507,62,72871.3,Canada,1,347,8,9,0
15474830,50,1730.0,Canada,1,12,7,2,0
13697712,32,8913.4,India,1,121,6,4,0
8060322,45,3843.4,Australia,1,1,8,1,0
4379493,47,1730.0,Spain,2,71,7,2,0
15483741,42,18735.8,Canada,2,104,6,2,0
5347702,42,1730.0,Spain,1,17,7,3,0
9315775,27,74770.9,Canada,0,244,8,6,0
10849647,48,61681.5,Saudi Arabia,0,224,8,14,0
2636130,43,18842.5,Spain,2,39,7,2,0
5276098,36,1730.0,Spain,2,46,6,0,0
7265016,38,28614.3,Spain,1,44,8,1,0
4321562,36,29412.6,Canada,1,211,7,8,0
12653656,49,9182.2,USA,3,126,8,9,0
16359796,39,15888.3,Spain,1,88,7,4,0
8074588,56,3342.5,Canada,2,289,8,4,0
7170064,26,25527.8,Australia,1,87,8,2,0
1385888,31,61165.8,Spain,2,145,7,4,0
16615324,27,30071.2,Saudi Arabia,2,83,7,4,0
12371307,18,10893.8,Spain,2,63,8,3,0
10615749,64,1730.0,Canada,2,29,8,14,0
11968608,40,1730.0,Spain,1,59,8,0,0
8391256,38,102647.9,USA,1,235,8,8,0
8141267,29,1730.0,Germany,1,75,7,2,0
7132534,44,56158.6,USA,1,54,6,3,0
10230564,44,3679.5,Canada,1,101,8,1,0
2306580,47,23620.3,India,1,354,8,1,0
3560218,32,27958.6,Germany,2,22,8,2,0
1836908,46,7228.8,Spain,1,101,8,1,0
16244902,45,7166.8,Canada,2,74,7,0,0
15325497,46,99501.0,Spain,0,280,7,6,0
11492046,40,1730.0,Spain,1,0,7,1,0
10311761,40,15398.7,Saudi Arabia,0,21,6,2,0
10908077,30,1730.0,Canada,1,70,7,2,0
15791158,62,1730.0,Spain,2,90,7,1,0
11505296,23,27723.0,Saudi Arabia,1,240,7,3,0
13384880,52,35768.5,Spain,1,72,6,1,0
16722740,26,31907.4,Canada,2,160,7,0,0
104581,33,61181.0,Canada,2,96,8,2,0
654579,30,74705.6,Canada,2,421,7,3,0
6406888,49,60865.5,India,1,265,8,4,0
11940643,35,95496.5,Spain,1,235,6,13,0
8026872,31,96979.6,Canada,1,377,8,9,0
8763140,28,1730.0,Spain,1,77,7,0,0
15850623,33,65718.9,India,1,246,6,9,0
11136598,41,80726.9,USA,1,438,6,6,0
12517637,49,75670.1,Spain,0,179,8,2,0
5596063,28,10480.9,Australia,2,66,6,4,0
14396270,34,56147.4,Saudi Arabia,2,351,6,3,0
7552510,34,1730.0,Spain,1,25,6,1,0
6095145,51,86654.6,Canada,1,250,7,2,0
14498157,31,6104.0,Saudi Arabia,1,111,8,5,0
8184580,44,89383.1,Spain,1,307,8,3,0
715403,25,1730.0,Spain,2,0,8,0,0
13819922,35,59127.5,Canada,1,107,7,2,0
1288481,26,33471.8,Canada,2,49,8,2,0
1792524,18,36010.8,India,2,22,6,1,0
10857811,54,89953.6,Saudi Arabia,0,362,8,4,0
2346628,40,5829.2,Mexico,2,54,7,2,0
5877903,34,13765.9,India,2,21,8,2,0
915420,27,56791.6,Spain,1,232,6,11,0
12915891,28,1730.0,Spain,2,30,7,0,0
6027491,33,39790.9,Spain,2,338,6,0,0
8475123,39,2270.2,Canada,1,24,8,3,0
5374116,44,15690.9,Saudi Arabia,2,80,7,10,0
12060648,50,36095.2,Spain,1,313,8,12,0
12743538,62,96324.6,Australia,0,352,8,2,0
8948900,43,87247.6,Australia,0,289,7,3,0
4965447,46,30562.2,USA,2,18,8,2,0
11285312,29,45757.9,Spain,1,125,8,2,0
3296449,35,5960.0,Spain,1,157,7,2,0
15463048,38,5834.6,Germany,1,71,7,1,0
11481838,32,14721.5,USA,2,52,9,2,0
9990345,55,86799.3,Saudi Arabia,2,356,7,2,0
13488993,56,4416.1,Germany,1,71,8,3,0
2942719,47,1730.0,Spain,2,50,7,0,0
6727646,45,1730.0,Spain,2,61,6,3,0
14818757,33,21584.1,Spain,2,32,8,3,0
5139196,34,36332.3,Canada,1,142,8,2,0
10657358,29,11637.3,Saudi Arabia,2,60,8,6,0
6646576,34,50279.7,Spain,1,86,7,2,0
7321274,58,1730.0,Spain,1,50,8,1,0
4453770,34,47671.8,Spain,2,59,6,1,0
5875413,18,1730.0,Canada,2,68,6,2,0
15881522,62,10436.2,Canada,1,41,8,2,0
7050959,40,9454.7,Canada,0,70,6,12,0
768865,45,26355.4,Saudi Arabia,1,42,8,2,0
100537,31,1730.0,Spain,1,30,7,4,0
16712917,35,72304.3,USA,1,61,6,2,0
1142086,18,1730.0,Germany,2,42,8,1,0
4534465,39,57913.1,Spain,1,93,6,2,0
9577891,34,1730.0,Australia,2,138,7,4,0
12674906,30,80669.4,Saudi Arabia,2,96,7,1,0
12782641,38,10866.2,Spain,1,33,8,3,0
11148385,44,93249.7,Saudi Arabia,1,261,8,6,0
3064033,44,69769.4,Saudi Arabia,1,361,8,5,0
15709742,31,41182.0,Australia,2,384,7,5,0
2556624,68,1730.0,Spain,2,48,7,1,0
8108845,38,1730.0,Australia,1,99,7,1,0
115712,50,42055.3,Canada,1,261,7,3,0
4131625,47,11020.6,Canada,1,86,7,1,0
5095111,58,42956.7,Canada,1,46,8,1,0
3903295,44,28795.6,India,1,69,7,8,0
9970304,26,7747.1,India,1,46,6,4,0
6416265,34,7706.4,Spain,1,48,6,2,0
15647454,68,53816.9,Australia,2,318,7,5,0
11182549,42,16363.0,Spain,1,11,8,4,0
5535833,25,6431.9,Australia,1,168,7,4,0
13572606,29,8331.8,Saudi Arabia,1,0,7,6,0
3652995,33,1730.0,Spain,1,35,7,2,0
5791823,35,98997.6,India,0,417,8,9,0
10472690,33,9958.3,Spain,2,37,6,0,0
240988,38,1730.0,Canada,1,77,7,0,0
6649146,34,62961.6,Canada,3,77,7,4,0
7835793,62,1730.0,Canada,1,77,6,2,0
8197858,39,1730.0,USA,2,60,8,2,0
12901158,27,45965.0,Saudi Arabia,1,134,8,2,0
15667680,40,48355.5,Spain,2,164,8,2,0
12859548,41,1730.0,Germany,1,80,7,3,0
2811071,39,97500.1,Spain,1,401,6,9,0
4946113,43,43623.6,Canada,1,339,6,12,0
13415622,31,78309.6,Saudi Arabia,1,137,8,4,0
2036944,33,3312.6,India,1,47,8,0,0
9918703,29,21705.2,Canada,3,26,6,4,0
13845160,59,26227.7,Australia,1,101,7,2,0
14033282,35,55334.2,Spain,1,367,8,4,0
3804416,62,1730.0,Spain,1,10,7,3,0
3140216,37,57191.8,Germany,1,49,7,6,0
14551108,62,1730.0,Canada,1,63,8,3,0
15626217,68,21065.0,Australia,1,177,8,2,0
14138110,25,80199.2,Canada,1,362,6,4,0
139659,52,1730.0,Canada,0,27,6,1,0
5506916,34,38660.6,Saudi Arabia,1,186,7,2,0
16594924,30,32678.8,Saudi Arabia,1,185,6,1,0
6473920,39,1730.0,Spain,1,49,8,0,0
5719150,27,15517.4,Spain,2,28,6,2,0
1939965,36,37645.6,Saudi Arabia,1,365,8,2,0
5046447,50,97645.8,USA,2,170,8,6,0
7138683,36,48023.2,Spain,2,4,6,2,0
15666705,24,48072.4,USA,0,327,6,2,0
5721915,49,74591.3,USA,1,33,7,2,0
5445446,35,2069.5,Australia,2,69,7,2,0
15815566,54,32081.3,Canada,1,154,6,3,0
5470279,50,52068.2,USA,2,158,6,3,0
875008,24,41005.3,Canada,1,227,8,1,0
7054651,36,46618.4,Canada,2,183,8,9,0
3569992,42,42871.5,Canada,2,431,8,6,0
6914090,32,1730.0,Canada,1,84,8,1,0
5429362,48,1730.0,Canada,1,20,8,1,0
12078863,47,45212.7,Spain,1,267,7,4,0
14991667,35,67978.8,Spain,2,193,7,3,0
4941203,43,73123.8,Mexico,0,243,8,2,0
3474784,44,37012.5,Spain,1,245,7,3,0
10359655,24,29521.2,Spain,1,61,6,9,0
6876534,46,18014.6,Germany,1,358,8,4,0
15809977,35,30396.8,Saudi Arabia,2,31,8,2,0
10067428,45,62418.5,Spain,0,363,7,11,0
13011208,46,63190.9,Canada,1,49,8,3,0
128466,57,99268.8,Germany,0,115,8,3,0
4811123,67,48787.8,Spain,1,317,8,5,0
2958263,47,1730.0,Canada,2,33,7,0,0
13014913,22,1730.0,India,1,92,6,4,0
8980148,32,34095.2,Spain,1,43,6,2,0
5117971,47,1730.0,Spain,1,4,8,1,0
2533363,51,72267.8,Canada,1,269,8,4,0
10545413,33,78956.6,Saudi Arabia,1,154,8,9,0
4841786,39,31668.3,Spain,2,25,7,1,0
5815906,47,36949.5,Canada,1,324,7,3,0
2999771,40,15953.6,Canada,1,0,8,1,0
2159265,18,36357.2,USA,2,162,8,2,0
5296091,37,68775.3,Saudi Arabia,0,159,7,4,0
10979131,30,76841.8,Spain,1,371,8,4,0
14019540,29,32916.2,Saudi Arabia,2,38,8,4,0
15175723,37,80887.2,Spain,0,306,7,1,0
15994095,37,1730.0,Spain,1,64,8,0,0
12547771,41,8894.8,Spain,1,24,8,4,0
3995145,36,1730.0,Canada,2,29,7,0,0
11923975,37,16709.0,Spain,2,134,6,5,0
8749310,49,10120.5,Australia,0,417,7,2,0
10653842,36,5807.7,Mexico,2,22,8,1,0
13560692,48,65927.2,USA,1,82,7,8,0
14421288,59,9606.6,Saudi Arabia,2,297,7,5,0
8820748,41,1730.0,USA,2,56,8,2,0
11168639,36,95859.7,Mexico,1,298,8,2,0
16507338,38,48717.0,USA,0,67,6,1,0
6231004,32,62142.6,Spain,1,67,7,4,0
12887792,24,1730.0,Spain,1,0,7,1,0
5658646,40,5035.8,Spain,1,44,6,5,0
3836810,48,11722.8,Australia,2,130,8,8,0
1064145,26,29228.3,Canada,1,54,7,4,0
2430382,37,49286.8,Spain,1,132,6,4,0
11296514,32,1730.0,Canada,1,19,7,2,0
5390419,48,30946.2,Canada,2,59,8,3,0
15547855,56,66999.7,Mexico,0,77,8,4,0
6642045,32,58654.3,USA,2,175,8,9,0
7650270,39,9271.2,Canada,1,50,9,6,0
3075742,24,10957.5,Spain,2,26,8,3,0
9521151,18,15879.9,India,1,38,8,7,0
7226571,41,22769.3,Canada,1,103,8,3,0
9276450,45,55717.8,Saudi Arabia,0,127,7,1,0
9434254,36,4393.2,Mexico,1,29,8,2,0
6310705,68,37837.2,Germany,1,66,8,1,0
12761740,32,43830.1,Spain,1,252,7,4,0
3582892,49,2748.1,Spain,1,52,8,3,0
2200302,64,74491.1,Spain,2,346,6,4,0
10708179,22,20529.5,USA,0,27,8,10,0
2632341,35,26957.5,Spain,2,34,8,3,0
6427078,25,74282.0,Saudi Arabia,2,79,8,0,0
6331302,35,66124.1,Spain,3,15,6,2,0
13211022,52,69484.5,Spain,1,349,6,2,0
10775984,47,31760.0,Saudi Arabia,2,222,8,10,0
9644391,37,4522.0,USA,2,41,7,2,0
3525211,36,7555.3,Spain,1,56,9,3,0
228622,65,41701.5,Saudi Arabia,1,48,8,1,0
9174850,38,1730.0,Canada,2,10,6,3,0
10461787,50,1730.0,Spain,1,29,6,3,0
14957545,45,1730.0,Spain,1,75,6,1,0
13914849,36,23214.6,Saudi Arabia,2,244,8,3,0
1782553,36,9231.4,India,2,77,7,2,0
5953371,37,2118.3,Germany,1,29,9,3,0
7983274,49,51241.8,Spain,1,49,6,3,0
13179515,40,61942.8,Canada,1,70,6,3,0
8693900,39,82133.8,India,2,343,8,2,0
5862167,50,50772.1,Spain,2,83,6,0,0
9274426,38,8298.3,Germany,2,246,8,5,0
13086246,51,16946.8,Spain,2,63,7,2,0
10187623,24,35071.3,Spain,1,149,8,2,0
1227612,55,65180.7,Canada,2,280,7,7,0
5553667,33,65197.9,Spain,1,397,6,4,0
1769067,41,38699.9,Spain,0,227,8,9,0
5703812,37,1730.0,Spain,2,106,8,1,0
15644321,40,13571.9,Spain,1,149,8,0,0
11330792,45,19556.2,Spain,2,394,6,7,0
13702656,36,55002.8,Germany,1,130,7,1,0
8096128,55,33539.2,Australia,2,382,7,6,0
15008433,34,11200.7,Germany,2,30,8,4,0
9501541,51,74058.4,India,1,373,8,6,0
1007634,42,41598.6,Germany,1,406,7,4,0
2342349,18,67719.3,Spain,0,322,6,13,0
16621943,28,1730.0,Spain,1,39,7,2,0
12957740,51,1730.0,Canada,1,56,7,8,0
12934779,49,99321.5,Canada,0,196,8,3,0
15319470,40,9860.5,Spain,1,47,7,0,0
14991142,28,38937.4,Spain,1,101,7,3,0
9804987,41,17350.8,Germany,2,128,8,3,0
15555446,46,89415.5,Canada,1,239,8,3,0
10293873,35,24096.8,Australia,1,347,7,2,0
13048006,23,8741.8,Saudi Arabia,2,65,8,1,0
10869258,43,68965.1,Germany,0,414,8,4,0
10768172,23,72128.5,Canada,2,63,8,4,0
8791600,42,2331.4,Spain,2,4,7,1,0
3541857,62,40843.2,Spain,1,75,8,1,0
5041135,52,38701.2,Canada,1,71,7,8,0
11751777,53,48326.4,USA,1,47,6,3,0
6082307,45,31826.5,Spain,1,179,6,5,0
6879910,49,52741.3,USA,2,365,6,9,0
11228522,42,1730.0,Spain,1,0,8,3,0
4308811,54,1730.0,Germany,2,75,6,2,0
5728161,29,46612.1,Germany,1,148,6,10,0
6166900,39,51869.2,Spain,1,184,7,8,0
10627232,37,1730.0,Canada,2,10,7,2,0
1988088,38,64628.9,Saudi Arabia,2,86,8,0,0
11357538,34,5282.6,Saudi Arabia,1,8,8,2,0
1493301,47,81538.6,Spain,1,142,6,2,0
903058,42,1730.0,Canada,2,58,8,2,0
12054932,33,1730.0,USA,1,20,6,1,0
11475773,53,42823.8,Canada,1,250,7,3,0
4316474,19,65900.4,Canada,0,117,8,2,0
5380826,45,28488.3,Canada,2,382,8,8,0
15970932,31,32599.3,Saudi Arabia,1,14,7,2,0
12568594,20,59514.1,Canada,1,87,8,8,0
13120467,46,1730.0,Australia,2,91,8,4,0
2670466,48,71995.4,Spain,2,271,6,1,0
2038764,36,22390.2,Canada,2,128,8,1,0
6184496,39,44929.1,Canada,2,42,8,1,0
1921291,35,1730.0,Canada,1,15,7,1,0
9631205,39,1730.0,Canada,2,40,8,2,0
7567146,39,42722.8,Canada,1,146,8,10,0
8533995,63,1730.0,USA,2,7,7,0,0
6521371,36,63046.1,Mexico,0,90,8,6,0
5454148,60,54380.2,India,1,56,8,4,0
7186960,54,52474.8,Saudi Arabia,0,213,7,2,0
12036638,28,1730.0,Canada,2,24,8,0,0
6328559,24,76758.2,USA,2,117,8,3,0
5014027,57,26093.6,Spain,0,81,6,3,0
12432449,28,7505.9,Spain,1,34,7,1,0
3551187,39,16711.3,Canada,2,29,8,3,0
9976733,61,43852.6,Canada,1,79,8,2,0
3113411,21,49732.3,Spain,1,67,8,1,0
16443754,36,1730.0,Spain,2,25,6,2,0
1791837,39,3353.4,India,1,187,7,2,0
3798061,56,104212.3,Mexico,1,191,8,3,0
16461741,34,46350.3,Saudi Arabia,2,70,9,2,0
14994155,36,1730.0,Canada,1,140,8,3,0
14875141,42,43507.3,Spain,2,16,6,2,0
12137574,19,1730.0,Saudi Arabia,2,16,6,2,0
6083763,32,52362.3,USA,1,36,8,2,0
13685773,45,1730.0,Spain,1,57,7,1,0
12978138,48,75183.6,Spain,0,402,7,5,0
8860713,54,79477.1,Australia,0,369,8,3,0
12739799,51,48793.1,Saudi Arabia,1,303,8,5,0
6015215,42,37029.6,Saudi Arabia,2,272,8,2,0
14186417,45,3179.7,Spain,1,13,7,3,0
5192728,22,13744.6,Spain,1,71,7,3,0
2522521,37,1730.0,USA,1,0,8,1,0
16104645,31,1730.0,Spain,1,46,8,2,0
11198655,47,1730.0,Spain,2,11,7,2,0
3247643,22,87963.4,Saudi Arabia,0,225,8,4,0
11025075,55,43658.5,Canada,2,161,7,3,0
12632317,35,50228.3,Canada,1,177,8,3,0
4937904,44,110598.0,USA,1,233,6,5,0
1690385,29,85932.1,Canada,2,135,7,1,0
12774762,33,12124.9,Spain,1,72,8,1,0
11792666,29,53763.2,Australia,1,103,8,2,0
6882538,35,21493.3,Spain,2,49,8,2,0
9754188,36,21618.0,India,1,71,8,12,0
1497525,44,25859.2,Canada,1,32,7,3,0
2972546,29,35107.0,Spain,1,52,8,7,0
6311319,33,78897.8,Germany,1,168,8,2,0
3871792,32,46231.0,Canada,2,184,8,2,0
7169686,58,2731.0,Canada,1,35,7,1,0
5107003,42,79202.6,Canada,2,55,8,3,0
14595586,28,1730.0,Australia,2,57,8,2,0
7533400,44,104695.6,Spain,2,269,6,6,0
2700933,58,47937.7,Germany,1,421,6,4,0
7289064,34,41286.7,Spain,1,223,7,0,0
15433117,32,76361.7,Canada,1,81,8,4,0
8225785,49,53237.4,Canada,3,42,7,2,0
14253821,47,84950.5,Germany,1,65,6,2,0
14279458,41,22883.5,Spain,1,59,7,2,0
13557659,32,59796.8,Canada,1,136,6,7,0
14386141,25,86510.8,Germany,0,58,8,2,0
9654776,61,24173.1,Spain,2,28,8,4,0
12535936,32,20267.5,Australia,2,6,8,4,0
3062747,35,3191.7,Spain,2,57,7,0,0
3739290,21,1730.0,Spain,1,14,8,1,0
5853049,34,38588.4,Canada,1,393,6,1,0
6400988,40,12597.6,Canada,1,267,8,4,0
12149763,18,49441.3,Mexico,2,16,7,0,0
16391925,31,64309.6,Australia,2,108,8,8,0
5712244,20,1730.0,Spain,1,49,7,1,0
10702154,33,22026.0,Saudi Arabia,0,63,8,1,0
5241800,43,1730.0,Spain,1,55,6,3,0
14891731,38,32430.8,Mexico,2,337,8,5,0
16260571,20,11246.1,Spain,1,82,8,6,0
13497666,46,49229.5,Saudi Arabia,1,198,8,6,0
9617173,32,53188.2,Canada,1,166,8,2,0
15283072,50,27006.7,Canada,2,40,7,0,0
12607335,55,70200.1,Spain,0,72,8,3,0
4427170,50,6636.8,Spain,1,0,7,1,0
6481333,30,22762.3,Spain,1,21,7,4,0
279734,25,13893.9,Saudi Arabia,1,49,6,5,0
13425551,49,33443.9,Spain,1,63,7,6,0
14629786,36,35661.6,Spain,0,143,8,3,0
15379181,36,45316.6,Saudi Arabia,0,42,6,11,0
8314956,36,2427.4,Saudi Arabia,1,165,7,3,0
6382300,30,5371.8,India,2,70,8,2,0
2499293,61,9755.8,Spain,2,83,8,4,0
124970,40,9583.8,Spain,1,33,7,2,0
1656186,38,1730.0,Spain,1,68,7,1,0
6715375,44,57952.3,Germany,2,266,6,2,0
15400070,64,65363.6,Germany,1,56,7,0,0
8703275,55,48930.8,Spain,1,26,8,2,0
7718767,64,30189.6,Canada,1,374,9,2,0
10761094,44,1730.0,Spain,2,60,7,0,0
7771949,45,8162.3,Canada,1,54,7,2,0
7303681,35,15785.8,Spain,1,17,8,4,0
15485058,32,73308.3,Spain,0,428,6,4,0
11555273,58,10834.6,Saudi Arabia,1,64,8,1,0
11447935,50,40167.3,Spain,2,153,8,2,0
16169425,26,90602.2,India,0,154,7,5,0
1878104,64,14119.0,USA,2,68,6,1,0
13722748,20,1730.0,Australia,1,176,7,2,0
8918429,29,72726.0,Australia,1,230,7,5,0
1172602,40,26034.2,Canada,1,91,7,7,0
3484763,21,6962.9,USA,1,52,8,3,0
14869474,46,1730.0,Spain,1,27,6,0,0
8819667,27,8657.6,Saudi Arabia,1,26,8,2,0
16693357,67,102068.6,USA,0,387,8,5,0
12222668,39,26174.1,Spain,1,417,8,4,0
2395877,53,29346.0,Canada,1,108,6,4,0
3102375,34,2232.4,Saudi Arabia,2,44,8,2,0
11989925,35,9035.9,Canada,1,39,8,3,0
13759056,29,77367.6,Spain,2,224,8,1,0
14893840,61,17874.6,Spain,3,205,7,7,0
3599183,36,45098.6,Germany,1,63,8,6,0
15486112,47,24664.3,USA,1,32,6,1,0
3599998,37,100746.6,Saudi Arabia,2,399,6,4,0
14899113,24,3074.4,India,2,63,8,3,0
2646644,46,1730.0,Saudi Arabia,1,8,8,0,0
8494271,53,1730.0,Saudi Arabia,2,0,7,1,0
10612467,33,43262.5,Saudi Arabia,0,148,6,1,0
11635710,21,38559.1,Spain,2,149,6,2,0
6658057,50,2088.4,Spain,1,40,8,4,0
11991695,39,36676.8,Saudi Arabia,1,43,7,5,0
11034182,29,65100.7,Canada,1,25,8,3,0
3094378,44,44563.6,India,0,71,6,1,0
14017864,30,1730.0,Canada,2,60,8,4,0
10651746,38,24425.3,Germany,1,49,7,2,0
7040347,42,91517.2,Spain,0,74,8,3,0
10018611,39,25690.3,Spain,1,80,7,2,0
14643344,32,65008.2,Spain,1,134,9,4,0
7231607,46,4875.6,Spain,2,49,8,13,0
11700784,31,43340.8,USA,1,112,6,1,0
6968703,50,19868.9,Australia,1,21,7,7,0
3534964,44,1730.0,Canada,1,15,7,1,0
5126880,48,58622.3,Mexico,2,35,7,1,0
6174060,39,1730.0,Australia,1,43,7,2,0
3616335,32,29702.9,Germany,1,12,6,2,0
15911870,49,43477.4,Australia,1,52,8,1,0
13394265,30,1730.0,Canada,2,7,8,2,0
6571774,46,3444.5,Canada,1,51,7,2,0
11519027,48,56220.2,Canada,1,207,7,1,0
3996757,47,4150.7,Saudi Arabia,1,220,7,5,0
3478807,56,63583.3,Spain,0,398,8,2,0
4215166,43,27340.7,Spain,1,285,7,2,0
15974849,46,6575.4,Spain,2,39,6,3,0
9457971,27,7357.9,India,0,71,7,3,0
1916602,48,18377.0,Spain,2,94,8,4,0
14153291,20,89919.8,Canada,1,165,8,5,0
8039954,46,27684.2,Spain,1,8,8,4,0
2872705,56,1730.0,Germany,1,159,8,5,0
8188909,55,54767.5,India,1,403,8,6,0
2465914,65,35209.0,Spain,0,160,7,4,0
6355684,38,1730.0,Spain,1,58,8,1,0
9570087,23,1730.0,Spain,1,0,6,2,0
10767633,20,37185.7,Mexico,2,60,6,6,0
4065858,49,2889.3,Canada,3,196,8,11,0
4287804,44,24562.2,Canada,1,347,6,9,0
1474714,43,20133.3,India,1,36,8,1,0
4811119,44,55143.0,USA,3,168,7,6,0
10431060,33,40852.8,Germany,1,122,8,3,0
5736612,71,9765.2,USA,1,417,7,2,0
10200070,39,1730.0,USA,1,7,8,2,0
8533329,42,53504.6,Canada,1,163,8,8,0
2503464,31,72260.4,Germany,1,394,6,6,0
5793552,35,60147.2,Spain,0,398,8,11,0
2663188,43,60628.4,Saudi Arabia,0,338,6,5,0
16580753,28,34707.6,Germany,1,19,7,2,0
16725257,40,2639.1,Spain,2,303,6,3,0
4474512,45,10161.8,Canada,0,96,8,4,0
14475585,36,33150.1,Australia,2,38,8,1,0
11931489,25,12659.1,Germany,2,49,8,3,0
6284543,19,18102.4,Spain,2,69,8,2,0
6075619,31,1730.0,India,2,23,7,2,0
514964,36,46695.8,Germany,2,27,7,4,0
13259815,48,1730.0,Saudi Arabia,2,303,7,0,0
15070620,49,7270.6,Spain,1,68,6,3,0
14124780,32,1730.0,Germany,2,220,8,2,0
11938088,53,52939.3,Canada,1,176,8,2,0
5314813,52,11626.7,Saudi Arabia,1,4,8,2,0
16559112,43,1730.0,Spain,1,37,8,0,0
8605624,43,61756.6,Australia,2,429,6,4,0
8146050,27,1730.0,Canada,1,0,8,2,0
9372620,46,1730.0,Spain,1,36,8,4,0
15726577,29,41909.6,Spain,0,346,8,3,0
13772127,44,84856.0,Saudi Arabia,1,205,7,4,0
10481178,36,1730.0,Saudi Arabia,2,123,8,1,0
15457155,42,7125.2,Canada,2,134,7,5,0
178209,32,16225.4,India,2,48,8,9,0
12566699,54,22117.7,Canada,1,77,6,3,0
9494064,49,70759.1,Canada,1,406,7,3,0
12300047,37,28176.0,Canada,2,371,7,3,0
803343,51,66800.3,Germany,2,392,6,5,0
1015613,37,47226.5,Spain,2,69,8,3,0
13868853,43,28285.9,Canada,1,28,7,6,0
7342951,30,50457.0,Australia,2,116,7,13,0
6968031,48,25120.4,Canada,1,64,8,11,0
7078931,41,2787.7,Germany,2,33,6,2,0
8516875,55,56363.2,Spain,0,373,7,3,0
1837581,30,84924.2,Canada,0,90,8,2,0
5529513,45,6474.3,Saudi Arabia,2,50,6,1,0
14736024,32,53247.8,Spain,2,71,7,1,0
15212308,45,67543.2,Australia,2,233,8,8,0
391883,55,21164.8,Spain,2,51,8,2,0
2706542,19,41376.1,Saudi Arabia,2,105,7,2,0
11117864,28,1730.0,Saudi Arabia,1,0,8,1,0
10490290,36,23744.4,India,1,80,7,2,0
1429705,42,46406.4,India,1,150,6,2,0
4215146,44,4018.3,Spain,2,19,8,2,0
3635430,53,68770.2,Canada,1,108,7,6,0
2195998,41,10839.9,Australia,2,250,6,2,0
10264300,18,1730.0,Spain,1,3,7,0,0
10725005,62,46185.9,Spain,1,50,7,2,0
231333,33,59168.5,Saudi Arabia,1,59,8,1,0
1520945,32,1730.0,Spain,1,50,8,2,0
2698090,40,95420.7,Canada,0,30,7,4,0
5476977,24,15921.3,Saudi Arabia,3,49,8,0,0
1636509,28,1730.0,Spain,2,22,6,0,0
2516556,42,6345.2,India,1,67,8,1,0
12034217,33,88411.4,Spain,2,64,7,10,0
15135058,51,16203.7,Canada,1,319,8,3,0
8015503,31,49615.2,Spain,0,221,6,3,0
8328394,35,46278.7,Spain,2,321,7,3,0
1720793,36,82174.7,Australia,1,121,7,4,0
391547,31,37283.2,Spain,2,113,8,2,0
16336253,49,49160.3,Canada,2,77,6,2,0
16121098,26,61285.3,Spain,2,86,7,8,0
9882443,36,23854.6,Canada,1,48,8,0,0
4616177,61,51892.6,Spain,1,56,8,3,0
7122358,40,63609.5,Australia,0,109,8,4,0
15197244,27,13101.9,Canada,1,50,8,5,0
1015177,40,57693.4,Spain,1,240,6,2,0
15207108,37,37627.1,Saudi Arabia,1,11,8,2,0
652029,56,109334.8,Canada,0,357,6,4,0
11809353,34,22470.9,Saudi Arabia,1,74,7,3,0
2978062,32,38867.1,Spain,2,154,8,2,0
4558078,44,51623.1,Spain,1,234,7,3,0
830,45,1730.0,Spain,1,29,8,2,0
10807402,34,15631.3,Spain,1,137,7,4,0
1263376,37,3506.6,Spain,1,23,8,3,0
14743003,33,3315.5,Spain,2,135,8,1,0
4709300,66,53108.1,Australia,0,279,8,2,0
3761543,32,21876.4,Spain,1,94,7,4,0
11786409,33,1730.0,Saudi Arabia,1,3,6,1,0
6589407,37,13863.6,Spain,1,10,8,1,0
10411410,61,51364.5,India,0,263,7,9,0
13588985,25,45799.2,Spain,2,4,8,1,0
16046979,28,1730.0,Spain,2,56,6,1,0
8796285,52,8113.2,USA,2,47,7,0,0
2874952,18,6878.8,Spain,1,45,8,2,0
13063616,34,32285.8,Canada,1,15,8,2,0
15607001,31,37334.5,Australia,1,93,8,1,0
389998,18,56339.4,Saudi Arabia,1,230,6,2,0
9681099,50,1730.0,Canada,2,7,8,2,0
13575867,38,69129.4,USA,2,65,8,2,0
10702280,24,21272.1,Spain,1,27,7,2,0
16233361,63,3689.9,Spain,2,91,8,2,0
10633967,27,39480.5,Saudi Arabia,0,82,6,3,0
11182250,45,26781.8,Canada,1,126,7,5,0
14437714,31,1730.0,Spain,2,26,8,0,0
6149431,59,16646.3,Spain,2,131,7,4,0
14461032,29,3921.4,Spain,1,81,7,1,0
13756093,18,56305.6,Australia,1,198,8,2,0
15357097,45,63763.0,Germany,2,77,8,5,0
2830613,42,19330.6,USA,1,9,7,6,0
14931905,65,87330.7,Spain,2,322,8,4,0
11928318,32,12307.8,Spain,1,95,6,3,0
11466313,52,101606.5,India,0,349,8,12,0
11637906,40,55447.2,Spain,0,211,7,8,0
2965508,49,49089.4,Germany,1,52,8,2,0
14325571,36,33781.7,India,1,269,9,8,0
6643570,29,8601.6,Canada,2,79,7,3,0
14267240,46,40717.5,Canada,2,132,6,8,0
15558211,39,71906.8,Spain,2,212,7,1,0
6541098,57,96875.9,Canada,1,133,8,2,0
15986852,34,25224.6,Germany,2,268,8,2,0
1596350,26,12011.1,Canada,1,193,7,3,0
4316961,58,69400.4,Spain,1,109,7,3,0
14790937,54,62203.4,Germany,1,6,8,3,0
2160921,35,13619.8,Spain,2,52,7,2,0
1583713,28,2488.9,Spain,2,309,8,1,0
2192364,34,27988.0,Saudi Arabia,1,121,6,2,0
5561739,45,10338.5,Spain,2,15,8,2,0
6779449,29,32433.0,Saudi Arabia,1,57,8,2,0
2028016,44,1730.0,Australia,1,73,8,0,0
14070015,53,1730.0,Spain,2,23,6,2,0
16154400,31,11776.1,Spain,1,36,8,2,0
9185073,26,103448.3,Saudi Arabia,2,391,8,10,0
10248188,49,18332.8,USA,0,22,7,2,0
3348774,39,24754.0,Canada,1,26,7,4,0
14700226,50,9369.0,Saudi Arabia,1,32,8,2,0
1703066,28,1730.0,Spain,2,23,7,0,0
14858117,52,76459.4,Germany,1,342,8,6,0
7115677,37,21596.2,Canada,1,54,8,4,0
7976296,35,14470.8,Canada,0,43,8,2,0
9533356,45,75617.0,USA,0,200,7,3,0
12388503,21,14114.2,Germany,1,140,7,2,0
11538722,53,13068.2,Australia,1,12,8,3,0
7201360,44,9142.9,Spain,2,46,8,2,0
10234148,51,1730.0,Australia,1,100,7,5,0
8160233,37,42344.3,Canada,1,17,7,2,0
10317110,52,18846.0,Spain,2,287,6,7,0
552648,35,1730.0,Canada,1,29,8,1,0
2741393,49,35293.2,Spain,1,158,6,1,0
522796,38,1730.0,Canada,1,66,6,4,0
10633447,47,78669.8,Germany,1,142,7,12,0
11690893,46,42045.7,Spain,1,46,8,3,0
10173564,24,6156.8,Saudi Arabia,2,35,6,2,0
9057171,38,47899.2,Canada,2,78,8,1,0
5254867,54,37910.7,Canada,1,407,6,3,0
9114464,35,1730.0,USA,2,88,7,2,0
5324071,59,52053.3,Saudi Arabia,2,41,6,12,0
3781219,39,11132.0,Spain,1,355,7,3,0
343030,45,1730.0,Spain,1,0,8,1,0
10018143,44,1730.0,Spain,2,8,8,1,0
10584865,24,1730.0,Saudi Arabia,1,1,8,1,0
13816349,50,1730.0,Spain,2,94,6,3,0
2344874,71,46915.3,Canada,1,18,8,3,0
12363155,60,80809.2,Canada,1,377,7,8,0
8390000,24,22600.4,Australia,1,39,8,4,0
1314343,45,1730.0,USA,2,38,8,2,0
12965285,41,9438.0,Germany,2,60,8,2,0
496732,32,78863.5,Australia,0,390,8,2,0
14783486,39,34419.1,USA,1,79,7,6,0
3007697,32,40373.6,India,2,256,7,6,0
10621675,26,36094.0,Saudi Arabia,1,68,8,2,0
13393317,18,27944.0,Saudi Arabia,0,360,8,2,0
13589683,38,80114.0,Spain,1,426,7,4,0
257087,46,58322.0,Canada,0,313,7,6,0
10416045,18,66945.3,Spain,0,54,6,4,0
2823159,47,74187.7,Spain,0,419,6,2,0
3760659,40,9620.3,Canada,1,61,6,7,0
8002478,31,65807.6,Saudi Arabia,1,223,8,1,0
12525598,32,1730.0,USA,2,9,7,3,0
12695787,47,27283.1,Canada,2,56,8,2,0
5723305,43,102042.5,Canada,0,295,8,4,0
8611700,39,81847.0,Canada,1,260,8,4,0
9902173,45,27384.3,Australia,1,40,7,7,0
8731181,35,102933.6,Spain,1,169,7,2,0
1126569,31,1730.0,Spain,1,11,7,3,0
13625101,40,26725.1,Canada,1,60,8,4,0
6352962,53,102649.7,Germany,0,394,7,6,0
3493370,39,38331.1,Spain,1,303,7,0,0
11369901,57,20152.7,Spain,1,31,6,5,0
8933222,30,25313.5,Australia,1,309,6,4,0
10371292,43,1730.0,Canada,1,15,7,1,0
15601389,44,23233.8,India,0,194,7,8,0
4595830,29,1730.0,Spain,2,16,7,2,0
10200287,48,92675.8,Germany,0,226,7,4,0
2293825,26,1730.0,Spain,2,0,7,5,0
5792783,47,59652.8,Saudi Arabia,1,96,8,9,0
1535782,18,11580.8,India,2,88,7,2,0
7700962,22,65657.7,Saudi Arabia,1,339,8,7,0
14134134,25,32501.0,Saudi Arabia,2,300,7,3,0
12639194,43,70001.9,Canada,1,185,8,2,0
8804486,63,21981.5,Spain,2,75,7,4,0
11183628,33,67104.1,Saudi Arabia,1,133,6,10,0
2155939,56,24543.2,Mexico,2,46,7,1,0
5167608,31,19288.5,Australia,0,6,6,1,0
15951098,21,2551.1,Spain,1,44,7,2,0
12485661,30,61626.7,Spain,1,49,7,1,0
10940630,38,27230.0,Spain,2,48,8,0,0
14264830,36,4624.2,Saudi Arabia,2,47,6,2,0
2340742,41,1730.0,Spain,1,9,7,1,0
7610668,45,35891.5,Saudi Arabia,1,252,8,8,0
3540052,42,6775.7,Canada,1,21,8,0,0
2729460,26,35133.4,Canada,1,79,8,3,0
5366288,28,21105.1,Saudi Arabia,1,66,8,2,0
9837168,66,17568.8,Spain,1,85,6,1,0
1755849,45,20461.5,Canada,1,27,8,12,0
1078551,59,55080.6,Canada,1,199,7,2,0
10236525,49,25144.6,Spain,1,57,7,1,0
8716614,47,1730.0,Spain,1,93,6,1,0
9082212,48,34069.9,Spain,2,28,8,2,0
3428469,33,51679.0,Spain,2,44,7,1,0
9252898,30,22442.5,Saudi Arabia,2,32,6,2,0
14683718,59,23753.5,Canada,1,214,6,3,0
5513778,56,31839.3,Spain,0,32,7,11,0
11181580,35,48371.6,Canada,1,62,7,8,0
4470622,42,1730.0,Australia,1,31,6,1,0
16009659,40,1730.0,Saudi Arabia,1,49,7,3,0
8268088,57,33953.4,Germany,1,229,7,2,0
7107680,57,22508.0,Saudi Arabia,2,58,8,3,0
16263098,47,55568.0,Canada,1,96,8,3,0
12205912,26,6256.7,Spain,2,142,8,1,0
15645614,38,16337.7,Germany,1,38,7,1,0
3498411,60,19372.2,Spain,1,48,7,2,0
3352579,30,1730.0,Canada,1,0,8,1,0
2910821,36,85960.6,Spain,1,176,6,7,0
15045065,54,69278.6,India,0,186,8,1,0
10935092,29,15473.0,Germany,1,89,7,2,0
14996774,48,41290.9,Spain,1,260,8,11,0
14292237,30,18582.6,Spain,2,115,8,1,0
13091237,37,3470.9,Canada,1,3,8,2,0
13399127,55,50666.5,Canada,1,153,8,2,0
7507074,54,50357.9,Australia,0,138,7,2,0
10636833,26,57820.8,Saudi Arabia,1,157,7,3,0
13434091,30,104452.4,Australia,0,192,7,5,0
14505538,44,18808.4,USA,1,17,6,1,0
8274949,59,10674.4,India,1,43,8,1,0
4788273,25,20441.3,Spain,2,33,6,3,0
16001261,42,26062.6,USA,0,268,6,2,0
7752435,47,1730.0,Spain,1,254,7,1,0
1286647,32,40191.2,Saudi Arabia,1,353,7,6,0
15539667,46,20945.3,Spain,1,50,7,4,0
8648507,38,69608.5,Saudi Arabia,1,20,8,1,0
1614576,44,41456.1,Spain,1,92,7,2,0
6492786,46,66621.3,Canada,0,369,6,6,0
6432895,72,76503.9,USA,2,76,8,2,0
6808484,47,97104.8,Australia,0,327,8,3,0
3252810,20,77123.2,Spain,0,350,7,4,0
9938962,29,14599.6,Spain,1,275,7,9,0
803767,33,46974.4,Saudi Arabia,2,110,6,6,0
10205244,30,54242.8,India,2,202,6,2,0
6628763,45,83174.3,India,0,436,8,3,0
2668089,33,1730.0,Spain,2,33,7,1,0
5641877,41,60751.1,Spain,0,435,7,4,0
13249147,30,73929.7,USA,0,100,8,6,0
15941906,30,24890.0,Spain,1,89,8,4,0
12667731,39,1730.0,Spain,2,23,8,2,0
1616532,50,104276.2,Spain,0,294,6,6,0
11557374,18,1730.0,Spain,2,45,8,0,0
4273687,47,1730.0,Spain,1,19,7,3,0
2028312,73,1730.0,USA,1,68,6,10,0
4347064,39,17312.4,Germany,2,111,8,2,0
8269400,36,11181.2,Saudi Arabia,2,70,6,0,0
16369951,65,3467.9,Canada,2,33,8,4,0
13949355,58,29799.9,Germany,2,325,8,11,0
6877728,30,1730.0,Canada,2,100,6,3,0
3901733,33,34984.2,Saudi Arabia,2,166,8,1,0
892356,31,74813.1,Canada,1,13,7,12,0
9670015,24,9786.6,Australia,2,72,8,2,0
795862,38,54090.6,Spain,1,93,7,0,0
16441604,66,15649.5,Spain,1,437,8,4,0
13482352,40,48343.3,Spain,1,285,7,1,0
16645900,18,53038.0,Canada,1,96,6,2,0
3170819,38,23440.5,USA,2,35,7,2,0
15987704,40,62898.8,Canada,1,306,7,3,0
1855468,34,58096.0,USA,0,225,7,6,0
11085641,32,18866.5,Spain,1,82,8,2,0
12237175,49,3445.4,India,0,401,8,12,0
1554280,56,29779.9,Canada,0,413,7,4,0
14825153,43,30876.7,USA,2,47,8,4,0
2915572,30,9548.4,Canada,1,187,6,4,0
7888457,46,1730.0,Australia,2,111,7,2,0
3558931,51,49446.1,India,2,38,7,5,0
7171457,45,37143.1,Saudi Arabia,2,77,6,6,0
8555551,25,1730.0,Spain,2,182,7,3,0
10449892,38,15838.3,Spain,1,1,7,2,0
6606550,56,71652.8,Spain,2,421,8,2,0
15190018,38,1730.0,USA,1,10,7,3,0
7355606,51,66079.5,Spain,1,260,8,3,0
15782946,21,28067.4,Spain,0,430,8,3,0
8621569,44,4118.0,USA,1,10,7,1,0
10875011,32,26131.8,Spain,1,53,6,1,0
15810089,21,43486.4,India,0,203,8,5,0
1130467,18,41530.4,India,1,324,6,3,0
6576021,67,64295.2,Spain,1,129,7,2,0
12883395,44,61190.3,Australia,2,199,7,7,0
11498542,60,2639.2,Spain,1,82,7,6,0
12904504,42,23112.0,Canada,1,114,7,2,0
1704589,34,1730.0,Canada,1,28,7,2,0
11890595,43,36097.8,Canada,2,288,6,4,0
3638921,37,61459.5,Saudi Arabia,0,94,6,5,0
13873786,27,24808.0,Germany,1,224,6,3,0
1089310,39,54537.5,Spain,0,74,6,1,0
3463317,39,18226.7,India,1,43,7,3,0
13348570,33,16748.0,Spain,1,47,6,2,0
6476359,44,29314.9,Australia,1,396,8,2,0
5840473,49,38862.2,USA,1,343,8,4,0
3497425,34,1730.0,Spain,2,42,8,2,0
13226745,46,22752.1,Australia,2,198,7,2,0
13695473,59,43636.3,India,1,39,8,1,0
15196576,39,1730.0,Spain,2,75,6,1,0
10496974,46,14051.6,Spain,1,51,6,3,0
14608037,34,32648.0,Spain,0,235,8,1,0
9394792,25,21862.3,Spain,1,2,6,0,0
13488024,32,24681.5,USA,2,0,6,2,0
6827101,33,62412.5,Germany,1,176,8,9,0
8988436,39,31812.9,Spain,1,120,9,3,0
12781678,41,23157.2,Spain,1,18,8,4,0
10772119,61,37841.6,Spain,0,96,6,7,0
7085329,29,69036.9,Spain,2,68,8,3,0
3078005,56,72117.9,Canada,1,160,7,9,0
10432162,49,10477.0,Germany,0,31,8,6,0
8044665,31,1730.0,Spain,1,64,7,2,0
10246305,31,50048.6,Spain,1,24,8,2,0
2187734,34,41649.9,Spain,1,96,6,3,0
13881935,35,45075.8,Spain,0,183,8,1,0
15075471,40,77296.1,Germany,1,384,8,6,0
11604243,55,28649.4,Spain,1,56,7,1,0
10925978,32,1730.0,Spain,2,69,8,2,0
5937789,40,89895.0,Germany,0,365,6,6,0
13325012,27,19513.4,Canada,1,26,6,2,0
11312376,36,38143.6,India,1,184,8,3,0
4974402,32,8754.7,Canada,2,12,8,1,0
11198730,44,24852.1,Australia,2,98,6,4,0
13682432,18,55684.1,Saudi Arabia,2,178,7,1,0
5341261,50,69852.0,Saudi Arabia,1,427,8,2,0
704219,42,14948.8,Saudi Arabia,1,181,6,1,0
9134749,39,25594.9,Spain,2,37,7,2,0
12336738,32,15766.1,Spain,2,150,7,5,0
9915151,32,73605.6,Saudi Arabia,2,119,7,1,0
6136399,37,13577.0,Canada,2,33,6,11,0
7172236,30,19185.0,Spain,1,53,8,2,0
14459652,52,46440.8,Spain,2,321,7,4,0
14592160,52,10376.9,Spain,2,148,8,2,0
6696434,54,36032.7,Canada,1,237,7,3,0
13925761,28,34629.9,Saudi Arabia,1,46,6,1,0
11638101,30,28395.4,Spain,1,54,7,2,0
2614389,47,51779.4,Spain,2,233,8,5,0
13178345,32,1730.0,Saudi Arabia,2,42,7,1,0
11144398,32,4719.3,Canada,1,256,6,4,0
9394992,43,49874.6,Canada,2,399,8,4,0
11710272,21,102658.2,Canada,2,134,6,6,0
10707786,30,35461.6,Spain,0,268,8,1,0
9332491,43,64677.2,Saudi Arabia,2,124,8,3,0
2400699,42,53869.8,Canada,1,218,8,3,0
9945015,33,1730.0,India,1,43,7,10,0
5908002,34,23439.1,India,2,13,7,3,0
3010485,58,1730.0,Australia,0,160,8,5,0
11125214,35,20724.9,Spain,1,186,7,2,0
3729427,39,73609.2,Spain,2,57,6,1,0
214785,48,1730.0,USA,1,31,6,2,0
11125216,50,16682.1,Spain,1,139,7,5,0
16563187,53,50535.6,Canada,1,153,6,7,0
943030,48,32902.3,Canada,1,199,8,1,0
15641575,66,33042.7,Australia,0,250,7,8,0
161441,42,32415.8,Saudi Arabia,2,317,6,2,0
11892923,33,14410.3,Canada,1,20,8,2,0
14596916,32,12147.1,Saudi Arabia,1,54,8,4,0
2913512,30,62576.0,Spain,0,83,7,3,0
13691638,49,3453.7,Canada,1,61,7,2,0
6294596,37,26593.6,Australia,1,352,6,3,0
14718832,25,27993.8,Canada,2,146,8,2,0
2010838,32,9194.0,Spain,1,76,7,1,0
13001068,57,18245.5,Canada,2,54,8,5,0
7003345,28,87236.7,USA,1,37,6,3,0
7846086,59,42846.3,Germany,0,430,7,4,0
3839985,18,8851.6,Spain,1,81,8,1,0
9709580,52,21569.1,Saudi Arabia,2,101,6,2,0
8593697,18,13267.1,Canada,2,108,7,0,0
790763,36,11808.9,Spain,1,35,6,2,0
6022276,49,1730.0,USA,1,52,8,0,0
12148532,53,61582.3,Saudi Arabia,0,88,8,3,0
6134387,60,1730.0,Spain,1,24,6,12,0
14817646,32,1730.0,Canada,2,0,6,2,0
8455178,28,10778.7,Spain,1,71,7,2,0
11922079,41,1730.0,Spain,1,61,8,0,0
11275911,36,49217.3,Germany,2,148,7,1,0
3678024,53,15259.5,Germany,2,76,6,2,0
301634,28,1730.0,Saudi Arabia,1,52,7,2,0
12711962,52,1730.0,Canada,1,386,8,3,0
9419705,53,30675.4,India,1,90,7,1,0
10837435,50,78367.6,Spain,1,123,7,2,0
16586558,36,64123.1,India,1,194,8,4,0
6535800,23,98134.2,USA,0,343,7,4,0
14956937,29,61677.4,USA,2,357,8,4,0
7316068,34,66847.3,Canada,2,271,6,8,0
12320507,30,66567.9,Spain,0,297,7,11,0
6108236,50,26385.2,Canada,1,129,6,4,0
9918520,67,20509.4,Canada,1,87,8,1,0
16138646,37,10880.8,Spain,2,4,7,2,0
238083,45,50738.2,India,0,410,7,8,0
1303683,25,44686.7,Spain,1,118,6,7,0
3373634,33,41980.2,Germany,2,99,7,4,0
143325,47,29924.9,India,2,342,7,2,0
14531737,22,39375.3,Spain,1,42,8,2,0
11459557,28,1730.0,India,1,4,7,12,0
3081008,29,79086.3,Germany,2,46,6,1,0
14691956,68,11077.8,Saudi Arabia,1,114,6,11,0
279596,29,1730.0,Spain,2,40,7,2,0
3755342,26,76670.1,Germany,1,330,7,2,0
14766970,24,91703.9,Germany,2,177,7,4,0
5630943,32,26914.2,Spain,1,381,8,3,0
3273082,33,36049.5,Spain,2,29,6,9,0
4135296,40,1730.0,Spain,1,37,8,2,0
9020480,28,53601.1,Australia,2,94,6,6,0
1330950,32,50395.9,Canada,2,351,8,2,0
14120380,30,1730.0,Spain,1,27,8,0,0
12576546,39,74341.6,Saudi Arabia,2,327,6,1,0
11514481,42,70362.0,Germany,1,354,6,3,0
16072352,52,22631.3,USA,0,401,7,3,0
6161395,27,33891.8,Canada,1,67,8,1,0
15628706,28,68000.9,India,1,111,7,8,0
10620049,43,5308.0,Spain,1,52,6,1,0
7164616,26,1730.0,Spain,2,34,7,5,0
1323633,32,8744.4,Spain,1,67,8,2,0
5648534,36,14153.7,Saudi Arabia,3,168,8,2,0
14675278,19,48351.5,India,2,31,8,2,0
16689768,21,1730.0,Canada,2,0,7,1,0
13907884,29,19524.3,USA,2,66,7,4,0
5765582,45,109743.9,Canada,1,407,7,6,0
21005,36,1730.0,Canada,1,20,7,1,0
694577,75,54033.7,India,0,267,7,5,0
15628027,43,23489.7,Spain,1,58,8,3,0
7186015,48,1730.0,Canada,1,20,8,1,0
3374640,45,19609.5,USA,1,35,8,1,0
13077534,56,33179.2,Canada,1,80,8,7,0
15457317,31,39753.1,Saudi Arabia,2,59,8,0,0
15299625,48,26727.9,Canada,2,254,8,3,0
1967587,45,64713.0,Germany,2,81,9,3,0
14199682,57,107111.8,Canada,2,359,10,2,0
13986240,49,23997.1,USA,0,71,7,1,0
14413350,41,28840.8,Canada,2,45,8,3,0
10650536,39,83406.8,Saudi Arabia,2,39,6,8,0
3438693,60,92139.9,Australia,2,414,8,5,0
3475931,35,98445.4,Spain,1,334,8,2,0
15958552,36,1730.0,Spain,1,36,7,0,0
2370870,32,37208.7,Spain,2,407,7,4,0
15415940,54,23904.0,India,1,408,8,3,0
16354426,42,48605.9,Australia,0,388,8,6,0
14004686,55,1730.0,India,1,15,8,1,0
6566117,39,1730.0,Spain,0,32,8,10,0
12297122,43,42097.9,Spain,1,70,8,6,0
16726205,56,32478.8,Canada,2,131,6,7,0
14401044,57,43203.3,Australia,1,38,8,8,0
8967207,39,24313.4,India,2,9,7,2,0
4724091,44,38621.9,Australia,2,294,6,4,0
8880498,37,1730.0,Australia,1,74,7,1,0
15684206,31,1730.0,Spain,1,0,7,1,0
12941181,57,45871.2,Australia,2,143,7,7,0
1675947,57,8633.1,Australia,1,127,7,3,0
2543541,40,35068.2,Spain,1,102,7,7,0
16499180,39,28815.3,Spain,1,42,7,5,0
882984,45,100211.2,Canada,1,362,7,9,0
241596,44,20981.6,Spain,2,49,7,4,0
7484529,46,32288.6,Saudi Arabia,1,61,8,4,0
9365852,38,1730.0,Spain,2,69,7,2,0
686844,62,22737.6,Saudi Arabia,2,114,7,11,0
8357956,36,65794.4,Spain,1,6,8,2,0
3525413,28,55078.3,Spain,1,195,8,14,0
1701296,32,1730.0,Spain,1,32,7,2,0
3375268,41,18361.9,Spain,1,127,6,4,0
16095298,54,30009.8,Saudi Arabia,2,102,8,3,0
3753262,29,1730.0,Canada,2,51,8,1,0
14528692,32,43846.3,Spain,2,175,8,7,0
8590708,23,27321.1,Canada,2,102,7,3,0
12287335,36,8320.6,Saudi Arabia,2,7,7,2,0
4610362,25,39736.8,Spain,1,365,8,2,0
3264419,44,62744.2,Saudi Arabia,2,217,8,3,0
13421517,33,8408.1,Spain,1,54,8,1,0
7478726,62,49963.4,Canada,1,168,7,5,0
1347594,56,48959.8,USA,1,319,7,5,0
748695,37,44357.7,USA,2,330,8,3,0
10716502,24,8483.8,Spain,1,28,7,5,0
6012048,29,19923.3,Spain,1,36,6,4,0
15136176,32,43977.2,Spain,2,22,8,1,0
5984328,45,31049.7,Saudi Arabia,0,118,8,4,0
8791797,23,66572.7,Germany,0,156,8,3,0
15593212,35,34605.1,Canada,1,77,7,6,0
2181716,25,12278.9,USA,2,97,8,4,0
28656,24,80994.0,India,2,119,7,4,0
9532109,34,9438.7,Saudi Arabia,1,56,7,6,0
14862353,30,1730.0,Spain,2,37,7,2,0
5603111,32,55181.3,Saudi Arabia,2,345,8,3,0
4914430,41,25077.3,Saudi Arabia,0,394,8,9,0
15040398,49,65255.2,Spain,1,339,8,3,0
7335084,38,7800.5,Spain,1,396,8,2,0
10644705,25,69747.2,Spain,0,326,7,4,0
9526424,36,74616.9,Spain,1,424,7,4,0
3338293,23,15104.8,USA,0,31,9,9,0
6609487,23,107122.4,Canada,0,284,7,4,0
9883712,39,22703.1,Spain,2,235,7,10,0
7223266,59,52158.8,Canada,1,88,6,2,0
8846388,56,36428.1,Saudi Arabia,2,49,6,2,0
580747,29,93491.2,Spain,1,271,6,10,0
3689770,42,3654.2,Canada,2,14,8,1,0
6622802,49,1730.0,Spain,1,1,8,1,0
8403111,38,43077.1,Spain,1,148,6,2,0
4661522,24,7208.3,Canada,1,31,8,1,0
5210607,72,58205.1,India,1,169,7,5,0
13543560,28,48812.3,USA,2,2,7,0,0
5881893,62,1730.0,Spain,1,340,7,4,0
5803669,32,58537.6,Saudi Arabia,1,64,7,2,0
3341201,28,66951.4,Germany,0,197,8,1,0
11627979,50,77130.8,Spain,1,255,7,7,0
8748938,32,2462.6,Spain,1,94,8,2,0
14358088,28,1730.0,Spain,2,67,7,0,0
14666079,71,54774.3,Australia,0,310,6,2,0
7788416,21,28203.8,Spain,2,69,7,2,0
11929177,32,26829.3,Spain,1,44,7,1,0
919214,19,23213.6,India,1,242,8,6,0
12794982,33,50803.3,Saudi Arabia,0,288,8,7,0
13105651,32,43844.9,Canada,2,59,6,3,0
7406160,39,76396.7,Saudi Arabia,1,299,8,3,0
10303255,31,26538.4,Spain,1,90,6,7,0
15620588,41,38275.3,Spain,1,32,7,3,0
16689133,37,52582.3,Saudi Arabia,1,108,7,2,0
14116034,38,28299.8,Spain,2,42,8,3,0
1143956,41,1730.0,Canada,1,54,6,1,0
4137171,40,2016.5,USA,1,95,7,2,0
4012683,37,11929.5,Spain,1,80,7,2,0
10132773,35,18356.6,Canada,1,71,8,3,0
9260403,29,9776.1,Canada,2,214,8,1,0
8230508,36,45976.7,Spain,1,18,7,1,0
2673745,35,4225.1,USA,2,192,7,3,0
9804441,43,90914.8,Spain,1,63,8,8,0
1273811,40,7040.9,Australia,0,336,7,2,0
6661458,51,1730.0,Canada,2,0,8,2,0
14938895,46,77345.2,USA,1,80,7,5,0
5387471,37,13743.3,Saudi Arabia,2,48,7,5,0
13615738,18,62739.3,Canada,0,283,8,5,0
2432468,38,64646.2,USA,1,131,6,2,0
14558249,18,1730.0,Saudi Arabia,1,3,8,1,0
8022233,31,30224.3,Spain,1,47,8,2,0
1345492,48,43198.5,Saudi Arabia,2,412,6,4,0
13670276,37,24195.0,Australia,2,70,8,2,0
12151990,47,26443.9,Spain,2,0,7,0,0
3717326,65,4503.6,Spain,1,43,8,3,0
9270943,34,40797.6,Canada,0,384,7,2,0
8143017,45,91282.6,Saudi Arabia,0,376,6,2,0
28824,30,59255.5,Spain,0,276,8,5,0
11266633,36,53987.2,Germany,1,170,8,9,0
16727755,45,1730.0,Saudi Arabia,1,27,8,1,0
12807360,19,32830.8,Germany,1,114,8,2,0
13117438,29,66003.3,Canada,1,325,6,4,0
249938,51,98415.1,Germany,1,350,8,4,0
11227808,59,64785.6,Canada,2,72,7,1,0
7632787,41,1730.0,India,2,0,7,2,0
12446757,55,60966.1,Canada,2,118,6,2,0
3274005,54,29112.5,Canada,1,61,7,2,0
6480035,64,35871.5,Canada,0,216,8,2,0
1339694,69,73646.1,India,1,234,6,7,0
3921653,51,15555.2,Canada,1,107,6,5,0
13251223,36,78236.2,Saudi Arabia,0,423,8,9,0
11219890,45,1730.0,Canada,2,141,7,2,0
12260859,51,1730.0,Canada,1,262,8,2,0
13465655,31,79298.8,Germany,0,264,8,5,0
1911831,26,60890.4,India,2,338,6,5,0
3050325,24,16345.0,Spain,1,18,6,1,0
178039,42,1730.0,Canada,1,51,7,1,0
13668985,22,16344.3,Saudi Arabia,1,14,7,0,0
7983249,59,3692.9,Spain,1,34,7,0,0
15108479,22,1730.0,USA,2,27,8,4,0
1537850,33,18162.8,Germany,1,34,8,0,0
15506038,44,72565.2,Saudi Arabia,1,264,8,3,0
7353513,37,31101.6,USA,2,37,7,2,0
1879102,46,38942.7,Canada,0,271,6,3,0
16552757,33,8484.3,Spain,1,105,6,9,0
5836349,37,1730.0,Spain,1,20,7,1,0
7622631,68,1730.0,Spain,2,148,8,3,0
13671686,27,59860.3,Germany,1,83,8,6,0
15971573,52,15247.5,Spain,2,97,7,2,0
2494062,65,74113.6,Saudi Arabia,2,232,8,3,0
7425722,43,61167.1,Spain,0,209,7,2,0
16605348,23,11922.3,Spain,1,69,7,4,0
7156040,53,1987.8,Spain,2,11,6,2,0
15257926,40,1730.0,Spain,1,7,7,1,0
12398461,42,82009.2,Germany,0,351,7,3,0
12776830,50,7377.9,Australia,1,74,8,1,0
5417987,61,33097.1,Spain,1,46,8,6,0
10785263,46,70427.4,Spain,1,328,8,3,0
12591413,63,51626.0,Spain,1,27,7,1,0
8073755,34,24601.9,Canada,1,153,7,6,0
16716737,29,26410.3,USA,2,163,7,1,0
9763130,47,63254.3,Saudi Arabia,1,46,8,2,0
11019219,61,31191.7,Mexico,2,56,7,7,0
2885172,32,88305.2,Australia,1,354,8,1,0
14185914,42,30305.5,Canada,2,239,8,2,0
9372163,45,20170.1,Germany,1,74,7,3,0
6258875,30,65199.5,Germany,1,329,6,0,0
5024386,42,17619.2,Saudi Arabia,1,79,7,2,0
7498438,37,40792.0,Spain,1,220,6,4,0
9617220,26,22375.4,Spain,1,34,8,4,0
11468507,47,17616.4,Germany,1,58,6,3,0
8219038,41,1730.0,Germany,0,47,7,2,0
16465463,39,1730.0,Spain,1,15,8,1,0
5425710,30,21754.2,Spain,2,27,8,2,0
3540610,52,1730.0,Saudi Arabia,2,33,8,2,0
1279985,34,2364.5,Canada,1,70,6,0,0
4514045,41,3606.1,Saudi Arabia,1,87,7,1,0
555219,35,90957.5,Germany,1,126,7,2,0
10213690,31,59469.7,Canada,2,142,8,1,0
12815182,23,1730.0,Saudi Arabia,1,37,8,4,0
6406378,31,87064.4,Spain,1,238,7,1,0
15100164,34,1730.0,Spain,1,186,6,2,0
10529921,28,4720.2,Canada,2,13,7,2,0
16765163,48,1730.0,Spain,1,48,7,2,0
5226162,46,9362.0,Canada,2,64,7,3,0
10167253,60,57496.1,Spain,1,79,6,5,0
2920821,31,57785.1,Spain,1,189,7,3,0
423020,48,45609.6,Germany,2,239,7,8,0
9110724,29,45106.5,India,0,419,8,1,0
14459231,34,95851.1,Spain,1,272,8,0,0
9067254,24,8538.1,Saudi Arabia,2,55,7,3,0
9006054,49,7100.7,Spain,1,44,7,3,0
6624398,20,3632.1,Spain,0,51,7,1,0
8515514,36,2757.5,Canada,1,54,8,3,0
3548514,32,25820.0,Germany,1,185,7,3,0
2532654,41,29950.0,Saudi Arabia,1,147,6,3,0
12002792,25,45500.2,Spain,1,107,8,5,0
13104745,38,2962.8,Canada,1,31,8,2,0
4264749,40,1730.0,Canada,2,4,7,2,0
12906946,26,11530.9,Canada,1,33,6,1,0
11171955,31,14351.6,Spain,1,7,8,5,0
7160811,34,1730.0,Saudi Arabia,2,55,7,2,0
10169394,28,41917.6,Mexico,0,3,8,5,0
12938084,44,50144.5,Spain,0,280,7,6,0
16308880,49,4160.3,Saudi Arabia,1,115,7,1,0
2063342,59,66169.1,Canada,0,202,8,5,0
9627667,40,81167.0,Saudi Arabia,1,315,6,1,0
11157818,53,42364.7,Germany,0,135,8,4,0
12788845,25,78374.7,Canada,1,383,6,8,0
7148395,54,42313.2,Canada,1,199,7,7,0
13984928,36,20187.2,Spain,2,91,7,1,0
14945043,38,70106.7,Canada,1,63,8,4,0
735563,41,55396.5,Spain,1,68,7,5,0
15947629,37,9147.0,Spain,1,78,6,1,0
10901990,37,19992.4,Saudi Arabia,1,58,8,4,0
3467929,44,96408.0,Spain,0,182,8,4,0
11660195,34,37563.3,Saudi Arabia,1,60,7,1,0
13567514,45,17271.6,Saudi Arabia,1,290,7,0,0
16538936,36,58482.3,Spain,1,138,8,2,0
3275855,32,69526.9,Canada,1,370,7,3,0
11684242,59,1730.0,Spain,2,45,7,2,0
11357,46,60046.9,Spain,0,227,6,12,0
1184289,32,45938.8,India,1,228,8,5,0
2731147,49,11188.9,Saudi Arabia,1,61,6,1,0
2670636,33,1730.0,Saudi Arabia,2,8,8,2,0
15602876,30,79186.2,Spain,1,133,8,3,0
8428798,43,92747.5,Australia,1,290,6,9,0
8224603,41,46940.3,Spain,2,131,6,2,0
7352996,31,36768.9,Canada,1,224,7,0,0
4388100,34,1730.0,Spain,2,191,6,2,0
3000784,33,1730.0,Australia,0,1,8,3,0
16618720,56,39499.0,Saudi Arabia,1,47,8,7,0
1095168,60,40408.7,Canada,1,343,6,1,0
11831792,40,32423.5,Saudi Arabia,1,74,7,1,0
14885244,68,24132.4,Canada,1,73,7,2,0
8621041,28,77510.5,Spain,2,154,7,4,0
1697997,24,23471.5,Australia,2,171,7,1,0
3515440,67,29132.5,Canada,0,54,7,2,0
10245072,45,13945.6,Canada,1,266,8,7,0
16667044,35,25526.1,Canada,2,54,6,7,0
3193783,43,29788.7,Saudi Arabia,2,283,7,0,0
3956376,45,66620.3,Canada,3,144,6,1,0
9418054,33,27091.6,Canada,1,46,7,1,0
2171213,42,30325.5,Spain,1,228,8,1,0
9499134,37,29091.0,Spain,2,21,6,2,0
2392350,51,23082.1,Spain,1,98,7,4,0
15589318,25,1730.0,Spain,1,34,8,1,0
8887973,25,1730.0,Spain,1,7,8,1,0
3588508,63,13197.1,Canada,1,211,6,9,0
13092386,41,34276.9,Germany,1,130,7,3,0
12064604,27,1730.0,Saudi Arabia,1,0,7,1,0
7324510,35,1730.0,Spain,2,11,6,0,0
289099,54,111683.7,USA,0,244,7,7,0
1171867,27,11456.0,Saudi Arabia,1,33,7,0,0
10741028,37,38812.4,Canada,2,111,8,3,0
13885275,41,74234.3,Canada,0,379,6,13,0
6553105,27,8214.1,Germany,1,27,7,1,0
13678430,47,1730.0,Canada,1,37,8,1,0
14804164,43,98872.1,Spain,0,260,7,5,0
10275889,42,58129.7,India,1,117,6,3,0
15079050,27,103839.7,Saudi Arabia,2,68,6,2,0
8285898,39,1901.1,Saudi Arabia,2,14,8,5,0
1504713,36,44341.2,Saudi Arabia,2,44,7,3,0
16039969,42,82502.1,Canada,1,3,8,3,0
3888563,38,75666.4,India,0,369,7,3,0
16136956,31,51770.2,Saudi Arabia,1,240,8,4,0
3203428,33,12073.8,Spain,1,300,7,5,0
11537667,25,26621.5,Canada,2,4,8,1,0
9984341,31,24573.3,Australia,1,49,8,2,0
13829548,35,70432.6,Germany,1,395,6,4,0
10545296,35,108064.8,Germany,1,376,9,2,0
15987358,36,33032.3,Spain,2,41,7,1,0
8156900,38,3866.0,Australia,2,4,7,2,0
822040,32,1730.0,Spain,1,62,8,1,0
9838033,27,54539.7,Spain,1,60,8,2,0
16637395,39,74741.4,Spain,1,175,7,1,0
15206035,50,28687.8,Spain,1,73,9,1,0
1944388,39,81607.9,Saudi Arabia,0,322,8,12,0
7642184,53,1730.0,Saudi Arabia,1,59,6,1,0
15923261,27,38541.0,Saudi Arabia,0,297,7,9,0
3347750,59,34550.9,Canada,0,229,8,11,0
3373646,43,3253.4,Saudi Arabia,0,300,8,6,0
3703584,48,1730.0,Spain,2,0,7,1,0
9319945,31,30584.1,Germany,2,71,6,1,0
1261996,35,56158.1,Saudi Arabia,1,353,8,9,0
10906059,36,51536.8,Canada,1,20,6,4,0
15460578,51,42319.9,Canada,0,132,6,1,0
9226302,28,38139.9,Canada,2,62,8,6,0
1246703,55,41241.9,Spain,1,100,8,3,0
12906097,46,40137.5,Spain,1,119,7,2,0
209950,41,1730.0,USA,2,95,8,1,0
5410307,24,1730.0,Spain,1,0,6,1,0
14082558,40,1730.0,Spain,1,51,7,3,0
5061480,42,1730.0,Canada,1,31,8,2,0
7010983,27,30137.7,Spain,1,14,6,1,0
2023732,31,69998.4,Spain,1,202,6,5,0
7145742,45,62765.1,Germany,1,72,7,2,0
13066841,27,39151.2,Saudi Arabia,1,183,6,11,0
4152336,49,47946.0,Canada,1,137,7,5,0
11614080,51,75612.6,Spain,0,271,7,5,0
6825379,59,44880.2,Canada,1,24,7,3,0
3178190,23,1730.0,Germany,2,27,8,4,0
16705950,46,113521.8,Spain,0,433,6,3,0
911712,45,69966.5,USA,0,403,8,5,0
5744955,53,49241.6,Saudi Arabia,0,247,6,4,0
16679315,32,90765.7,Canada,1,90,6,8,0
13278001,37,96170.5,Spain,1,277,7,7,0
1580127,31,1730.0,Canada,1,39,8,1,0
12608404,36,69404.5,Saudi Arabia,1,441,8,4,0
9844743,33,1730.0,USA,1,42,8,2,0
10298324,31,30811.3,Spain,0,415,8,1,0
8526305,33,33570.6,Spain,2,150,7,2,0
15373285,30,23821.3,Spain,1,84,7,1,0
9070310,28,69426.0,USA,1,169,6,7,0
7119391,49,57954.0,Australia,1,378,7,2,0
1134740,34,96100.0,Mexico,2,326,8,7,0
11585252,60,48828.1,Saudi Arabia,1,281,8,4,0
8663408,53,17819.0,Saudi Arabia,2,265,7,2,0
2373183,36,11306.6,Canada,1,87,7,2,0
12482844,39,63442.1,Mexico,1,28,6,2,0
6185950,30,14494.3,Canada,2,99,8,5,0
2703338,31,46332.9,USA,1,334,7,2,0
7712519,50,45997.9,Spain,2,76,7,5,0
8639336,33,28987.7,USA,2,19,8,1,0
12085376,47,80089.7,Australia,0,404,7,4,0
4925573,34,11917.3,Spain,0,151,8,4,0
15512561,43,49000.3,Spain,2,178,8,4,0
16574124,37,96381.0,Mexico,2,202,7,1,0
14412686,18,6842.3,Spain,0,218,6,3,0
5915944,59,14232.2,Spain,1,33,7,2,0
11599822,42,18642.3,Saudi Arabia,1,42,8,2,0
11278029,55,31448.4,Canada,1,279,8,2,0
1538958,32,7703.9,Spain,2,85,7,1,0
13365358,38,52902.9,Saudi Arabia,2,119,7,2,0
7659007,30,72452.0,Spain,1,369,7,9,0
1940291,41,110434.7,Saudi Arabia,1,411,6,3,0
145985,51,5484.2,Canada,1,106,6,3,0
10035434,46,8458.1,Canada,1,37,8,1,0
13582913,35,63420.7,Canada,1,270,7,2,0
13127113,39,1730.0,Canada,2,16,8,1,0
6044221,18,54282.5,Saudi Arabia,2,53,6,1,0
6020383,25,77501.5,Germany,1,59,7,8,0
16489455,64,93710.6,Spain,1,220,8,4,0
9121624,43,42564.4,USA,2,130,7,3,0
12262363,30,62450.8,USA,1,87,6,4,0
11383139,34,38701.5,Canada,2,183,8,4,0
16450702,39,15942.1,USA,2,67,8,1,0
1793997,47,1730.0,Canada,1,32,6,2,0
4905855,42,64535.3,Saudi Arabia,2,253,8,2,0
12246147,31,36070.9,Spain,1,234,6,2,0
570850,42,1730.0,Spain,2,50,8,0,0
16523213,38,71026.0,Germany,2,44,7,3,0
1401677,38,1730.0,Spain,2,0,6,1,0
2285313,35,7057.6,Canada,2,5,7,3,0
1429904,32,98590.3,USA,1,205,8,0,0
16769978,45,7528.5,Canada,2,54,7,3,0
12883372,40,65159.8,India,1,134,8,2,0
3728028,43,66141.8,Spain,0,135,8,2,0
15253341,38,91594.4,Australia,0,341,7,8,0
11003223,43,67204.8,Spain,1,355,8,6,0
7950997,40,21287.4,Germany,1,48,8,2,0
14480011,45,6362.7,Canada,1,276,7,6,0
6414235,56,60333.3,Canada,2,82,7,1,0
10110947,55,21540.7,Spain,1,309,6,7,0
16659797,35,79608.6,Spain,1,89,8,2,0
1915507,44,22557.3,USA,2,112,7,3,0
967923,22,2744.4,Spain,2,38,7,6,0
5593904,35,3746.7,Spain,1,225,7,9,0
8576991,47,54770.7,Spain,2,399,8,1,0
2415789,49,39914.5,Saudi Arabia,0,76,8,1,0
4181305,25,14069.0,Saudi Arabia,1,23,7,8,0
9019959,23,52502.8,Canada,1,229,7,4,0
12780507,35,21896.8,Canada,1,117,7,3,0
2102272,40,30180.7,Spain,1,95,8,8,0
11728091,24,68245.4,Canada,2,23,7,3,0
16377715,44,50968.4,Germany,0,277,7,4,0
7531528,50,19208.7,Canada,2,406,8,12,0
11081573,18,19142.1,Spain,1,43,8,2,0
13802600,29,1730.0,India,1,16,8,1,0
6656806,19,11827.8,Australia,2,208,7,6,0
3791967,33,59231.4,Saudi Arabia,1,185,7,6,0
4707637,34,11367.4,Spain,1,52,7,2,0
12046830,49,19398.7,Spain,1,46,7,5,0
5952758,34,37536.9,Mexico,2,10,8,1,0
1703411,38,1730.0,Canada,2,58,8,2,0
14481817,39,50665.3,Canada,2,146,6,2,0
16362121,22,36030.5,Canada,2,235,8,3,0
1914887,24,1730.0,USA,2,12,7,2,0
6827893,22,55869.0,USA,0,399,8,3,0
16654530,37,35940.8,Spain,1,223,7,2,0
8612828,21,37749.1,Spain,1,205,7,3,0
1868898,24,57878.2,Canada,2,51,8,3,0
14204973,41,43973.5,Spain,2,230,9,4,0
7124188,58,1730.0,India,0,4,6,6,0
4097735,36,10215.7,USA,2,23,6,1,0
3054885,33,49274.3,USA,0,75,6,6,0
5021060,54,79586.0,Australia,1,147,8,2,0
14379006,29,85710.5,Saudi Arabia,1,341,7,2,0
9966811,43,1730.0,USA,1,5,8,3,0
9743566,51,1730.0,Spain,1,29,6,1,0
1082599,37,4235.5,Germany,1,20,7,0,0
6370321,55,61402.0,Saudi Arabia,2,38,8,0,0
9378594,25,6034.9,Spain,1,1,7,0,0
1052321,33,26429.1,Saudi Arabia,1,406,7,1,0
14850505,45,1730.0,Australia,1,50,6,3,0
5043170,31,13077.7,Spain,1,161,6,2,0
11587926,32,7844.5,Spain,1,406,7,3,0
14253973,58,3376.2,Australia,1,19,8,14,0
2546832,36,57093.3,Saudi Arabia,1,262,8,2,0
1356497,26,8022.8,Australia,0,49,8,1,0
6001801,19,39153.9,Spain,0,186,8,3,0
14871602,40,31991.3,India,1,114,7,4,0
3620753,31,23465.9,Canada,2,152,7,4,0
11162176,57,69606.0,Mexico,0,413,7,4,0
849012,45,1730.0,Spain,1,9,8,4,0
2532227,43,9346.7,Spain,1,90,7,3,0
16607361,39,30831.4,Spain,0,87,7,11,0
9144574,48,44226.3,India,0,362,6,3,0
9520908,37,42913.8,Saudi Arabia,1,45,7,3,0
8539081,48,20643.6,Spain,1,60,7,1,0
1744212,40,40873.2,India,2,52,7,3,0
11782802,28,31566.2,USA,2,56,8,1,0
4031327,66,1730.0,India,2,47,6,2,0
9323308,18,51916.1,Canada,2,78,8,4,0
1703798,49,55819.4,Canada,1,214,6,8,0
1960614,33,23887.7,Spain,2,77,7,1,0
10839115,45,44917.4,Germany,1,135,9,8,0
16331941,40,18928.2,Saudi Arabia,1,78,8,3,0
2907943,40,24870.3,India,2,41,8,3,0
6040429,67,1730.0,USA,2,31,7,2,0
6485619,69,69348.4,Australia,2,325,7,11,0
13283761,46,76149.6,Germany,2,160,6,1,0
4018871,56,53187.1,Spain,2,201,6,3,0
1159473,49,103540.7,Saudi Arabia,0,248,7,5,0
9026148,18,9492.3,Saudi Arabia,1,73,7,2,0
9874741,57,26672.7,Australia,1,17,6,2,0
11604333,52,1730.0,India,1,261,8,2,0
11003901,28,68943.4,Saudi Arabia,1,54,7,2,0
15461341,25,1730.0,Spain,2,14,8,0,0
7943859,46,49409.9,Saudi Arabia,0,185,8,4,0
4487586,27,43576.9,Spain,2,22,7,4,0
2121776,47,16481.2,Spain,2,23,8,3,0
3670922,50,10276.1,Spain,2,27,7,13,0
4251066,26,70963.7,Saudi Arabia,0,304,6,2,0
7468302,46,5160.8,Spain,1,80,7,2,0
7400800,45,1730.0,Spain,1,69,8,2,0
11448643,35,17532.8,India,0,199,8,3,0
5915988,30,37323.9,Saudi Arabia,1,115,6,5,0
13439276,39,101357.2,Saudi Arabia,2,202,8,4,0
14627875,38,21132.3,Canada,0,382,8,4,0
5230403,34,1730.0,India,1,12,6,2,0
3258915,27,82342.2,Germany,0,234,7,2,0
11235854,34,43965.8,Saudi Arabia,1,99,6,3,0
11361506,34,40339.6,India,2,38,8,1,0
13692724,42,1730.0,Spain,1,28,6,2,0
5984580,40,1730.0,Germany,2,25,7,4,0
5278160,43,85725.8,Canada,0,45,8,4,0
4981747,44,46382.4,India,2,403,7,4,0
13411006,63,34119.8,Saudi Arabia,1,202,8,0,0
1514608,56,73956.8,Saudi Arabia,0,371,8,8,0
6669722,51,16146.3,USA,1,67,6,3,0
7473055,43,49165.6,Spain,1,159,6,8,0
5040985,51,44700.5,Spain,2,34,6,1,0
7349746,39,14269.4,Spain,2,8,8,2,0
7413338,41,53901.4,USA,2,58,6,1,0
7572460,27,35272.7,Canada,2,198,8,2,0
1339888,48,1730.0,Canada,1,59,8,2,0
15041025,53,57489.6,India,0,298,7,4,0
10405879,33,91724.7,Australia,0,358,6,1,0
11139408,47,1730.0,Spain,2,38,7,1,0
3878124,30,10931.5,Canada,1,26,8,6,0
4244003,33,86919.1,India,0,436,8,3,0
4125836,43,1730.0,Spain,1,63,8,1,0
4050605,50,1730.0,USA,1,64,7,0,0
2271683,54,63003.1,Spain,0,118,8,3,0
13136877,54,62348.7,Australia,1,209,8,7,0
11382857,32,6396.5,Spain,2,113,8,1,0
4859285,35,22647.6,Saudi Arabia,1,5,8,3,0
9492292,31,6646.0,Australia,1,233,8,7,0
435988,36,14411.7,Australia,2,109,8,2,0
16099567,24,54781.4,Saudi Arabia,1,413,7,12,0
2925967,39,1730.0,Saudi Arabia,1,65,8,2,0
6278128,37,42648.9,Germany,2,49,7,4,0
16400862,27,33582.4,Saudi Arabia,1,324,6,10,0
13847946,39,6847.8,Spain,2,33,6,2,0
15680502,50,60784.3,Saudi Arabia,1,194,7,2,0
14620007,53,77890.8,Australia,1,182,8,7,0
9345503,63,25760.0,Canada,1,105,9,3,0
1535019,48,24010.2,Saudi Arabia,1,141,7,3,0
16270012,51,31527.6,Canada,1,219,7,4,0
9459864,52,38822.4,Saudi Arabia,1,51,6,1,0
5388088,30,24159.6,Canada,1,19,7,2,0
8769230,60,1730.0,Germany,1,205,7,4,0
13733980,46,104682.6,Saudi Arabia,0,76,7,3,0
8987227,50,1730.0,Spain,1,12,8,0,0
10260093,32,25850.1,Saudi Arabia,1,33,8,3,0
485022,39,9068.3,Canada,2,98,8,3,0
12879582,28,46434.4,Spain,1,135,8,3,0
2284917,60,8734.2,Canada,1,152,8,0,0
512611,35,31027.7,USA,1,240,7,6,0
11504743,32,51136.0,Mexico,0,69,6,3,0
7814900,38,14513.1,India,1,36,8,1,0
8877660,30,37663.6,Spain,2,157,7,3,0
435288,51,64068.4,Spain,1,66,6,6,0
4361265,31,96894.2,Spain,0,279,6,4,0
7082959,61,45766.1,Saudi Arabia,1,197,7,7,0
10844236,33,1730.0,Spain,1,26,8,2,0
7395054,31,54905.7,Spain,0,236,7,1,0
14172787,52,85987.6,Saudi Arabia,0,66,8,2,0
15214288,48,50880.9,Saudi Arabia,0,187,7,3,0
715389,31,22091.0,Spain,2,17,7,0,0
5176284,33,1730.0,USA,1,58,7,1,0
1934477,35,1730.0,Saudi Arabia,1,26,7,1,0
6893395,27,11394.7,Australia,2,56,7,1,0
16351619,31,37765.2,Spain,2,61,6,0,0
11068669,48,1730.0,Spain,2,32,7,1,0
2010968,51,7441.0,Canada,2,33,7,2,0
7512448,31,110371.7,Spain,1,305,6,2,0
4014501,31,60395.5,Saudi Arabia,1,90,8,4,0
1990830,48,18828.6,Saudi Arabia,1,0,7,2,0
3223268,27,72786.9,India,1,209,6,8,0
15687436,48,1730.0,Mexico,2,277,6,1,0
11664783,20,1730.0,Saudi Arabia,1,24,8,2,0
8931644,36,6896.0,USA,2,48,8,1,0
3197772,38,51137.4,Australia,1,251,8,3,0
706737,54,8185.5,Spain,2,48,6,3,0
10793138,49,22206.2,USA,1,75,7,3,0
16491558,39,5206.1,USA,1,72,7,2,0
16361472,39,31354.2,Spain,2,46,7,5,0
10514003,28,18576.2,Spain,2,47,8,7,0
13683608,43,52495.2,Canada,2,75,6,0,0
13838187,42,30312.2,Australia,2,307,7,3,0
12601424,71,1730.0,Spain,1,94,8,3,0
12498344,32,35856.0,Spain,2,160,8,3,0
13610095,42,24905.1,Spain,2,129,8,1,0
15271437,23,1730.0,Germany,2,22,8,5,0
16383674,21,7572.0,Canada,1,56,8,2,0
7245778,29,57754.6,Australia,0,137,6,3,0
2335839,51,38633.7,Australia,1,271,8,2,0
8831829,19,41910.1,Spain,2,206,8,0,0
3504502,21,1730.0,Saudi Arabia,2,1,8,2,0
1265855,54,8367.5,Germany,1,67,8,6,0
5684250,31,68585.8,USA,2,194,7,3,0
16452582,25,10851.6,Spain,0,76,8,2,0
6111697,49,65912.5,Spain,1,42,8,3,0
1610332,28,2119.9,Canada,2,0,8,2,0
8539812,38,80329.8,Spain,0,345,6,3,0
15168764,54,1730.0,Canada,2,61,8,2,0
16300358,39,49393.1,Spain,1,182,7,2,0
2610484,44,57562.8,Spain,2,68,6,0,0
3700822,37,25820.5,Spain,1,278,7,1,0
11820600,35,99941.2,Spain,1,261,8,5,0
6526397,48,6752.5,Spain,1,148,7,0,0
14019911,51,27709.5,USA,1,115,6,2,0
3808984,18,15643.6,Canada,1,127,7,2,0
1420420,43,41356.1,Canada,2,93,7,3,0
1625368,34,1730.0,India,1,18,8,0,0
2209194,44,89692.4,Spain,2,143,6,5,0
15484130,62,42046.9,Spain,1,54,7,2,0
10215731,36,1730.0,Saudi Arabia,2,0,7,1,0
15263967,29,15092.9,Spain,0,37,7,1,0
15666469,55,30981.7,USA,1,24,8,3,0
14974236,46,33083.4,Saudi Arabia,1,326,6,2,0
11713670,37,27765.9,Saudi Arabia,1,61,8,3,0
12521457,51,81804.8,Spain,1,88,8,2,0
6904526,25,20224.6,Spain,1,282,7,8,0
9477996,55,1730.0,Canada,2,70,7,0,0
7927219,30,6267.2,Canada,2,50,7,1,0
10041440,32,29199.7,Australia,1,162,8,3,0
15604164,25,3699.1,Canada,1,115,8,2,0
7935918,49,1730.0,Saudi Arabia,2,38,7,0,0
3486807,35,26915.0,India,1,20,6,4,0
11402983,30,16206.1,Germany,1,70,6,2,0
459570,32,1730.0,Canada,2,27,8,1,0
12054566,42,31629.3,Spain,0,18,7,3,0
1231828,50,6498.3,Spain,1,21,7,2,0
7388584,42,1730.0,USA,2,0,6,6,0
5328145,43,95859.2,Canada,1,191,6,2,0
8507595,18,85276.7,Saudi Arabia,1,419,8,1,0
9180142,18,48358.4,India,1,79,7,7,0
1897682,42,16026.6,Saudi Arabia,1,354,6,5,0
667662,35,1730.0,Canada,1,34,8,2,0
16626299,54,38792.3,India,0,112,7,1,0
6079725,28,1730.0,Spain,1,53,7,2,0
9808345,31,1730.0,Spain,1,62,8,1,0
2086232,41,3686.0,USA,1,2,8,0,0
11566144,32,79154.1,Spain,0,152,8,4,0
13920894,18,21179.4,Canada,1,194,6,2,0
10009057,63,25825.5,India,2,263,8,3,0
1392011,54,85461.5,Canada,2,309,8,1,0
14322340,34,30618.9,Spain,0,130,6,9,0
4857992,37,23431.9,USA,1,52,8,3,0
13635373,40,1730.0,India,2,169,7,3,0
14190209,33,54868.9,Saudi Arabia,2,213,6,3,0
15628792,31,26956.9,Spain,2,422,7,7,0
2667552,31,70142.3,Saudi Arabia,1,282,6,12,0
9497196,35,59478.2,Saudi Arabia,1,182,6,1,0
9855075,44,18485.1,Canada,2,420,8,3,0
3069988,40,32878.2,USA,1,58,7,2,0
6052216,48,2258.3,Spain,1,71,7,2,0
14480515,45,61828.7,Germany,1,267,8,8,0
16004250,43,1730.0,Spain,1,19,8,0,0
10918036,30,34339.6,Spain,1,249,7,3,0
11310448,28,11123.7,Australia,2,52,7,3,0
5674162,27,31934.9,Saudi Arabia,2,79,8,2,0
2274595,32,1730.0,Canada,1,39,8,2,0
13133531,44,20344.9,Mexico,1,46,6,2,0
1289054,33,8083.8,Saudi Arabia,0,95,6,4,0
5755684,56,73388.3,Canada,1,71,8,2,0
3512563,35,13627.5,Saudi Arabia,1,43,8,1,0
2386708,47,1730.0,Canada,2,46,7,3,0
15500541,33,48186.8,Spain,1,135,8,2,0
10030212,37,1730.0,Spain,2,22,8,2,0
2275976,59,43331.4,Germany,2,213,8,4,0
2560146,30,36089.1,Saudi Arabia,2,272,6,4,0
709254,42,15520.5,Spain,2,70,6,5,0
16748357,48,76451.7,Spain,1,107,6,2,0
12321442,43,16113.8,Spain,1,232,6,2,0
12144744,36,17678.6,Spain,1,68,7,2,0
832012,36,1730.0,Spain,1,28,7,0,0
120511,18,13291.8,Saudi Arabia,2,91,8,0,0
11332055,32,42518.0,Spain,1,58,6,2,0
8765618,54,94012.7,Spain,1,93,8,8,0
15885945,45,21388.0,Germany,2,105,8,4,0
9819377,62,13074.6,Spain,1,64,7,5,0
8888365,18,44807.3,Spain,1,77,8,2,0
9838369,34,16247.0,Spain,1,11,6,3,0
9007378,65,16401.4,Spain,1,67,8,2,0
3364037,45,1730.0,Canada,1,29,8,1,0
15898720,25,28973.0,Spain,1,253,8,3,0
10875983,38,1730.0,Australia,2,192,6,3,0
4432428,29,37082.0,Spain,1,84,9,2,0
48560,31,5165.2,Spain,1,54,8,2,0
1347571,27,1730.0,India,2,75,8,1,0
1885949,25,1988.1,USA,1,45,8,2,0
12881766,20,76839.5,Saudi Arabia,1,36,7,2,0
11030214,42,15657.0,Spain,2,37,7,2,0
15438064,25,15543.2,Canada,2,57,7,3,0
8189589,35,3391.5,Saudi Arabia,2,50,8,2,0
2053126,38,42400.4,Spain,1,71,8,0,0
1717431,45,65392.1,Germany,0,430,7,6,0
5531483,32,31544.3,Canada,2,113,7,2,0
3856357,18,72262.0,Mexico,1,171,7,6,0
5728056,23,34365.1,Spain,2,90,8,6,0
11310125,29,13603.6,USA,2,11,8,4,0
12738295,18,7470.0,Saudi Arabia,1,10,8,3,0
12162506,18,89597.1,Mexico,0,324,6,10,0
5199402,21,20121.8,India,2,38,8,2,0
854054,45,91199.9,Saudi Arabia,0,138,7,7,0
2827786,30,77367.5,Spain,0,371,6,4,0
13178222,53,62053.4,Germany,1,166,8,4,0
7758417,35,21085.2,Canada,1,43,8,4,0
7062023,33,8288.9,India,2,100,8,3,0
9521937,28,1730.0,Canada,2,21,8,4,0
14152011,32,20714.0,Germany,2,384,9,2,0
2713003,42,1730.0,Germany,1,112,7,1,0
3597271,37,8952.2,Spain,1,64,6,1,0
14217591,45,19107.9,Canada,2,186,7,8,0
5363787,54,25660.4,Spain,1,168,8,2,0
5791738,20,82536.2,Spain,2,80,7,4,0
9136136,49,55938.2,Canada,1,240,8,1,0
6341880,32,34344.7,Australia,2,113,6,2,0
4122961,24,1972.8,Canada,1,28,8,2,0
13475201,58,31128.3,Spain,1,60,7,2,0
12558868,59,22164.7,Saudi Arabia,0,82,6,1,0
5667283,26,13467.0,Spain,1,64,7,1,0
7825979,48,26682.0,Canada,1,344,6,2,0
4805430,50,72443.8,USA,0,423,6,0,0
8085467,65,73505.2,Canada,2,321,8,4,0
8883866,49,29040.9,Germany,2,95,7,3,0
12743998,33,60882.6,Spain,1,290,6,1,0
6988274,31,10992.0,Spain,1,35,7,0,0
11134379,57,34942.0,Canada,1,234,8,4,0
1726636,27,24863.1,Spain,2,81,7,2,0
15736594,66,8589.4,Canada,1,293,7,1,0
1188756,51,42742.0,USA,2,92,6,1,0
8948728,46,21416.8,Spain,2,65,7,1,0
7558761,32,4417.4,Germany,1,28,8,2,0
12629300,26,28817.2,Spain,1,105,7,1,0
6264473,18,6087.8,Canada,1,215,7,2,0
12960662,47,61031.5,Spain,0,422,8,3,0
3804062,44,55621.4,Spain,0,290,6,3,0
7341995,59,70793.4,Spain,2,145,6,8,0
658300,39,1730.0,Canada,1,73,8,2,0
15371110,35,38155.8,Australia,1,67,8,5,0
6316767,44,88267.4,Spain,1,206,8,3,0
14532565,39,5399.8,Spain,1,36,8,7,0
771841,44,63104.8,Spain,2,288,7,6,0
6714990,45,1730.0,Spain,1,91,8,4,0
14708799,27,1730.0,India,1,44,8,3,0
14574631,30,69440.8,Spain,1,51,8,3,0
4590573,46,1730.0,Spain,1,64,7,2,0
3087623,30,21651.4,India,2,239,6,1,0
9032933,46,9118.4,USA,1,56,7,2,0
6408881,55,41774.2,Mexico,0,31,7,6,0
11671637,28,31254.8,Spain,2,61,8,2,0
7722834,46,43921.6,Germany,0,63,6,2,0
8903514,42,23789.2,USA,1,51,8,8,0
15183564,58,6543.1,India,1,179,6,4,0
1129919,31,17972.4,USA,1,88,6,9,0
15749867,24,13762.3,Saudi Arabia,1,244,6,2,0
11275794,20,6830.8,Saudi Arabia,1,82,8,4,0
15574263,41,35093.9,Spain,1,67,8,9,0
12381026,64,48143.0,Canada,1,4,8,5,0
10916539,41,9503.6,Australia,2,281,8,3,0
5359811,51,78202.4,Saudi Arabia,1,371,7,3,0
13263231,55,1730.0,Saudi Arabia,1,19,8,0,0
5555188,64,34920.1,USA,2,52,7,3,0
13588226,43,14429.5,Spain,2,69,7,9,0
9535703,39,1730.0,Spain,1,52,8,2,0
8247364,61,70009.0,Spain,1,186,6,2,0
7005933,55,18522.2,Canada,2,0,8,1,0
3346571,18,1730.0,Saudi Arabia,1,5,6,1,0
10346033,37,33486.2,Germany,1,156,6,2,0
15384981,44,1730.0,USA,2,25,7,2,0
8288657,39,10299.4,Canada,2,19,7,3,0
2747090,30,20007.8,Spain,1,77,6,2,0
1655299,40,7755.8,Canada,1,4,8,2,0
15460322,52,69344.3,Australia,2,195,7,2,0
10031257,27,1730.0,Spain,2,79,7,0,0
10061841,31,1730.0,Canada,1,54,7,2,0
16501463,32,8681.9,Spain,1,62,7,2,0
14649310,38,1730.0,Spain,1,43,8,1,0
5700146,44,69228.4,Australia,0,215,7,3,0
7610445,33,55900.8,USA,0,53,8,7,0
8214272,32,1730.0,Spain,1,12,8,5,0
96532,28,74683.3,Spain,2,276,8,12,0
275623,63,1730.0,USA,1,34,8,3,0
7120004,51,34556.7,Canada,0,80,8,0,0
10240808,41,75886.8,Spain,1,165,8,2,0
7490113,34,5450.2,Saudi Arabia,1,52,8,1,0
9557241,25,12299.8,Australia,1,23,8,3,0
15061590,46,18571.4,India,1,36,8,3,0
11762889,47,1730.0,Spain,1,57,7,2,0
6094279,53,39497.0,Saudi Arabia,2,77,8,3,0
6678016,55,1730.0,Canada,1,55,6,2,0
7976413,37,1730.0,Spain,2,41,7,13,0
8131966,24,30774.7,Australia,2,58,8,2,0
11973013,54,18453.9,Saudi Arabia,2,310,8,0,0
5308197,39,1730.0,Spain,2,6,8,1,0
14581795,23,1730.0,Canada,2,270,8,0,0
6510230,75,2836.5,Spain,1,50,7,4,0
4930659,45,1730.0,Canada,1,22,7,0,0
3644865,28,52841.2,Spain,2,58,8,1,0
11397478,25,48280.2,India,2,226,8,4,0
13469779,38,106446.8,Germany,0,395,6,4,0
2314261,42,100156.4,Canada,1,397,8,2,0
6183701,37,6725.0,Spain,1,3,6,1,0
6932600,49,10085.0,India,1,326,7,12,0
14678222,29,50014.4,Saudi Arabia,0,61,8,7,0
6605208,32,1730.0,Spain,2,0,7,3,0
10530249,70,64529.4,Saudi Arabia,1,331,7,8,0
71645,53,71409.8,India,1,309,8,14,0
9628141,49,26011.1,Saudi Arabia,1,71,8,3,0
9756814,18,20170.1,Spain,2,82,7,1,0
15318261,53,95126.5,Mexico,1,125,6,8,0
15020355,60,87357.9,Saudi Arabia,2,424,8,7,0
5305651,36,20792.4,India,1,142,6,2,0
1720958,42,8972.3,Saudi Arabia,1,186,7,2,0
13848584,45,36258.4,Saudi Arabia,2,89,6,1,0
8590429,35,1730.0,Spain,1,46,6,3,0
2699669,28,6699.1,Mexico,1,214,8,1,0
12564829,69,84118.7,Spain,1,114,8,6,0
10200112,37,47021.5,Australia,1,251,7,2,0
1439270,59,55424.4,Canada,1,154,8,4,0
8407761,44,17236.6,Saudi Arabia,1,160,6,2,0
3794148,41,7086.5,Saudi Arabia,2,48,7,0,0
14998597,30,19979.7,Australia,1,70,7,6,0
8048604,54,25028.7,USA,0,121,7,3,0
6565979,51,63250.9,Canada,1,137,8,4,0
8126696,37,7007.0,Spain,1,6,8,6,0
7575621,27,65358.0,Mexico,1,346,7,2,0
4045168,44,85706.1,Spain,0,291,8,4,0
1662565,32,21714.7,Australia,0,332,7,2,0
9054262,28,21420.5,Germany,1,10,6,2,0
11006425,43,1730.0,India,1,48,8,1,0
3532275,21,1785.9,Australia,1,13,8,9,0
666517,36,16462.1,Spain,1,404,8,2,0
13658588,34,44744.3,Spain,1,69,6,2,0
7537051,29,25880.5,India,0,87,8,3,0
5751901,48,106831.2,Canada,1,374,6,1,0
10352937,32,28649.1,Spain,1,191,7,1,0
8468637,28,1730.0,Canada,1,36,8,1,0
16247860,18,24358.6,Spain,1,63,6,3,0
15626346,31,8252.0,Spain,1,170,7,2,0
10821490,38,30526.1,Spain,0,55,7,6,0
9527313,39,50085.6,Spain,2,124,7,2,0
10701921,53,9973.4,Australia,2,302,8,1,0
2594728,29,79909.1,India,2,88,8,1,0
11295183,54,1730.0,Australia,1,155,6,2,0
4610452,50,1730.0,Spain,1,21,7,2,0
7806676,46,56720.9,Canada,1,291,8,5,0
4123631,41,28837.4,USA,1,50,7,4,0
14945077,23,9355.0,USA,1,15,6,1,0
16617813,39,13699.0,Canada,1,98,7,6,0
12801547,50,36835.6,Spain,1,79,6,3,0
16440273,37,27701.0,USA,1,421,7,3,0
8225153,26,1730.0,USA,1,160,8,1,0
11863549,51,1730.0,Canada,2,62,8,9,0
11267856,19,29621.6,Spain,0,68,6,2,0
15095187,36,14182.0,Canada,1,169,8,1,0
2698546,35,1730.0,Saudi Arabia,2,0,8,2,0
834710,46,24094.1,Saudi Arabia,1,68,8,2,0
2912233,63,98249.9,Germany,1,277,6,3,0
7290878,18,84726.2,Mexico,0,133,6,4,0
11641769,68,46572.8,USA,0,89,8,1,0
16091593,32,8714.8,Saudi Arabia,1,17,7,2,0
3887715,27,54703.1,Canada,1,34,9,9,0
14365753,34,43181.4,Canada,2,403,7,2,0
2977326,34,87543.5,Saudi Arabia,0,233,7,3,0
11643400,45,1730.0,USA,2,52,8,2,0
6867464,27,4155.5,USA,0,43,8,3,0
15121474,25,88327.8,Spain,0,403,8,5,0
4571726,46,41139.8,India,1,232,8,3,0
9002708,30,3053.3,Spain,1,36,8,1,0
8137480,59,5453.2,Spain,1,22,6,1,0
8208938,26,4066.4,USA,1,0,8,1,0
14150269,48,8974.5,Germany,1,37,8,4,0
14475402,49,74969.9,Saudi Arabia,1,157,7,4,0
9944840,42,49426.7,Spain,0,265,8,8,0
14745999,31,30339.5,Germany,0,284,6,10,0
5362002,37,4630.2,Spain,1,147,6,2,0
7528117,48,3200.8,Spain,2,164,8,1,0
5688237,50,95891.3,Germany,2,204,9,9,0
4773877,36,1730.0,Germany,1,182,8,1,0
1668344,23,80140.4,Spain,2,434,7,4,0
295943,56,28553.9,Canada,0,36,7,1,0
15925571,41,1730.0,Saudi Arabia,1,42,7,2,0
9069910,45,17236.6,Spain,0,90,8,1,0
12035247,45,96737.7,India,0,334,9,2,0
13758668,37,40362.1,Spain,1,87,8,4,0
1398746,47,56592.9,Spain,1,202,7,3,0
13146129,48,26299.1,Spain,0,44,7,4,0
14253299,28,51124.1,Spain,0,120,8,7,0
8065639,37,35335.0,Canada,1,102,8,3,0
10375460,33,1730.0,Canada,1,22,7,1,0
1403368,42,24951.9,USA,2,51,8,1,0
10564309,32,53542.2,Saudi Arabia,2,375,8,3,0
6371856,47,77490.6,India,1,36,7,0,0
560884,42,22214.9,Spain,2,22,8,4,0
10930161,38,32778.5,Spain,0,290,7,1,0
16262326,46,1730.0,Spain,2,61,8,2,0
6287717,68,72856.7,Australia,1,134,7,5,0
12384331,51,71936.8,Australia,0,252,8,4,0
8059962,43,1730.0,Spain,2,65,6,2,0
10571921,56,42570.7,Spain,1,156,7,1,0
6622692,31,9945.0,India,2,254,8,2,0
8161569,25,48242.5,Canada,2,64,6,3,0
243609,29,88119.5,Australia,1,88,6,12,0
6824731,57,36496.7,Spain,1,404,8,12,0
8398998,27,35898.6,Spain,2,26,6,2,0
16420024,39,64095.5,Spain,1,172,8,2,0
16275954,31,40253.6,Spain,1,35,7,4,0
12882148,43,3382.0,Australia,1,26,8,4,0
6237259,54,16374.7,Spain,2,16,7,2,0
14291542,39,7024.7,USA,1,32,7,1,0
6398772,46,20367.4,Spain,1,75,8,0,0
2133435,21,44693.0,Canada,1,154,8,3,0
8626276,42,49212.0,Spain,2,407,7,4,0
8988885,31,1730.0,Canada,2,22,8,4,0
5154621,29,30916.7,Saudi Arabia,1,72,7,0,0
5441129,37,59135.7,Saudi Arabia,2,287,7,4,0
1777745,42,96774.7,Germany,0,226,6,5,0
2110475,18,28067.7,Spain,2,36,8,3,0
6888441,54,9455.6,Germany,1,133,7,1,0
11774768,34,2513.6,Spain,2,8,7,1,0
3181919,37,11254.2,USA,1,32,8,1,0
1358520,40,20551.2,Spain,1,51,6,0,0
14269761,40,2347.6,Australia,1,91,6,2,0
280039,41,25624.3,Spain,1,56,7,2,0
1289233,24,34812.5,USA,1,188,8,1,0
16348005,42,10058.0,Saudi Arabia,2,88,7,1,0
10965109,67,59631.2,India,0,248,6,3,0
4333852,33,33176.5,Australia,2,57,8,13,0
10070954,43,5317.0,Saudi Arabia,1,58,8,1,0
11060738,18,7613.3,Saudi Arabia,1,18,8,2,0
3024283,58,22346.6,Canada,1,277,8,4,0
2496324,42,8973.3,Canada,1,54,8,3,0
5844870,42,11862.0,Australia,2,90,7,2,0
2185970,44,17471.0,Saudi Arabia,2,55,7,2,0
16771498,45,25050.3,Saudi Arabia,1,179,7,3,0
12076845,47,73354.8,Canada,0,184,6,1,0
9957552,40,87079.8,Spain,2,199,7,5,0
6146333,48,36993.9,Canada,1,79,6,6,0
11154575,48,55216.0,India,0,56,7,5,0
6043594,32,69972.8,Spain,1,388,7,2,0
7603353,49,100346.0,Australia,0,238,9,2,0
13316680,43,36376.4,Mexico,2,128,6,1,0
12755645,36,80091.6,Canada,0,112,7,2,0
5717702,29,1730.0,Germany,2,45,8,1,0
1072501,43,8879.2,India,1,66,7,1,0
12351897,20,1730.0,Spain,2,45,6,1,0
6923893,29,1730.0,Spain,1,13,8,2,0
16651524,28,64915.4,Spain,0,50,6,2,0
2657007,37,6490.2,Canada,1,107,8,2,0
6377453,34,3693.3,Spain,1,321,6,4,0
12659357,54,74201.4,Canada,0,430,7,4,0
15562247,38,37866.3,Spain,2,154,8,2,0
13841752,74,36462.7,Canada,1,355,8,8,0
6338024,52,51518.6,India,1,61,7,1,0
9202967,28,2014.1,Saudi Arabia,1,27,7,1,0
5104510,57,5185.4,India,1,167,7,3,0
11346707,32,60739.3,Saudi Arabia,2,383,6,8,0
9380300,32,5694.6,Spain,2,41,8,2,0
15621396,47,14249.4,Canada,1,207,8,6,0
236933,47,23306.0,Australia,0,217,8,3,0
3397460,68,37407.0,Germany,1,52,7,5,0
12452606,33,48264.6,Saudi Arabia,2,47,8,1,0
15749725,51,32149.8,Spain,1,207,7,0,0
9681399,28,71838.0,Canada,1,291,6,2,0
15896621,49,49251.2,India,1,258,6,3,0
6565826,40,83199.7,Spain,1,142,6,2,0
5054827,45,1730.0,Spain,2,35,8,4,0
11266505,29,67956.4,Canada,2,30,7,4,0
5495239,38,23809.7,USA,0,262,7,2,0
3503593,59,33679.0,Canada,2,206,6,2,0
11177158,37,28473.4,Spain,1,290,7,2,0
1539782,30,29825.2,Saudi Arabia,1,52,6,0,0
13256704,24,25723.0,Canada,1,90,6,11,0
7869921,48,62283.2,Spain,1,81,6,9,0
15292950,41,71235.3,Spain,1,200,6,3,0
9517345,18,59549.4,Mexico,1,19,7,2,0
16738498,43,1730.0,India,1,201,7,7,0
3021124,57,18810.4,Spain,1,38,8,2,0
16437244,26,1730.0,Spain,2,103,7,2,0
3832846,59,62055.1,Canada,0,16,8,1,0
1239240,53,68077.3,USA,1,414,8,2,0
16316931,40,30722.6,Canada,2,56,8,5,0
10884983,60,80837.4,Saudi Arabia,2,333,8,7,0
8225583,25,29066.2,Canada,2,222,7,1,0
8009187,45,79127.1,India,1,344,8,2,0
3341676,40,1730.0,Germany,2,64,7,3,0
2380096,41,50333.8,Spain,1,205,8,6,0
7766905,61,62005.6,Germany,1,110,7,3,0
15232767,43,66604.5,Saudi Arabia,1,164,8,3,0
15478630,62,30682.8,Australia,0,345,6,5,0
16318251,33,14551.7,Spain,2,40,6,3,0
12842470,59,86187.7,Spain,1,387,7,2,0
2945116,71,19748.9,Saudi Arabia,1,83,7,3,0
3458039,53,38031.7,Spain,1,102,7,2,0
13679172,29,81325.7,USA,0,156,8,5,0
3826667,60,58189.4,USA,1,19,6,4,0
16150981,48,20870.4,Canada,2,277,9,1,0
15607929,28,1730.0,USA,2,0,8,1,0
13621162,40,1730.0,Canada,1,41,7,1,0
11803343,53,1730.0,Saudi Arabia,2,46,7,1,0
12006103,36,45453.3,USA,1,63,7,2,0
3538854,31,64279.6,India,1,197,8,3,0
11772719,37,74340.2,Spain,1,218,8,6,0
16734643,49,80868.8,Spain,1,126,6,7,0
147777,46,1730.0,Spain,2,4,8,2,0
3396818,35,1730.0,Spain,1,9,8,0,0
14244110,34,58014.6,Saudi Arabia,1,213,6,6,0
13160413,34,6241.6,India,0,117,8,1,0
13870639,43,77381.9,Spain,0,396,7,2,0
8636228,43,39844.4,Saudi Arabia,1,116,7,6,0
6869096,39,30505.8,Saudi Arabia,1,63,8,4,0
1451196,36,36279.9,Saudi Arabia,2,18,8,1,0
16718857,43,33783.3,USA,1,122,7,2,0
9333629,33,76132.6,Canada,0,239,7,4,0
12728321,33,17255.0,Saudi Arabia,1,47,8,0,0
8831953,57,52038.8,Saudi Arabia,2,55,8,5,0
3775259,30,24214.0,Saudi Arabia,1,28,6,1,0
9097966,39,24579.4,Canada,1,58,8,3,0
14735129,53,95735.9,Canada,0,403,8,2,0
10205578,29,1730.0,Spain,1,39,6,2,0
11540144,30,1730.0,Saudi Arabia,2,49,6,6,0
16202459,18,53535.2,USA,1,234,6,2,0
7516779,56,35356.4,Canada,1,279,6,4,0
11872059,40,19536.8,Spain,0,158,6,2,0
71686,29,3607.2,USA,1,57,8,2,0
14250250,29,68448.7,Spain,1,232,8,2,0
3988173,50,1730.0,USA,1,0,6,1,0
14058294,63,83884.4,India,1,74,8,2,0
4300058,24,70256.7,Germany,2,85,7,1,0
406409,41,87309.9,Canada,0,87,7,2,0
9975842,64,96297.9,USA,1,224,8,1,0
12983450,43,66748.3,Spain,1,86,7,1,0
7007821,24,5348.6,Australia,1,31,6,4,0
13538342,50,59609.8,Spain,2,92,8,12,0
15874536,40,43780.7,Germany,2,277,8,5,0
3078742,51,96484.9,Saudi Arabia,0,387,6,3,0
8121092,39,39899.4,Saudi Arabia,1,57,7,1,0
4865759,62,32998.3,USA,2,103,8,1,0
2330198,38,1730.0,Spain,1,17,6,2,0
3315414,40,45135.7,Canada,1,43,8,3,0
10101592,39,74397.5,Saudi Arabia,1,42,6,1,0
11118919,51,18914.0,Canada,2,315,6,2,0
11734132,21,1730.0,Saudi Arabia,0,30,8,2,0
16630935,50,1730.0,USA,1,34,7,1,0
3107514,27,1730.0,Canada,1,10,7,0,0
8406548,43,1730.0,Canada,2,46,7,0,0
3073757,45,49553.7,Saudi Arabia,1,62,8,2,0
13181035,52,39802.2,Saudi Arabia,1,325,8,3,0
14600326,43,6549.5,Germany,2,40,7,3,0
14106318,30,30231.7,Saudi Arabia,1,77,7,4,0
15191058,36,12793.6,India,2,6,8,2,0
11320527,39,1730.0,India,1,10,8,12,0
9358163,41,51138.3,Canada,1,326,8,1,0
12415302,34,53693.2,Canada,2,437,7,2,0
6197471,62,35350.1,Spain,1,307,7,0,0
2611976,60,40573.9,Saudi Arabia,1,187,7,7,0
15573348,32,20754.5,Australia,2,18,8,8,0
1528451,31,7251.1,India,2,108,7,2,0
7305176,28,1730.0,Spain,1,95,8,3,0
15387218,28,1730.0,India,2,27,7,1,0
2784213,39,1730.0,Spain,1,211,7,2,0
9532336,31,36778.4,Germany,1,41,6,2,0
4997126,41,15607.6,Spain,1,140,7,2,0
1776621,63,1730.0,Spain,1,51,7,2,0
4316695,18,1730.0,Saudi Arabia,1,28,7,0,0
7311786,51,43574.1,Mexico,2,150,8,2,0
2661352,56,47964.3,Australia,1,327,6,6,0
9409507,50,1730.0,Spain,1,29,7,2,0
12550191,22,27275.6,Saudi Arabia,1,0,7,5,0
13869294,35,22942.4,Saudi Arabia,1,72,6,2,0
3649288,22,35623.2,Canada,2,51,7,3,0
2189969,36,26402.9,Canada,1,15,6,3,0
16642562,44,6546.0,Canada,1,209,7,1,0
672960,40,35747.2,Spain,1,39,8,3,0
3511029,29,1730.0,Spain,1,51,8,2,0
13009234,29,1730.0,Spain,2,0,8,2,0
8144085,51,31997.1,Spain,1,43,8,2,0
6996954,45,38805.2,Saudi Arabia,2,255,6,5,0
13243920,38,15356.1,Spain,1,18,8,1,0
3712834,26,18284.5,Spain,2,240,6,5,0
13691481,40,1730.0,Saudi Arabia,2,0,8,1,0
6544505,48,1730.0,Saudi Arabia,1,130,6,2,0
9845641,37,21155.9,USA,1,111,7,1,0
7309208,46,1730.0,USA,1,1,8,2,0
4004638,25,13716.7,Saudi Arabia,2,56,7,4,0
11379480,40,7232.3,USA,2,347,6,1,0
14940749,36,26314.6,Spain,2,47,8,1,0
70279,58,68717.7,Spain,1,217,7,2,0
4950635,24,44201.9,Saudi Arabia,0,66,8,4,0
10532083,50,18603.3,Australia,1,171,7,5,0
14592205,44,28561.3,Canada,2,111,6,2,0
11088835,33,8455.9,Spain,0,75,8,1,0
8488410,38,66094.6,Saudi Arabia,1,292,8,3,0
16096468,20,29930.6,Spain,2,96,7,1,0
7516306,46,49559.7,Australia,1,109,7,4,0
15339450,61,1730.0,Spain,1,67,7,1,0
2877676,27,38984.8,Germany,0,229,7,2,0
8727094,18,40217.5,Canada,1,109,8,2,0
1728746,44,66953.9,Canada,1,433,8,2,0
9892409,71,39291.7,Canada,1,4,8,3,0
12986498,29,74262.4,Spain,1,94,8,2,0
7664092,35,112590.3,India,1,155,7,10,0
9147380,46,1730.0,Spain,2,54,8,1,0
7523804,45,57147.6,Saudi Arabia,1,28,7,4,0
15458700,35,4618.0,Spain,1,79,8,1,0
2512486,52,1730.0,Spain,1,25,7,2,0
7013495,23,58654.6,Spain,2,47,8,1,0
4734976,41,42673.0,Spain,1,240,6,2,0
7623019,35,15316.2,Saudi Arabia,1,115,7,3,0
14018480,33,98059.2,Australia,0,328,6,5,0
12167943,43,83099.0,Spain,1,70,8,0,0
1337715,45,56062.7,Saudi Arabia,1,97,7,4,0
10843166,50,4491.4,Saudi Arabia,2,8,8,2,0
4732688,53,40958.3,Saudi Arabia,1,259,8,6,0
10691544,39,46474.9,Canada,1,166,8,1,0
5615443,31,101853.5,Canada,1,432,7,3,0
16406920,31,1730.0,India,1,237,8,3,0
9015492,28,2036.4,Spain,2,249,7,1,0
13196959,30,1730.0,Saudi Arabia,1,32,8,0,0
4475382,24,67428.8,Spain,2,3,7,3,0
428454,50,81060.5,Australia,1,330,6,4,0
12298722,35,14803.3,Spain,1,201,7,1,0
2953844,32,31158.2,Spain,1,213,7,2,0
15976731,38,37482.3,Spain,1,14,6,2,0
6326454,41,64251.5,Canada,1,33,8,1,0
3883513,43,5471.3,India,1,37,7,2,0
4377268,41,2957.0,Spain,1,33,7,1,0
1011568,39,90645.7,Germany,1,361,7,6,0
6875206,34,54745.4,Saudi Arabia,1,50,8,3,0
16584649,40,1730.0,Canada,1,33,8,4,0
12307058,35,40362.6,Spain,1,401,8,2,0
785660,24,32066.9,Saudi Arabia,1,184,6,6,0
11856461,32,10677.8,Canada,2,154,8,0,0
2856937,32,1730.0,Spain,1,131,6,1,0
16462458,63,13193.3,Saudi Arabia,2,388,7,2,0
13394044,41,1730.0,Canada,2,8,7,4,0
663518,45,1730.0,Australia,1,75,8,7,0
7119015,50,1730.0,Spain,1,62,7,1,0
6135638,42,100920.1,Spain,1,133,6,2,0
2323958,34,1730.0,Mexico,1,72,7,1,0
7761687,42,7937.9,Canada,1,64,8,8,0
8633537,49,67202.2,Spain,1,100,8,2,0
3141217,35,20482.5,Canada,1,44,7,1,0
835195,55,56449.0,Australia,2,218,6,2,0
13731952,47,96183.3,Saudi Arabia,1,57,6,6,0
8214284,48,1730.0,Saudi Arabia,2,62,6,2,0
8569821,52,38245.2,Canada,1,291,8,8,0
6027479,61,45135.7,USA,2,386,6,2,0
5671098,36,40242.9,Spain,1,39,9,5,0
829680,43,1730.0,Canada,1,16,8,1,0
13139879,47,13710.8,Canada,2,159,7,4,0
4861372,18,2304.2,Mexico,1,28,7,1,0
10880165,65,68774.1,Saudi Arabia,1,164,6,3,0
10593322,41,20040.5,Spain,1,106,8,2,0
12040653,23,55859.6,Saudi Arabia,1,221,8,7,0
2849430,50,20677.6,Australia,2,254,7,3,0
684954,43,55416.0,USA,1,129,7,8,0
9273363,44,1730.0,Spain,1,63,7,1,0
15298595,34,52773.0,India,1,120,8,6,0
7427370,31,11518.0,Canada,1,62,6,0,0
5027900,21,1730.0,Spain,1,0,8,2,0
12447276,38,1730.0,Saudi Arabia,1,27,8,1,0
2425240,49,57947.8,Germany,2,154,7,4,0
16528248,36,61935.6,Spain,0,164,8,6,0
6729761,46,1730.0,Mexico,2,85,7,3,0
11049368,22,1730.0,Mexico,1,22,7,1,0
5647529,46,30148.0,Spain,2,50,7,2,0
5639668,34,1730.0,Spain,1,31,7,1,0
15549515,34,18507.4,Spain,1,52,8,11,0
15353197,44,33687.8,Saudi Arabia,1,265,8,3,0
15352080,34,45479.0,Germany,1,251,7,3,0
13147171,60,4050.5,Spain,1,90,7,3,0
10783538,27,27176.6,Spain,1,60,6,2,0
9025219,39,1730.0,Australia,1,11,8,2,0
2339913,30,12444.3,Germany,2,69,8,3,0
14626786,54,1730.0,Canada,1,80,7,1,0
12082418,48,17602.1,Spain,2,52,7,2,0
2522554,32,50178.2,Spain,2,153,6,4,0
1726125,30,1730.0,USA,0,47,7,4,0
10608814,74,20493.4,Saudi Arabia,1,19,8,2,0
12342585,27,8346.1,Spain,2,63,8,2,0
8135674,37,17304.2,Spain,2,186,8,2,0
12459251,49,4128.2,Canada,0,66,6,3,0
4287270,42,1730.0,Spain,1,57,8,1,0
15433961,33,23454.8,Spain,0,159,8,7,0
1958171,34,4635.9,Spain,2,95,7,2,0
1705404,60,91184.1,USA,0,164,8,7,0
2490514,24,58722.1,Spain,2,372,7,4,0
6105381,42,1730.0,Saudi Arabia,2,60,8,2,0
975134,30,45981.2,Canada,2,86,8,2,0
9644095,51,36343.0,Spain,2,95,6,2,0
1019764,29,18302.0,Spain,2,56,7,2,0
2461134,41,30445.7,Spain,1,121,8,2,0
10374598,19,9159.1,Spain,2,251,6,13,0
9451438,52,1730.0,Spain,1,90,7,1,0
5907495,26,21208.0,Spain,2,61,6,5,0
14511989,48,34206.1,Australia,2,85,8,2,0
4628879,35,4473.8,Spain,1,44,6,5,0
3193433,42,43298.5,Australia,2,13,8,3,0
4841943,34,13332.2,Spain,1,8,7,1,0
3516128,63,60947.7,Spain,2,50,8,0,0
9324200,19,54248.0,Spain,1,66,7,6,0
13309741,34,46477.3,Canada,1,273,8,6,0
16730306,34,40854.5,Canada,2,124,6,5,0
12731341,34,42617.9,Saudi Arabia,1,28,8,6,0
2989607,40,57134.9,Saudi Arabia,1,312,8,6,0
12003371,24,2365.8,Canada,1,135,7,1,0
8553888,30,15624.1,Canada,1,45,8,1,0
8976086,62,24723.0,Canada,2,105,8,3,0
11484626,53,50376.5,Spain,1,201,8,4,0
3090955,28,8461.0,USA,2,9,8,2,0
13698176,34,59823.1,Saudi Arabia,1,68,8,2,0
11324069,43,70800.4,Spain,2,35,6,2,0
12643573,45,19452.9,Canada,1,101,7,4,0
13854078,46,1730.0,Spain,1,55,7,2,0
16370430,53,109285.4,Saudi Arabia,0,428,6,5,0
1249769,61,62241.6,Spain,2,251,7,2,0
11366466,44,60235.8,Canada,2,338,7,3,0
10979536,27,86483.9,Saudi Arabia,0,74,6,9,0
14244645,53,5418.7,Australia,2,92,7,4,0
14032577,43,33957.1,Saudi Arabia,1,228,8,3,0
7762825,32,1730.0,Germany,1,52,6,4,0
9554241,43,11086.5,Canada,2,6,7,0,0
11111818,53,18565.4,Spain,1,38,6,2,0
2669351,29,44591.0,USA,2,68,8,2,0
11033519,30,71462.1,Saudi Arabia,1,232,8,6,0
6337695,28,1730.0,USA,2,20,8,0,0
8021663,60,1730.0,Canada,1,47,8,1,0
3185734,49,10209.8,Germany,1,99,8,2,0
13765666,26,9024.0,Spain,2,108,7,0,0
5790273,35,49886.6,Canada,0,46,8,3,0
6572634,38,41082.1,Spain,2,61,8,1,0
4390698,32,37811.4,Saudi Arabia,1,32,8,2,0
2041104,34,10173.7,USA,1,19,7,4,0
8310307,50,82911.3,Australia,0,270,8,4,0
12327372,32,51953.1,Germany,0,199,8,9,0
4302528,35,23531.0,Spain,1,141,7,3,0
4515756,38,3838.8,Canada,2,55,8,2,0
6453208,45,104606.3,India,1,418,7,6,0
543025,54,38690.0,Spain,1,82,6,2,0
9765263,36,24193.6,Germany,1,361,7,4,0
342266,40,1730.0,India,1,30,6,1,0
5889579,49,26106.1,Spain,1,185,7,2,0
11055341,43,55984.2,Canada,0,98,7,8,0
3041866,36,1730.0,Spain,2,38,7,0,0
15013936,33,1730.0,Germany,1,56,7,2,0
3505603,27,1730.0,Spain,1,66,8,0,0
10682327,41,29263.3,USA,2,57,8,4,0
8241867,33,62803.7,Spain,0,196,8,9,0
13527112,42,27744.3,Saudi Arabia,2,34,7,2,0
16252487,38,1730.0,Canada,1,88,7,2,0
7348704,30,36455.7,India,0,141,8,1,0
16377093,53,60428.8,Canada,0,176,7,4,0
3724859,38,22155.8,Germany,1,131,8,12,0
6243844,43,63425.2,Saudi Arabia,1,347,7,2,0
13873817,34,11934.0,Canada,1,207,8,4,0
7143764,42,30491.3,Germany,0,349,6,5,0
7278101,48,1730.0,Canada,2,64,7,0,0
9511500,43,55246.7,Germany,1,277,8,13,0
14384942,57,33418.6,Spain,2,157,6,2,0
7676913,42,1730.0,USA,1,52,7,2,0
8509320,49,1730.0,Canada,1,24,7,4,0
12065175,44,15258.2,Spain,2,99,7,1,0
250048,36,1730.0,Saudi Arabia,2,9,8,6,0
15852024,38,35538.0,Canada,1,51,8,1,0
10891032,37,13962.4,Spain,0,28,6,3,0
553282,47,87729.1,Australia,0,370,7,13,0
4706519,28,1730.0,India,1,90,6,11,0
10366793,40,94759.6,Spain,2,195,6,13,0
4512285,26,39201.6,USA,2,316,8,4,0
5168307,66,69701.1,Spain,1,217,7,3,0
16517339,38,19722.4,Canada,1,42,6,1,0
7792519,46,29289.9,Australia,2,51,6,2,0
4700969,42,76400.1,Germany,1,67,8,11,0
11343164,33,23579.5,Spain,2,74,8,3,0
5272424,32,68448.6,India,2,123,7,2,0
9896405,33,8034.1,Spain,1,33,8,4,0
9371253,30,34413.0,Saudi Arabia,1,52,8,1,0
11532796,41,1730.0,Canada,1,63,7,7,0
14899483,38,104797.9,Canada,2,423,6,2,0
14953497,51,48032.9,Canada,1,52,7,1,0
12182717,40,23387.0,Saudi Arabia,1,310,8,3,0
14965479,48,2714.0,Saudi Arabia,1,47,6,4,0
1746430,24,67142.5,Spain,2,231,8,3,0
8252384,69,12257.7,Canada,1,73,8,14,0
12024352,28,44196.5,Spain,1,83,6,0,0
580303,41,6777.8,Canada,1,51,8,3,0
817112,33,37224.2,Australia,1,71,8,2,0
1637339,50,21821.2,Spain,1,1,8,1,0
7833672,30,29377.9,Saudi Arabia,1,231,8,5,0
13273445,27,38149.5,Australia,2,134,8,6,0
8020716,25,1730.0,Spain,1,38,7,2,0
15871890,30,55371.9,USA,2,111,8,4,0
13217354,43,49214.4,Spain,0,441,7,1,0
1157772,28,1730.0,India,2,5,7,2,0
5898934,36,1730.0,Spain,1,46,6,1,0
14347129,65,1730.0,USA,1,161,7,2,0
16566351,58,1730.0,Canada,2,53,8,3,0
8341845,56,51025.3,Australia,2,107,7,2,0
1559859,55,27248.3,Saudi Arabia,1,37,6,3,0
16191295,22,1730.0,Canada,2,58,8,2,0
7694883,30,84374.6,Canada,2,122,8,5,0
7167242,45,11087.4,Saudi Arabia,2,234,8,2,0
1094913,40,14426.6,Spain,1,171,7,2,0
10798750,36,5784.2,Canada,1,18,7,3,0
9113615,38,24637.2,Germany,1,335,7,1,0
9785809,24,8699.1,Australia,2,33,7,1,0
14105062,54,32690.8,Canada,2,148,8,13,0
16340698,37,91111.0,Australia,0,327,6,5,0
1112728,56,1730.0,Canada,2,83,6,2,0
13107515,35,12888.7,Spain,1,50,6,2,0
13708365,33,1730.0,Saudi Arabia,2,29,8,2,0
6307516,33,19401.6,Canada,1,57,8,2,0
5264718,31,31647.5,Spain,1,33,8,4,0
8898415,18,66011.5,Australia,1,41,7,2,0
1422214,23,1730.0,Canada,2,7,7,2,0
11432559,30,1730.0,Mexico,1,55,8,3,0
9950378,50,5781.6,Saudi Arabia,2,0,6,0,0
15838914,36,18310.4,Canada,1,164,6,6,0
6212500,42,67250.5,Canada,1,406,7,6,0
5506484,57,48307.3,Canada,2,53,8,5,0
8432095,42,6670.3,Australia,1,35,7,2,0
12148242,35,2186.6,Spain,1,53,7,1,0
16545596,42,3063.3,Canada,1,32,7,1,0
4416758,35,33703.1,Spain,1,217,8,3,0
16265662,23,21498.1,Canada,2,67,7,4,0
5650862,18,107770.5,Spain,1,138,8,1,0
4522344,43,4383.2,Saudi Arabia,1,0,7,1,0
12495892,37,29904.7,Spain,2,49,7,0,0
10529068,34,25435.7,Canada,1,11,8,4,0
4741699,32,29942.5,Spain,1,63,8,5,0
13710290,47,106132.9,Saudi Arabia,1,220,7,6,0
14355069,18,3694.0,Canada,1,13,8,7,0
13900134,53,23863.1,Mexico,0,52,6,9,0
11582240,31,44651.6,Spain,0,136,7,3,0
15950430,44,72045.2,Mexico,1,100,6,2,0
15227775,40,4522.8,Saudi Arabia,1,47,7,11,0
1977667,34,24095.7,Spain,1,386,7,3,0
5172386,35,75930.2,Canada,0,124,6,2,0
2278202,62,31956.0,Canada,0,419,8,11,0
16627089,22,1730.0,Canada,1,102,8,3,0
6169103,39,40837.4,Saudi Arabia,0,287,7,3,0
3821271,47,1730.0,Germany,2,162,6,1,0
15158382,35,10453.6,Saudi Arabia,2,79,8,2,0
8981509,60,50575.9,India,1,51,7,1,0
9373782,64,23036.1,USA,1,44,7,1,0
5723292,43,52912.3,Canada,2,59,7,3,0
16735701,41,3999.3,Saudi Arabia,0,41,6,5,0
2046825,33,81858.3,USA,1,54,8,7,0
12465682,30,14197.5,Spain,0,23,8,6,0
10508054,60,78426.6,Saudi Arabia,1,143,8,9,0
15650687,39,93344.6,USA,1,168,8,3,0
11981585,43,52084.2,Spain,2,350,8,2,0
1632784,30,45340.1,Saudi Arabia,1,50,8,1,0
12283408,53,29861.1,Spain,1,344,7,10,0
4371456,38,4193.0,Saudi Arabia,2,38,7,2,0
4037884,36,57921.9,Canada,1,112,6,1,0
11735290,47,32045.6,Saudi Arabia,2,170,7,2,0
4283183,33,12230.8,Spain,1,294,7,6,0
4937950,39,9304.3,Canada,2,162,8,1,0
3098277,39,39687.2,Spain,1,74,6,0,0
10421211,50,56348.5,Australia,1,129,6,7,0
8230998,34,47538.1,Canada,2,280,7,1,0
16465300,41,6090.4,Spain,2,98,7,3,0
6620326,32,86507.7,Saudi Arabia,0,67,8,3,0
10898065,37,27642.5,Spain,2,249,8,11,0
13237664,51,1730.0,Spain,1,32,7,1,0
13204208,43,1730.0,Spain,2,70,8,1,0
12763807,32,42001.3,Spain,0,74,8,3,0
9639408,28,62426.7,USA,1,145,8,4,0
9342165,31,8251.1,India,2,39,7,2,0
13899945,23,38883.7,Spain,2,102,8,2,0
11135833,54,38090.4,USA,2,58,8,6,0
185918,53,47750.3,Saudi Arabia,1,47,7,1,0
13242295,40,15474.9,Mexico,0,328,6,4,0
6572528,31,17873.0,Spain,2,40,8,3,0
438827,28,57121.7,Australia,0,338,8,2,0
4367747,23,34294.3,Canada,1,58,8,11,0
15064227,34,14439.3,Canada,2,56,8,2,0
3167026,37,1730.0,Australia,1,39,8,0,0
11408547,34,54557.0,USA,2,130,7,5,0
5466490,39,105515.2,Spain,1,354,7,8,0
15797651,51,17964.5,Spain,0,358,8,13,0
10225405,62,1730.0,India,1,325,8,3,0
10799271,49,45162.1,Canada,1,126,8,8,0
6135293,21,1730.0,Spain,2,27,7,2,0
8856241,58,48981.9,India,1,396,7,2,0
12343691,43,1796.5,USA,1,63,7,1,0
6684526,30,1730.0,Canada,1,77,6,1,0
4367427,50,94859.5,Germany,1,245,8,5,0
9726633,18,1730.0,Canada,2,49,6,7,0
1483632,27,79229.5,Mexico,2,304,8,4,0
11727755,29,9317.8,Spain,2,72,7,3,0
129788,61,47961.4,Spain,0,343,7,7,0
12944989,43,50098.7,Spain,1,57,8,1,0
13195846,53,5430.6,Spain,1,392,7,2,0
14960810,53,27119.6,USA,1,289,8,6,0
4712375,31,8901.6,Australia,1,47,8,1,0
3100748,43,45188.2,Spain,1,92,7,2,0
10895950,28,29607.1,Spain,1,274,6,2,0
13223314,30,36721.2,Australia,2,6,6,1,0
14137864,18,71437.0,Germany,1,113,9,3,0
16751216,26,14704.5,Germany,1,12,7,3,0
15696797,52,1730.0,Australia,2,54,6,2,0
2308655,63,67263.0,Australia,2,17,6,2,0
13407994,35,21291.4,Germany,1,82,8,5,0
15869519,31,57550.8,Australia,1,184,7,4,0
7512796,40,1730.0,India,1,0,8,2,0
15145883,56,11842.6,Canada,1,192,6,7,0
10242206,50,1777.2,Spain,0,15,8,1,0
15658475,36,22897.6,Spain,1,117,7,1,0
13615804,30,63442.3,USA,1,246,8,2,0
13609345,28,1730.0,Spain,1,45,8,0,0
7373639,31,10585.7,Spain,2,79,6,2,0
350041,44,1730.0,Spain,1,185,6,3,0
9181964,18,40195.7,India,1,8,8,2,0
5718418,19,31555.5,Spain,2,119,7,13,0
6898355,33,28684.7,Spain,2,268,6,2,0
8080088,44,22016.9,Australia,1,103,8,10,0
6066592,54,93792.2,Spain,1,90,7,6,0
11608902,63,81285.7,Australia,1,430,6,8,0
6620193,48,3642.1,Canada,1,331,8,2,0
1485850,37,1730.0,Spain,2,112,7,2,0
5070278,63,69691.7,Saudi Arabia,1,178,6,2,0
8846844,50,31889.0,Spain,1,147,6,2,0
5376143,38,6575.2,Saudi Arabia,1,5,7,2,0
7562160,33,44438.4,Australia,1,391,8,7,0
15101144,44,32882.8,Canada,2,66,8,4,0
899382,68,3237.7,Canada,1,60,6,0,0
16416653,44,45872.4,USA,0,424,6,13,0
14556069,35,1730.0,Germany,2,17,6,2,0
1494758,22,103279.9,Australia,1,382,8,13,0
4464776,61,10601.5,Spain,2,56,7,3,0
11818760,47,1730.0,Canada,2,39,8,1,0
12738348,37,78032.0,Saudi Arabia,1,213,8,2,0
4852947,45,11316.4,Canada,1,8,7,2,0
13587841,27,40913.2,Canada,2,25,7,2,0
13247141,67,19874.5,Germany,1,77,7,1,0
16476002,57,50819.6,India,2,63,7,0,0
8566998,27,31100.1,Australia,1,52,6,2,0
9248033,35,1730.0,Spain,1,70,8,4,0
732108,44,26761.3,Spain,1,130,7,2,0
5344025,42,16732.1,Saudi Arabia,1,40,6,2,0
14548625,32,15333.7,USA,0,111,7,1,0
6888276,43,23946.0,Spain,0,406,7,2,0
14274357,38,39751.4,Saudi Arabia,1,89,7,2,0
15571064,27,47723.5,Saudi Arabia,2,115,9,4,0
1329661,29,27415.9,India,1,219,6,3,0
4371751,32,27590.4,Saudi Arabia,2,255,6,3,0
6522186,32,19724.4,Saudi Arabia,1,184,7,3,0
16396084,36,1730.0,Canada,1,1,7,0,0
5015644,18,44306.8,Germany,2,117,8,3,0
16341429,46,3994.2,Germany,2,42,8,2,0
9707861,48,1730.0,Germany,1,24,7,1,0
3438943,30,1730.0,Spain,1,46,7,2,0
3029512,30,1730.0,USA,1,40,8,2,0
12557340,61,92019.5,Spain,1,385,7,9,0
1272648,49,78355.5,Saudi Arabia,0,310,6,3,0
1374347,37,51011.1,Germany,1,82,8,0,0
3916301,27,84270.2,Canada,2,126,8,4,0
1865738,42,5316.1,Saudi Arabia,1,43,7,0,0
6097701,38,50210.8,Canada,1,50,8,5,0
9344627,46,41711.2,Canada,2,255,8,4,0
11611026,61,9339.1,Saudi Arabia,1,19,8,2,0
13597318,22,16152.9,Canada,1,36,8,2,0
7337218,43,1730.0,Spain,1,129,8,3,0
381243,36,1730.0,Germany,1,124,7,2,0
13969999,31,33331.6,Saudi Arabia,1,101,8,8,0
6947137,45,29233.6,Spain,2,424,7,1,0
2825361,29,18525.5,Spain,1,42,7,1,0
1002293,41,104373.6,Spain,0,397,8,4,0
13198389,46,55007.3,Canada,2,107,7,1,0
7146375,42,27124.5,Canada,2,189,8,4,0
8200134,36,58583.6,Canada,1,179,6,9,0
13181525,18,20087.4,Spain,2,53,6,0,0
847154,55,24699.7,USA,1,35,8,2,0
5122728,39,101230.1,Saudi Arabia,2,403,8,2,0
7360205,33,65018.5,Canada,1,76,6,1,0
13451991,66,67446.2,Spain,1,119,6,5,0
15827670,44,25163.2,Australia,2,59,6,2,0
12196483,43,1730.0,India,2,9,8,2,0
10753150,19,13914.1,India,0,120,7,2,0
4457665,43,38487.3,Saudi Arabia,1,183,6,7,0
7596434,30,53643.6,India,1,236,6,1,0
9676899,50,16862.6,USA,2,53,7,1,0
2161114,43,54740.1,Germany,2,77,7,3,0
6422536,37,1730.0,Canada,2,39,6,2,0
1131376,50,91709.0,Spain,1,283,9,4,0
10149485,31,8227.7,Australia,2,108,7,2,0
12052903,34,1730.0,Spain,1,168,7,2,0
8327805,20,3011.9,Spain,1,42,6,0,0
8814640,61,1730.0,Canada,1,110,8,2,0
7042848,31,21282.3,Saudi Arabia,1,39,8,3,0
7920514,18,26012.7,Saudi Arabia,1,60,7,3,0
11712131,20,1730.0,Spain,1,26,8,1,0
345613,28,44367.2,Canada,1,25,8,6,0
518166,31,37573.2,Canada,0,23,6,5,0
11487086,33,5720.9,Canada,1,41,8,5,0
6861191,27,13914.8,Spain,1,40,8,2,0
2355935,33,15915.7,Germany,1,76,8,6,0
14371885,41,5548.9,Mexico,2,48,8,0,0
14917201,38,20561.3,Spain,1,67,8,2,0
4663190,35,28621.5,Spain,0,275,8,4,0
1945205,27,60077.4,Saudi Arabia,0,206,8,7,0
3064975,38,32117.0,Canada,1,88,8,2,0
12000180,34,1730.0,Spain,1,6,8,0,0
3598527,30,39087.4,Saudi Arabia,2,41,8,2,0
1031080,42,41301.6,USA,2,333,6,2,0
8950010,36,1730.0,Spain,2,65,7,2,0
5905493,49,25481.0,Saudi Arabia,1,74,6,2,0
13366033,65,52484.7,Australia,1,418,7,2,0
9483369,31,1730.0,Spain,1,84,7,9,0
6641395,43,91072.4,USA,1,427,7,6,0
11511170,25,1730.0,Mexico,1,82,7,1,0
14576803,61,37157.2,Saudi Arabia,1,6,6,1,0
4713371,59,39077.4,Spain,1,103,8,6,0
7632381,43,1730.0,USA,1,50,7,12,0
5803294,33,55323.2,Canada,0,433,8,4,0
7172655,55,70853.4,Canada,1,282,6,4,0
9452408,42,44486.4,Canada,1,337,7,5,0
14696407,19,4941.6,Saudi Arabia,1,54,8,2,0
15942230,47,63359.8,USA,1,120,7,6,0
15550646,35,4671.1,Spain,0,46,6,2,0
10802379,33,46697.5,USA,1,20,8,3,0
11596711,47,5283.6,Canada,2,36,8,2,0
8830708,41,24792.7,USA,1,90,7,1,0
15361382,44,2932.0,Spain,2,57,6,1,0
3075368,32,1730.0,Spain,1,19,7,1,0
2144927,33,36264.8,Canada,1,117,7,1,0
8513520,41,3983.3,Germany,1,107,6,1,0
1349307,33,16542.2,Saudi Arabia,2,101,7,0,0
12838210,26,38316.9,Spain,1,95,7,2,0
7227878,59,27034.4,USA,1,129,8,12,0
9548300,35,39265.3,Saudi Arabia,0,282,8,2,0
14041805,35,38050.3,Spain,1,98,9,0,0
12156583,53,4209.5,Canada,1,345,8,1,0
15281534,71,67561.2,Spain,1,149,7,1,0
5640158,27,78222.9,India,2,225,8,4,0
11533992,61,1730.0,Germany,1,30,6,1,0
2421982,53,7788.4,Canada,1,350,7,4,0
9453481,40,1730.0,Canada,1,48,8,1,0
1042439,32,65568.1,India,1,297,8,4,0
8091926,18,6585.1,India,2,17,7,2,0
10199297,43,59073.6,Saudi Arabia,1,279,8,2,0
10175611,31,32204.1,Germany,1,49,7,3,0
2625789,46,74363.9,Germany,1,186,8,2,0
8761982,19,43146.1,Saudi Arabia,1,89,8,3,0
7422699,63,66434.1,Saudi Arabia,1,114,10,3,0
16478634,37,1730.0,Spain,1,32,7,3,0
14442484,37,8248.1,Canada,1,109,7,1,0
16191247,30,5292.6,Australia,1,257,7,4,0
7973147,38,1730.0,Saudi Arabia,2,6,7,1,0
6045183,30,21656.2,Saudi Arabia,0,87,7,3,0
10139596,48,13499.2,Canada,0,168,7,3,0
7899674,61,33651.3,Spain,1,343,7,3,0
11661674,23,29184.6,Canada,1,146,7,6,0
8136274,51,41864.0,Spain,1,172,6,3,0
78287,36,55469.6,Spain,1,219,8,1,0
11135917,43,1730.0,Saudi Arabia,2,0,6,2,0
6195817,48,1730.0,Spain,1,62,6,1,0
4800956,26,1730.0,Spain,1,25,7,1,0
13405706,46,1730.0,Canada,2,5,6,0,0
11988891,32,67048.7,Canada,0,323,7,5,0
12097351,57,15777.2,Saudi Arabia,2,20,8,3,0
12579254,31,13649.9,Saudi Arabia,1,49,7,2,0
15565578,26,34799.5,Spain,1,62,6,5,0
14127856,41,40249.1,Saudi Arabia,2,151,8,5,0
10188825,50,1730.0,Spain,2,38,8,5,0
2301593,31,17416.8,Australia,2,299,6,2,0
16323143,29,25406.3,Saudi Arabia,1,270,7,1,0
332280,47,8663.4,USA,2,125,8,4,0
7241253,40,73071.9,Spain,1,65,6,0,0
10089149,48,3443.5,Canada,1,45,8,1,0
8872999,41,46377.2,USA,2,97,7,4,0
8891190,56,31536.3,Spain,2,286,8,8,0
13895601,18,63824.5,Spain,1,69,7,6,0
4361403,46,48728.4,USA,1,292,8,4,0
10540801,38,1730.0,Spain,2,17,7,2,0
3421988,52,64927.8,Spain,2,89,8,3,0
8715557,55,19715.8,Saudi Arabia,1,126,7,0,0
2506696,32,11377.2,Spain,1,49,7,2,0
13240267,53,12094.8,Australia,1,59,8,0,0
13656984,24,7291.4,Spain,2,30,8,2,0
13983692,49,32270.2,Canada,1,413,7,3,0
13060531,44,56614.7,Canada,1,182,8,6,0
7632590,44,29030.5,Spain,2,90,7,2,0
14139884,30,33503.9,Spain,2,16,8,2,0
5570020,24,55930.0,Saudi Arabia,1,401,7,2,0
7415237,49,89496.2,Australia,1,260,6,6,0
7958860,46,1730.0,Spain,2,56,6,6,0
3306626,36,61660.2,Germany,0,349,8,1,0
14711460,41,8222.9,Spain,1,140,6,3,0
5482196,41,1730.0,USA,0,21,7,2,0
1823365,44,50191.8,Saudi Arabia,1,64,8,2,0
2369897,65,58958.2,Canada,0,416,8,6,0
1169467,47,1730.0,Canada,2,44,6,1,0
12931574,21,39280.8,Saudi Arabia,1,26,6,2,0
5171669,39,40263.9,Spain,1,42,8,2,0
14300582,38,7253.5,Germany,1,75,8,1,0
14042849,37,57050.4,Spain,0,277,7,2,0
12401114,51,20727.8,Australia,1,120,7,2,0
6439901,39,15762.8,India,2,51,6,4,0
219410,34,1730.0,Saudi Arabia,2,37,6,2,0
12731560,35,2451.7,Saudi Arabia,1,24,8,0,0
10791701,55,23478.2,Canada,2,232,6,2,0
4708398,18,18004.9,Saudi Arabia,2,73,6,1,0
2548571,18,35559.2,Spain,1,39,8,2,0
8187085,39,73293.3,Australia,0,322,8,3,0
13822926,29,28997.3,Spain,2,79,8,3,0
16086225,49,37627.5,India,2,63,8,1,0
5992141,38,1730.0,Spain,1,62,7,0,0
5669068,33,1730.0,Australia,1,90,7,1,0
12361050,41,1730.0,Spain,1,34,7,1,0
4931401,34,10611.9,Spain,2,44,8,8,0
15098841,30,25829.4,Canada,2,68,6,0,0
14828815,50,22588.8,Canada,0,214,8,9,0
16047972,50,34635.1,Spain,0,360,8,9,0
1161573,45,73319.6,USA,1,297,6,8,0
5007326,51,47487.0,Spain,1,175,7,3,0
662949,23,67000.3,Saudi Arabia,0,156,6,3,0
12752854,27,36764.5,USA,2,109,7,0,0
8558799,34,47397.4,Spain,1,367,7,8,0
15186191,44,1730.0,USA,1,12,6,1,0
7182644,49,1730.0,Saudi Arabia,2,85,8,1,0
11232340,65,35324.1,Australia,1,156,7,3,0
8276191,51,91452.8,Saudi Arabia,0,49,7,2,0
10454720,51,12652.2,Canada,2,10,6,3,0
548319,45,1730.0,Spain,2,47,8,0,0
10593184,48,24939.8,Germany,1,28,7,8,0
11084932,41,1730.0,Spain,2,33,8,2,0
11827698,33,17858.1,Saudi Arabia,1,44,6,2,0
7993015,52,72780.7,Saudi Arabia,1,115,8,12,0
11080681,21,13467.9,Spain,2,141,8,3,0
15114167,60,34544.7,Germany,0,360,8,7,0
13085785,37,86487.0,Spain,0,388,7,4,0
9300681,18,32308.9,Mexico,1,102,6,2,0
6861234,47,1730.0,Spain,1,25,8,3,0
11911458,43,12205.4,Spain,1,20,7,2,0
10220190,21,93129.1,Saudi Arabia,1,391,7,5,0
14570708,35,63023.2,Spain,1,48,9,2,0
6108687,46,91479.6,India,0,79,7,3,0
4201844,41,57544.9,Canada,2,239,6,3,0
3150235,36,1730.0,Saudi Arabia,2,9,7,0,0
8955172,40,24321.6,Saudi Arabia,2,342,8,2,0
3756171,40,26878.6,USA,1,63,8,1,0
10793243,32,21721.9,USA,1,69,8,8,0
2827137,39,1730.0,Canada,1,29,7,2,0
1774717,49,1730.0,Spain,1,59,6,1,0
10685401,55,101309.2,Canada,1,326,7,3,0
5894182,25,39897.6,Mexico,1,48,6,3,0
6237178,34,1730.0,Canada,2,0,8,1,0
15667324,37,59430.6,India,2,269,7,3,0
8780311,32,11465.2,Saudi Arabia,1,26,8,1,0
11512457,36,37600.9,Saudi Arabia,1,65,7,4,0
15487933,63,13607.7,Canada,1,360,8,2,0
2301979,75,3583.2,Spain,1,234,8,3,0
3719532,33,66742.5,Spain,1,198,7,9,0
13534628,29,22575.9,Germany,1,410,8,2,0
11075002,65,1730.0,Spain,2,37,8,1,0
7085162,39,39130.0,Saudi Arabia,1,187,7,4,0
12137333,55,45339.6,USA,1,61,8,3,0
5316216,27,23099.7,USA,1,183,8,5,0
7304227,49,4761.8,Germany,2,51,6,4,0
623622,42,1730.0,Spain,2,63,8,2,0
11051673,33,5594.9,Saudi Arabia,0,26,8,1,0
9199614,46,2650.0,Australia,1,42,8,1,0
1910623,61,57375.1,Spain,1,249,7,5,0
8726133,30,62111.7,Spain,0,194,8,3,0
4328903,27,7132.9,Spain,2,78,7,2,0
6703986,20,8739.8,Spain,1,81,8,1,0
13529953,58,18062.0,Australia,0,271,6,2,0
15098898,30,27453.0,USA,1,0,8,2,0
3867299,25,1730.0,Spain,2,18,8,2,0
2195118,40,59592.6,India,1,85,8,3,0
1380209,48,27868.8,Germany,2,257,7,4,0
9640198,30,13756.4,Spain,1,97,8,4,0
14854752,20,35326.2,Mexico,1,86,7,3,0
12281132,45,68954.2,India,0,352,6,12,0
4279017,59,38289.3,Australia,1,81,8,0,0
10458069,39,34793.8,USA,2,137,8,3,0
10855065,34,15176.5,Canada,2,63,8,4,0
8501581,21,35158.2,Spain,2,138,8,7,0
5356610,41,63239.5,Australia,1,396,7,9,0
11690961,49,56691.2,Spain,1,336,8,4,0
9818065,47,1730.0,Spain,1,23,8,1,0
3802080,53,1730.0,Australia,1,14,8,2,0
3648062,38,45048.2,Australia,2,393,8,6,0
188578,49,39385.2,Spain,2,87,8,9,0
1227505,47,87948.3,Spain,0,287,6,3,0
4256600,39,29856.8,Spain,2,36,6,1,0
16397468,45,3958.9,Canada,2,123,8,2,0
7493814,48,37635.1,Spain,2,238,6,3,0
113065,40,1730.0,Canada,1,75,7,1,0
4804309,71,73487.6,Spain,0,279,7,6,0
12358581,39,11037.5,Spain,1,421,7,1,0
13939514,43,1730.0,Germany,0,170,6,2,0
4324257,66,84654.1,Saudi Arabia,1,319,6,4,0
5982442,46,21785.2,India,2,52,7,3,0
8942917,29,49582.4,Spain,2,74,6,1,0
2950157,37,8459.8,Spain,2,69,7,7,0
6050167,35,14228.1,Germany,2,26,8,6,0
9745701,52,3066.1,Germany,2,70,8,1,0
504830,38,45625.7,Spain,1,88,7,2,0
12549723,41,1730.0,Spain,1,42,7,2,0
15259332,30,1730.0,Australia,1,35,6,0,0
10559304,44,7715.8,Spain,1,33,7,3,0
9169465,53,1730.0,Saudi Arabia,2,108,8,1,0
14069866,32,52637.8,Saudi Arabia,1,65,8,4,0
15227442,45,74140.2,Spain,0,405,8,6,0
9556748,46,1730.0,Spain,0,8,8,2,0
3966114,29,10465.8,Canada,2,38,6,0,0
6424631,51,3548.6,Spain,1,63,8,7,0
2982237,37,44515.1,Canada,0,167,8,3,0
3025607,39,4583.4,Germany,1,57,8,1,0
15531007,55,6823.9,Spain,2,51,8,1,0
13202961,31,28861.0,USA,2,5,8,3,0
7765985,60,4488.8,Mexico,1,65,7,1,0
15412106,36,10048.8,Canada,1,38,6,1,0
4371195,36,46516.5,India,2,129,8,9,0
2933263,59,10289.0,USA,2,38,8,1,0
6353507,43,83189.5,Germany,1,323,8,2,0
4662731,48,89944.7,Saudi Arabia,0,97,8,6,0
721581,31,37672.2,Canada,1,125,8,9,0
11752171,47,1730.0,Spain,1,56,8,3,0
392019,41,47703.4,USA,1,88,6,4,0
2905344,58,85551.4,Saudi Arabia,0,348,8,3,0
15469506,27,74295.6,Saudi Arabia,2,30,8,2,0
13436738,41,22796.5,Canada,1,84,7,2,0
16409965,52,1730.0,Canada,1,287,8,3,0
1469113,29,1730.0,Canada,1,20,8,1,0
2148441,37,20746.1,USA,2,77,7,2,0
14398459,42,44391.0,Australia,2,89,7,0,0
632211,49,1730.0,Germany,1,65,7,3,0
6053688,35,1730.0,Spain,1,37,8,2,0
9892564,34,48071.8,USA,1,254,7,5,0
11676655,38,15120.0,Spain,1,40,8,2,0
11705455,44,1730.0,Spain,2,43,7,0,0
1157051,37,48521.6,Canada,2,66,8,5,0
2814712,52,79454.7,Saudi Arabia,1,39,7,4,0
10172031,59,1730.0,Germany,1,43,7,7,0
3397499,18,1730.0,Canada,2,42,6,5,0
476816,55,39354.3,Spain,0,93,6,8,0
7647221,39,55848.1,Spain,0,136,8,3,0
9263482,48,22702.3,Spain,1,3,7,0,0
2840420,38,1730.0,Spain,1,177,7,2,0
4958649,30,3136.6,Canada,2,119,8,1,0
1041871,25,104352.7,Spain,1,208,6,2,0
9260236,45,8171.8,Spain,2,51,7,2,0
9474970,23,61239.3,Saudi Arabia,1,314,8,12,0
14732590,30,91910.2,Spain,1,321,9,2,0
16537786,52,26229.3,USA,1,95,7,2,0
1499092,45,76415.4,Saudi Arabia,0,257,8,4,0
3543678,43,1730.0,India,1,221,9,3,0
4274944,34,1730.0,Canada,1,24,8,2,0
14373288,26,26361.3,Spain,1,209,7,2,0
7093348,20,10464.0,Spain,1,103,8,2,0
7159905,33,1730.0,Spain,1,18,8,2,0
5074829,27,1730.0,India,1,32,8,3,0
15070363,47,92317.5,Spain,1,408,7,8,0
11573102,43,53607.2,Saudi Arabia,0,74,7,2,0
868870,22,61152.3,Spain,2,43,7,2,0
8422487,26,47991.5,Spain,1,30,8,1,0
4637618,41,29545.9,Spain,0,224,8,3,0
15146674,53,38571.3,Spain,1,277,10,1,0
205146,18,44983.9,Canada,2,171,7,2,0
4621090,49,3498.8,Canada,2,329,10,2,0
7408201,42,1730.0,Spain,2,55,6,1,0
3731597,54,41796.2,Australia,1,262,6,2,0
5135229,21,42044.6,Spain,1,100,6,3,0
14485025,37,1730.0,India,1,170,6,1,0
8260031,47,101322.2,Canada,1,370,8,4,0
14787159,38,11856.0,Spain,1,67,7,3,0
1849812,38,20050.5,Canada,1,114,8,2,0
13191674,49,1730.0,Spain,2,39,8,3,0
2962382,47,1730.0,Canada,1,33,8,1,0
10359740,44,8468.0,Saudi Arabia,1,71,6,11,0
3321229,41,25084.4,Saudi Arabia,1,58,8,2,0
410549,35,34629.0,Canada,2,252,8,5,0
5185025,48,29095.4,Canada,1,25,8,4,0
3494858,42,16316.9,Spain,2,59,8,1,0
13701562,21,23448.4,Australia,1,108,7,2,0
7475675,52,3315.3,Spain,1,43,8,4,0
9529641,44,81340.1,Spain,1,83,6,6,0
5394320,24,57739.6,USA,2,425,8,5,0
6493841,65,28758.4,Canada,1,77,7,2,0
9659974,67,63310.3,Australia,1,58,6,1,0
1585474,44,1730.0,Spain,2,38,7,2,0
12995880,70,42062.9,Australia,1,259,7,2,0
7602795,18,7287.5,USA,1,77,6,2,0
8626803,52,8112.9,Spain,1,179,6,3,0
937384,33,17039.3,Canada,1,198,8,6,0
2370040,39,5709.8,Spain,1,48,7,6,0
15254576,47,1730.0,Spain,1,29,8,1,0
3965230,25,83869.8,Canada,2,113,6,2,0
8289852,44,1730.0,USA,2,37,7,8,0
16210012,59,1730.0,Spain,1,124,8,2,0
2858015,31,6051.4,Spain,2,67,8,2,0
5915821,36,1730.0,Spain,1,65,8,1,0
12610955,39,40786.2,Australia,2,141,6,6,0
15676581,47,9308.6,Saudi Arabia,1,19,8,5,0
16705962,43,1730.0,Spain,1,275,8,3,0
12301138,45,95788.9,Canada,1,131,8,12,0
1705370,49,1730.0,Spain,1,36,8,3,0
4224851,35,1730.0,Spain,1,102,8,1,0
15675593,58,86280.2,Canada,1,50,6,2,0
11475844,56,35056.3,Spain,0,433,8,4,0
8122348,36,39124.7,Spain,2,56,7,0,0
5101294,27,11570.4,Spain,1,58,7,4,0
15618876,21,1730.0,Spain,2,66,8,1,0
9762186,39,5336.5,Saudi Arabia,1,51,8,2,0
11608142,31,16658.6,Canada,1,261,7,2,0
4620478,40,1730.0,Spain,1,178,6,2,0
1976757,46,45673.3,Saudi Arabia,0,75,8,3,0
9910150,25,33109.4,Spain,2,54,7,4,0
2840929,35,30475.3,Canada,1,40,6,5,0
15020520,33,3692.9,Spain,1,65,7,2,0
12781691,33,1730.0,Spain,1,38,8,0,0
2677672,32,32643.9,Germany,2,105,6,4,0
4338550,32,24043.5,Canada,1,208,8,2,0
14517848,53,5168.9,Canada,1,22,8,2,0
3843397,64,72382.8,Spain,2,184,6,2,0
15623667,60,81878.8,USA,2,132,6,1,0
10699532,24,21457.5,Canada,1,41,6,2,0
7870749,49,56145.7,Canada,2,95,6,4,0
12118004,50,84781.7,Canada,0,265,7,3,0
9513496,46,32266.0,Spain,2,64,8,1,0
11285461,28,99855.4,Saudi Arabia,1,76,7,3,0
12036770,52,77114.8,Canada,1,282,7,2,0
11801871,37,54821.3,Saudi Arabia,2,220,8,8,0
2816599,40,1730.0,Spain,1,69,8,0,0
1479152,27,58127.9,Germany,1,85,8,3,0
1419266,32,11680.8,Saudi Arabia,1,142,7,4,0
3589955,34,54011.4,Spain,2,157,6,2,0
9327585,40,7820.4,Saudi Arabia,3,18,7,4,0
3238081,49,1814.6,Spain,2,40,8,1,0
709663,56,104603.7,Germany,0,252,6,7,0
15636558,42,14924.4,Canada,2,9,8,2,0
13615263,36,45902.9,Saudi Arabia,0,356,8,2,0
331368,56,42000.8,Saudi Arabia,2,311,6,11,0
2253833,34,25841.1,Spain,1,217,6,4,0
16733177,34,1730.0,Canada,2,129,8,14,0
15987625,30,1730.0,Spain,1,47,6,1,0
8182067,44,95244.1,Spain,0,162,7,2,0
8129644,29,1730.0,USA,2,0,8,1,0
4305557,48,34835.2,Spain,1,111,6,2,0
14724549,38,29628.6,Saudi Arabia,1,78,6,2,0
15345407,29,37771.3,Spain,1,394,8,4,0
7634211,24,1730.0,Germany,2,2,7,2,0
11182911,38,14494.9,Australia,2,25,6,2,0
13502657,34,83481.5,Spain,0,246,8,2,0
8220549,53,72819.8,Canada,1,109,7,5,0
5667008,48,38058.3,Canada,2,67,8,3,0
16428917,45,1730.0,Canada,1,71,6,1,0
11826349,33,1730.0,Spain,2,50,6,1,0
16471671,36,1730.0,Canada,2,53,8,2,0
4143504,27,76761.4,Saudi Arabia,0,325,8,3,0
498559,61,3894.9,India,1,285,8,13,0
8320713,18,1730.0,Spain,1,36,8,1,0
6598033,28,108919.5,Spain,1,148,6,12,0
13857029,34,64139.5,USA,0,12,8,4,0
1432571,36,1730.0,Saudi Arabia,1,3,7,2,0
16458874,33,1730.0,Canada,1,0,8,2,0
15376871,27,1730.0,Australia,1,9,7,8,0
1759075,33,7658.7,Spain,1,43,7,2,0
11075199,59,1730.0,Saudi Arabia,1,7,8,2,0
7119555,23,64987.3,Spain,1,28,8,3,0
12322774,75,1730.0,India,3,107,7,2,0
8364874,39,70734.6,Australia,0,172,6,5,0
10597830,44,1730.0,Canada,1,21,8,1,0
11127190,35,3575.4,Canada,1,18,8,2,0
9491670,52,47360.9,Spain,0,57,8,2,0
9441025,49,91250.7,India,1,425,8,2,0
6463837,53,14487.8,Canada,2,48,8,3,0
11624610,37,20660.2,Spain,1,132,8,3,0
3185247,41,58046.6,Canada,3,73,6,2,0
7889695,46,50137.7,Australia,2,159,6,7,0
3634122,48,53482.3,Spain,1,22,8,2,0
4774487,36,19182.7,Canada,2,209,7,3,0
15176295,42,41359.5,Germany,1,78,8,5,0
8723970,32,93052.5,USA,1,417,7,3,0
6088035,24,1730.0,Spain,1,75,8,3,0
9632491,34,55805.8,Canada,1,24,8,3,0
1274018,58,1730.0,Spain,1,89,6,3,0
406649,36,80536.9,Spain,2,9,8,3,0
11197084,38,16261.9,Spain,1,85,6,4,0
797146,39,29071.1,Spain,1,73,8,3,0
10619495,52,15577.9,Canada,1,28,8,2,0
469265,45,1730.0,Spain,0,4,8,2,0
11398414,58,3870.2,Germany,0,103,7,0,0
10450919,44,34437.9,Spain,1,30,8,4,0
14311503,65,1730.0,Spain,1,78,6,2,0
9079105,45,6732.1,Canada,2,232,6,7,0
11677895,32,30715.6,Spain,1,197,8,5,0
8619185,47,58114.7,Canada,2,297,6,1,0
16022740,39,82624.3,Australia,0,205,6,6,0
9538566,35,1730.0,Spain,2,50,7,0,0
9086215,36,68127.0,Saudi Arabia,2,378,7,3,0
750071,36,44448.9,Canada,1,26,7,2,0
11399796,38,14455.2,Spain,1,116,6,3,0
10460001,55,94998.4,Germany,1,259,8,4,0
5750311,51,61954.8,Canada,2,379,6,7,0
9538501,33,31424.8,Spain,2,49,7,9,0
3131447,35,1730.0,India,1,9,8,3,0
16091376,30,39164.1,Spain,2,29,6,12,0
3268771,63,2759.9,Spain,1,83,6,3,0
9585464,33,61269.8,Spain,1,79,8,1,0
2661806,42,21204.9,Saudi Arabia,1,35,8,3,0
16251333,37,20392.0,Germany,1,394,8,8,0
2193457,24,62853.3,Germany,2,97,7,2,0
10229001,57,46615.4,Canada,1,146,8,11,0
3607072,29,26941.8,USA,2,215,7,2,0
6380041,50,1730.0,Canada,2,317,8,2,0
12781821,27,48515.5,Spain,2,113,7,3,0
14524222,30,35100.9,Saudi Arabia,1,139,8,2,0
4829688,28,8442.3,Germany,1,7,8,3,0
16218519,42,56574.0,Australia,1,146,6,4,0
2726624,31,1730.0,Canada,2,41,7,0,0
9194633,53,41024.3,USA,2,366,6,4,0
16211321,62,15996.1,Canada,1,33,6,9,0
5309435,52,1730.0,Canada,2,51,7,2,0
5910436,33,73615.2,Saudi Arabia,0,201,8,2,0
11250509,39,22310.7,Germany,2,365,7,3,0
8349155,30,59557.3,Saudi Arabia,2,102,6,7,0
13499723,44,21692.7,USA,2,104,8,1,0
12007991,55,6428.0,Canada,1,66,8,0,0
1731673,58,43817.7,Saudi Arabia,2,268,6,3,0
5650681,18,26604.3,Canada,1,54,8,2,0
7592224,35,20758.5,Canada,1,77,8,1,0
10327615,33,1730.0,Spain,1,54,6,0,0
5147914,47,7458.4,Spain,1,323,7,1,0
13481357,47,3396.4,Canada,1,51,6,3,0
5064479,41,31098.2,Spain,1,12,7,1,0
1481148,29,10151.2,USA,1,31,8,2,0
369865,27,62548.8,Spain,1,88,8,3,0
9905377,28,35991.0,Germany,2,172,8,2,0
10444664,53,60960.5,USA,1,182,10,8,0
2987717,18,11382.0,Saudi Arabia,1,70,8,1,0
4145414,31,71061.5,Saudi Arabia,1,378,7,0,0
9598036,60,75141.1,India,0,422,6,6,0
15031269,42,72375.0,Saudi Arabia,1,50,6,1,0
14249396,27,49340.2,Germany,1,61,6,4,0
4334049,37,11581.8,Canada,2,40,7,2,0
16179074,52,40343.8,Spain,0,226,8,7,0
8973666,43,52909.8,Spain,1,102,6,9,0
2761561,65,1730.0,Spain,1,76,7,2,0
15587823,44,89070.9,Germany,0,272,7,5,0
16532757,40,1730.0,Germany,1,42,8,5,0
2747874,48,32000.6,Canada,2,70,8,2,0
7463184,30,6324.3,Canada,2,69,8,0,0
558070,46,25306.5,Australia,1,58,7,2,0
1875148,48,8633.1,Canada,1,49,7,1,0
15827934,32,46966.3,Spain,1,30,8,1,0
11607522,36,53774.0,Canada,2,177,8,2,0
8737134,42,15912.8,Spain,1,114,6,2,0
7234114,48,60530.3,Australia,1,58,6,4,0
7249390,30,2359.8,Canada,1,12,8,1,0
419881,43,1730.0,Germany,1,63,7,2,0
9370368,72,1730.0,Saudi Arabia,1,52,7,2,0
9775885,52,90111.1,Spain,1,382,6,13,0
10427422,38,3352.1,Spain,1,0,8,3,0
5187611,51,76163.4,Germany,0,246,7,9,0
1321088,28,1730.0,Spain,1,41,7,1,0
11329441,35,61095.7,Spain,2,200,7,4,0
2598695,45,59930.2,Germany,0,270,8,1,0
7421725,20,44999.8,India,2,237,6,3,0
8618200,31,1730.0,Canada,2,61,8,0,0
10645136,44,29804.7,Canada,2,435,8,5,0
2616645,30,36343.6,Canada,1,31,7,1,0
3560996,31,1730.0,Spain,1,149,7,9,0
10059258,57,18549.0,Spain,1,159,7,3,0
7333177,28,84504.7,Canada,2,259,9,3,0
15527189,36,1730.0,USA,1,33,7,0,0
4273512,26,34753.9,Spain,1,58,6,3,0
11050407,53,41918.4,Australia,0,277,6,9,0
10884550,32,33346.4,Spain,2,73,8,8,0
13248300,29,19376.3,Saudi Arabia,1,190,6,3,0
9829070,35,46889.6,Canada,1,277,6,4,0
3357676,31,12071.0,Canada,1,53,6,0,0
14811146,39,1730.0,Spain,1,5,8,2,0
1465122,43,1730.0,USA,2,19,8,0,0
12519790,65,4781.4,Germany,1,139,8,2,0
7182087,44,1730.0,Spain,2,35,8,1,0
14710633,27,54135.1,Spain,0,358,8,6,0
410499,50,34482.9,Spain,2,98,7,4,0
11601306,29,5763.0,USA,2,19,8,3,0
15244760,54,63618.1,Spain,1,227,6,2,0
15767588,61,65490.5,India,0,192,8,6,0
7469295,37,41771.4,Saudi Arabia,2,45,7,4,0
8500851,32,22923.3,Germany,0,111,8,3,0
5273504,31,59523.6,Canada,1,213,8,0,0
6830535,57,58151.4,Australia,1,108,7,1,0
15002662,45,1730.0,Spain,1,30,7,2,0
6681687,31,1730.0,India,1,16,6,2,0
13996941,47,15843.5,Canada,1,380,7,3,0
10715555,41,8452.1,Canada,1,31,8,1,0
14781172,30,27588.9,Spain,2,73,7,10,0
12231916,26,8088.8,Spain,1,0,8,2,0
5297283,44,4801.7,Canada,1,323,7,4,0
1989413,42,45640.7,Spain,1,198,6,2,0
12494760,39,67360.4,India,1,348,7,9,0
1456556,31,24694.4,Australia,2,41,7,2,0
13133268,42,39204.6,India,2,112,7,2,0
3543926,28,111466.5,Spain,0,246,7,4,0
7655105,41,19992.1,Spain,1,419,6,7,0
6832008,62,17095.5,USA,1,82,6,0,0
14842965,62,14886.0,Australia,2,49,9,3,0
1059535,41,32934.0,Canada,1,53,7,9,0
900289,43,79251.8,Spain,2,104,7,12,0
5179058,41,17264.6,Spain,1,53,8,2,0
4438619,46,8448.0,Saudi Arabia,1,15,6,2,0
14378743,54,3441.3,Saudi Arabia,1,174,8,2,0
7781675,35,1730.0,Canada,1,29,7,1,0
6258109,42,63376.5,Spain,1,390,7,4,0
7766428,67,3629.4,Australia,0,231,10,2,0
3183489,37,43140.2,Canada,1,214,7,9,0
16511189,24,1730.0,Spain,2,60,8,2,0
4747630,18,20161.7,Spain,2,145,8,5,0
3130130,51,11911.0,Canada,1,200,8,7,0
16017303,29,61589.0,Saudi Arabia,0,221,8,5,0
9077718,22,41069.4,Canada,1,52,6,1,0
3336151,32,109694.9,Saudi Arabia,0,291,8,4,0
15908250,45,17537.9,Spain,1,320,6,1,0
8032822,46,21251.9,Saudi Arabia,2,149,8,1,0
8117140,20,9755.9,Spain,1,7,8,2,0
7886588,27,1730.0,USA,2,0,8,1,0
358959,50,1730.0,India,1,162,8,2,0
4790233,40,56265.3,Canada,0,37,8,3,0
15538782,23,54812.9,Spain,1,27,7,2,0
8010296,38,1730.0,Spain,1,50,7,3,0
11191475,49,59955.6,Spain,0,290,8,3,0
7100451,41,4035.8,Canada,1,48,8,2,0
675388,42,62572.6,Spain,1,248,6,3,0
5120402,50,71055.7,Australia,1,306,6,2,0
918721,28,1730.0,Spain,1,19,8,2,0
404910,44,1730.0,Spain,1,35,6,0,0
4161978,54,36420.5,USA,1,146,8,0,0
10691997,37,1730.0,Spain,1,66,7,1,0
8167417,18,48700.8,India,1,209,8,3,0
244054,34,70231.6,Spain,1,308,7,3,0
13067800,37,58323.9,Australia,1,202,7,7,0
511688,46,1730.0,Germany,1,56,6,2,0
12469629,23,5190.9,Canada,2,97,6,7,0
16013591,49,47460.8,Spain,2,67,6,1,0
13419075,35,59825.4,Spain,0,90,7,2,0
8178476,39,14309.3,Saudi Arabia,1,247,6,2,0
9681671,43,1730.0,Spain,2,0,7,2,0
14522790,41,1730.0,Australia,1,59,7,2,0
9634756,37,101721.7,Australia,1,243,6,6,0
9775939,47,1730.0,Spain,1,26,7,0,0
4924578,24,48302.3,Spain,1,50,7,3,0
8435223,59,15247.3,Saudi Arabia,2,64,6,3,0
2198287,46,6350.6,USA,0,203,6,3,0
1595196,49,1730.0,Germany,1,79,8,4,0
16128817,67,27291.4,Canada,1,53,7,0,0
8136117,45,27843.5,Saudi Arabia,1,122,6,4,0
9368287,45,1730.0,India,1,14,8,3,0
4325241,22,1730.0,Saudi Arabia,2,0,8,0,0
6869796,34,15852.2,Saudi Arabia,1,53,8,2,0
6009032,52,1730.0,Spain,1,15,8,2,0
10131093,32,87627.9,Germany,0,397,6,4,0
8328462,32,7618.9,Canada,2,148,8,2,0
9771649,63,66315.8,Spain,1,420,6,2,0
6498224,57,1730.0,Spain,1,45,7,1,0
10511259,32,34879.8,India,2,145,8,2,0
11370999,44,22417.1,Spain,0,52,8,1,0
11150512,48,1730.0,Spain,1,139,7,2,0
12613043,42,84465.0,Spain,0,117,7,4,0
13947932,38,7281.3,Spain,1,56,6,2,0
16199628,18,1730.0,Spain,1,56,8,1,0
11402939,63,35581.3,Spain,1,411,6,3,0
4252872,40,24551.1,Spain,1,17,7,0,0
2098746,36,63887.2,Saudi Arabia,4,66,8,7,0
15113351,66,18801.4,India,0,201,7,10,0
6964152,36,60149.5,USA,0,356,8,3,0
7077585,28,1730.0,Canada,1,11,8,2,0
16502895,27,68129.3,Spain,3,87,8,2,0
3693440,31,74408.5,Canada,1,186,7,9,0
1079688,44,29513.8,Spain,2,90,6,4,0
14689707,70,58372.4,Canada,2,393,8,2,0
3807800,45,4251.2,Canada,2,119,7,1,0
9996928,37,1730.0,Saudi Arabia,1,45,7,2,0
12137149,48,1730.0,Saudi Arabia,1,26,8,2,0
2076576,42,37890.0,Canada,2,84,6,4,0
6892672,18,11805.7,Spain,1,7,8,2,0
3579985,44,61686.6,Spain,1,246,8,6,0
10425376,18,72962.5,Canada,3,254,7,2,0
14166333,36,28840.9,Canada,2,69,7,2,0
10247152,68,14035.5,Canada,1,30,6,11,0
1133756,65,4178.2,India,2,50,7,2,0
1207181,51,90971.5,Germany,1,215,6,2,0
5659604,33,107754.1,Saudi Arabia,1,268,8,2,0
483206,25,10187.3,Spain,1,89,7,3,0
1136406,34,29578.0,Germany,1,68,7,4,0
3188050,34,9464.4,Canada,1,2,7,2,0
6101605,39,54166.0,Canada,1,246,7,5,0
15235306,33,34502.7,Canada,1,346,7,10,0
14869214,33,50380.9,Canada,1,12,8,2,0
15629432,30,1730.0,Australia,1,346,6,1,0
15347911,39,1730.0,Spain,1,0,8,2,0
11842649,23,1730.0,Spain,1,36,7,2,0
5048404,18,1730.0,Spain,2,64,8,1,0
7321226,28,1730.0,Canada,1,23,6,1,0
16320325,44,66363.8,Germany,0,240,8,4,0
14969315,53,18791.1,Spain,2,34,7,1,0
14173405,47,73280.2,Canada,1,300,8,3,0
4623910,18,6785.1,Spain,1,373,6,7,0
8247358,67,22042.6,Canada,2,108,8,1,0
6419427,22,6044.1,Spain,1,38,8,5,0
8682458,32,65357.2,Spain,1,413,7,4,0
13847972,31,66732.9,Canada,0,113,7,3,0
229877,43,36126.6,Spain,1,49,6,3,0
13630306,48,8312.8,Saudi Arabia,2,56,7,2,0
4212901,55,59180.1,USA,3,200,7,13,0
1343769,27,3401.6,Canada,1,77,8,2,0
14026097,30,31568.9,Canada,1,239,8,2,0
13115408,31,28517.8,Canada,1,36,8,2,0
14438283,45,102320.3,Germany,0,404,8,6,0
14303658,34,1730.0,Spain,2,29,8,1,0
16567427,49,6323.0,USA,2,49,6,1,0
13650788,36,82349.4,Spain,2,105,8,7,0
12218948,28,17443.2,India,2,36,8,4,0
5719302,34,13410.7,India,2,435,8,2,0
14007415,44,92942.4,Spain,1,79,8,2,0
15444274,43,42779.2,Canada,0,21,8,3,0
13651879,47,26468.6,Spain,2,229,7,2,0
7311735,40,81371.5,Spain,1,410,6,13,0
6161853,49,95318.1,Mexico,2,190,7,4,0
8590644,24,40288.9,Saudi Arabia,1,47,6,8,0
13158033,45,1730.0,Spain,1,33,7,2,0
2084403,28,32205.6,Germany,1,247,6,6,0
6141744,47,16500.1,India,2,194,8,8,0
10520339,34,30214.3,Australia,1,164,8,4,0
452331,32,16017.8,Germany,1,69,8,7,0
16278956,55,13120.5,India,1,52,8,7,0
5249566,42,63285.9,Canada,0,233,8,3,0
9244886,52,5375.5,USA,1,48,6,3,0
4874190,49,56408.4,Saudi Arabia,1,35,7,2,0
14870726,29,3340.3,Australia,1,23,8,3,0
6039289,46,29865.8,Canada,1,21,6,6,0
8532087,38,1730.0,Canada,1,59,7,1,0
700827,54,1730.0,Canada,2,34,6,1,0
5657243,59,78548.9,Spain,1,322,8,4,0
16488130,31,35630.9,Spain,0,90,8,3,0
5650386,49,2140.1,Spain,1,41,7,1,0
16727668,37,50571.0,Spain,0,194,6,6,0
2314122,58,21045.6,USA,0,90,6,5,0
887683,47,19820.8,India,1,278,7,0,0
6411208,47,2845.5,Saudi Arabia,1,35,8,0,0
10125565,32,107116.1,Canada,1,354,7,9,0
9130476,52,70393.8,India,2,312,8,4,0
2890228,22,1730.0,Saudi Arabia,1,14,8,2,0
1622266,39,41531.1,Canada,2,242,8,2,0
4346646,37,33404.7,Canada,1,69,7,6,0
10055935,41,12402.4,Canada,1,7,7,1,0
5504315,35,1730.0,Mexico,1,6,8,3,0
1805314,42,1730.0,USA,1,110,8,2,0
14302842,36,1730.0,Canada,1,64,8,1,0
6432581,45,39135.0,Saudi Arabia,0,74,6,5,0
280414,43,56686.4,USA,1,57,7,2,0
16211316,41,14570.3,Spain,2,57,6,9,0
2996265,24,75254.4,Spain,1,114,8,9,0
15715026,18,1730.0,Spain,2,0,8,0,0
3790969,35,7166.7,Spain,2,42,8,2,0
7687900,22,7994.6,Spain,2,98,7,1,0
4583411,52,18021.0,Spain,2,63,6,3,0
11911120,35,48041.5,Canada,2,100,7,2,0
1908383,40,1730.0,Spain,1,79,7,2,0
13177985,37,1730.0,India,2,11,7,1,0
8944768,32,10958.2,USA,2,113,7,2,0
964456,41,33772.0,USA,1,344,7,1,0
14221383,40,12451.1,Spain,1,126,6,0,0
15884727,41,22687.2,Canada,1,87,8,1,0
7756923,26,8381.6,Saudi Arabia,2,20,7,1,0
13801118,27,43029.4,Spain,1,68,8,4,0
9995132,36,8566.7,Canada,1,29,8,1,0
6668929,36,45944.1,Australia,1,249,10,2,0
12712581,25,13806.2,Spain,1,98,8,1,0
3548453,21,43078.5,Spain,1,156,6,1,0
11320853,56,21395.0,Saudi Arabia,1,186,7,2,0
3899170,48,32604.3,Australia,1,75,6,2,0
15629448,28,37135.2,Spain,1,35,7,2,0
437912,52,1730.0,Canada,1,193,7,1,0
15865363,33,17855.2,Saudi Arabia,2,22,6,2,0
3734452,29,98544.8,Canada,2,404,7,2,0
1475840,45,11792.1,Canada,2,65,6,2,0
14468586,37,8057.3,Spain,2,221,8,3,0
8717874,42,14087.4,Saudi Arabia,1,59,7,1,0
178462,52,26966.3,India,2,2,6,3,0
12958661,34,5552.3,India,2,12,8,2,0
5006653,48,87126.9,Spain,2,125,7,2,0
12045278,49,8692.2,Spain,1,235,6,10,0
805193,34,7353.8,Spain,1,114,8,7,0
6023337,55,19570.4,Saudi Arabia,1,86,8,5,0
16563772,34,26244.4,Australia,1,120,8,3,0
11378675,49,17627.0,India,1,32,8,1,0
13789103,43,43564.6,Spain,0,167,8,1,0
12106510,43,42733.0,Spain,1,61,8,2,0
10741943,27,58275.2,Canada,2,135,7,1,0
9511411,37,2850.0,Canada,2,40,8,0,0
14319700,53,8727.4,Spain,1,189,8,2,0
12474796,33,41026.3,Spain,1,187,6,2,0
12405512,65,6106.6,Spain,1,47,8,3,0
5266086,44,1730.0,Spain,2,34,8,0,0
7154662,32,28546.7,Australia,2,417,6,3,0
13163134,51,1730.0,Canada,2,73,7,0,0
14224039,34,74752.4,Spain,2,134,6,1,0
5986699,30,7966.9,Spain,2,75,7,2,0
2473747,28,12370.0,Canada,2,9,8,1,0
16641684,21,1730.0,Spain,1,0,7,2,0
14329805,37,1730.0,Spain,2,4,8,1,0
15378401,50,31498.2,Canada,1,374,8,3,0
16132863,18,7109.8,Spain,1,30,8,2,0
11095472,61,39851.8,India,2,235,7,3,0
2627966,44,38563.2,India,1,383,7,4,0
12058170,46,11312.4,Spain,1,61,8,3,0
4899701,53,1730.0,Canada,2,184,8,9,0
6101042,54,37318.1,Spain,1,184,6,3,0
4390750,59,5887.6,Canada,2,201,6,3,0
12879843,39,25106.5,Canada,1,331,8,3,0
7601984,28,21565.6,Saudi Arabia,1,50,6,8,0
9226940,38,1730.0,Canada,1,41,8,2,0
8648404,38,1730.0,Saudi Arabia,2,26,8,2,0
1104298,42,12822.1,USA,1,67,8,3,0
5151523,40,102494.1,Spain,2,112,8,3,0
3010983,36,18638.6,Canada,2,35,6,2,0
9484210,18,27976.5,Spain,2,27,6,0,0
1669390,33,15076.9,Canada,1,56,7,1,0
12705148,29,1730.0,Spain,2,43,7,1,0
9172931,51,16177.1,Saudi Arabia,2,237,6,2,0
10231205,43,1730.0,Germany,2,75,7,3,0
6428822,39,42650.6,Spain,1,78,7,6,0
5190803,40,92227.9,Germany,2,109,6,7,0
8529862,42,1730.0,Spain,1,240,7,2,0
7721547,75,20962.0,USA,2,211,6,2,0
7588131,18,82764.7,India,2,149,7,3,0
1643633,40,17325.4,Spain,2,107,6,2,0
5574862,21,92595.8,Spain,1,110,7,3,0
8111858,55,1730.0,India,1,58,8,2,0
8546618,35,8454.3,Canada,2,278,8,3,0
5407861,61,1730.0,Canada,2,48,8,3,0
4979755,22,91731.6,Germany,0,367,8,0,0
13270788,46,4946.4,Spain,1,92,6,3,0
7263376,29,4247.0,Spain,1,64,7,1,0
16140603,53,36852.0,Spain,0,383,7,2,0
366856,25,33328.4,Spain,1,45,7,1,0
14372654,18,84346.0,Spain,1,394,8,1,0
7314494,35,16524.5,Spain,1,59,8,1,0
7081138,73,8352.1,Spain,1,215,8,3,0
15721353,38,1730.0,USA,2,4,6,7,0
16520900,44,67120.2,Spain,0,87,6,2,0
4655354,41,70591.5,Australia,2,374,8,2,0
10498862,27,30242.4,Germany,2,131,8,2,0
5156391,33,15503.6,Spain,1,31,6,2,0
5334035,73,11624.1,Saudi Arabia,1,20,8,2,0
5371659,36,70707.1,Canada,2,177,7,1,0
15844329,39,1730.0,USA,1,0,7,2,0
5162726,37,1730.0,Spain,1,26,6,1,0
4723626,44,4568.1,Canada,1,96,7,1,0
12073149,63,46780.7,Spain,1,35,6,5,0
14948962,30,8818.2,India,2,48,7,12,0
6854564,53,1730.0,Spain,2,32,6,2,0
11193661,53,59631.0,Canada,1,148,6,6,0
9133806,48,66688.1,Canada,1,130,6,2,0
7648792,26,1730.0,Saudi Arabia,1,31,7,3,0
9718561,36,40588.7,Australia,0,153,8,2,0
4491644,25,24752.7,Spain,1,37,6,1,0
5210768,31,80574.9,Canada,1,318,6,3,0
15402353,34,1730.0,Canada,1,389,7,7,0
3475569,23,14534.7,Canada,2,12,7,1,0
7364477,35,29794.8,Australia,2,12,6,4,0
12379237,43,23598.8,Spain,1,13,7,1,0
214523,37,102548.4,Saudi Arabia,1,336,8,3,0
6769154,36,24177.5,Saudi Arabia,1,43,8,2,0
1661708,68,22449.9,USA,1,58,6,1,0
5117599,36,10911.8,India,1,76,7,1,0
15241929,28,50203.0,Spain,0,30,8,3,0
5190954,23,90888.2,Canada,1,193,7,12,0
6639556,49,1730.0,Saudi Arabia,1,24,7,0,0
4860032,29,4743.4,Spain,1,278,8,2,0
10817914,37,1730.0,Canada,1,424,7,1,0
16638877,48,64283.3,Spain,0,166,7,1,0
1670729,44,20221.4,Saudi Arabia,1,345,8,2,0
5765661,49,27836.4,Canada,3,34,8,0,0
14128568,34,30972.7,Saudi Arabia,2,74,6,1,0
11856599,34,6792.1,Canada,1,0,8,1,0
10284521,49,44256.5,Spain,1,113,8,13,0
15344482,30,92674.3,Saudi Arabia,0,311,7,6,0
10450614,46,10171.7,Germany,2,124,7,2,0
3364652,25,4940.9,India,2,48,8,6,0
9903789,43,13964.3,Saudi Arabia,2,36,7,1,0
12641438,55,35985.1,Germany,1,319,8,2,0
8902099,39,2720.5,Germany,1,49,7,3,0
9085,50,3315.8,Spain,1,16,8,2,0
2203763,31,21303.7,Spain,0,81,7,6,0
12177790,35,1730.0,Canada,2,3,6,2,0
12076043,43,77279.5,Spain,1,115,8,0,0
2509247,71,20945.2,Saudi Arabia,1,49,8,4,0
3153601,23,49986.0,Saudi Arabia,0,109,6,3,0
15421690,50,68387.1,USA,0,293,8,5,0
380553,32,8127.7,Spain,2,192,7,3,0
308933,37,1730.0,Canada,1,32,7,3,0
4546719,47,1730.0,India,1,69,8,3,0
12045380,34,1730.0,Spain,2,65,7,2,0
9166062,64,43734.4,Spain,1,66,8,12,0
9855747,37,5827.1,India,1,147,6,2,0
12373944,44,42680.3,India,0,182,6,6,0
13175602,63,90892.2,Germany,1,373,7,2,0
3399192,44,5326.6,Saudi Arabia,2,17,6,2,0
13232671,24,22918.1,Spain,1,77,6,0,0
12912408,58,29501.7,Australia,1,66,7,2,0
11815143,46,6898.4,Canada,1,46,8,1,0
6263847,58,37351.0,Spain,1,395,8,5,0
7088570,34,24920.6,India,2,94,8,2,0
12798712,32,69755.3,Spain,1,108,8,3,0
3933171,27,111179.8,Spain,1,320,6,3,0
7143543,30,6707.5,Germany,2,130,8,2,0
15776575,28,19611.4,Spain,1,32,8,0,0
11400334,27,28055.9,Spain,1,76,8,0,0
12231716,61,76005.3,Spain,1,324,6,4,0
10135349,40,1730.0,Canada,2,40,8,0,0
10381797,24,15894.8,Spain,1,145,8,2,0
16550651,37,13908.0,India,1,68,8,0,0
11012146,26,11578.3,Spain,1,117,7,3,0
3967881,37,51139.4,Saudi Arabia,2,16,6,2,0
4569198,58,43496.6,Canada,2,174,6,1,0
13487020,25,81380.8,Canada,1,147,6,1,0
16038286,48,1730.0,Germany,2,38,7,2,0
13023291,39,80996.7,USA,2,84,8,2,0
5440634,38,8979.4,Canada,1,97,7,1,0
14015359,63,10284.1,USA,1,43,6,1,0
5373554,63,59843.7,USA,1,115,6,2,0
11424263,41,11370.6,Canada,1,33,6,0,0
4732252,33,63347.7,India,1,195,8,3,0
8473798,53,19771.1,Australia,1,76,8,0,0
2945434,49,67230.4,Australia,1,225,8,1,0
2596150,24,34759.4,USA,0,365,7,3,0
12597429,24,1730.0,Saudi Arabia,2,66,8,1,0
991445,18,61410.2,Spain,1,88,6,6,0
7796390,37,1730.0,Spain,2,359,7,3,0
9316192,33,56334.9,Saudi Arabia,2,80,8,1,0
14587564,27,1730.0,Spain,1,80,7,3,0
9465159,46,95537.0,India,0,266,6,4,0
3840977,35,22993.4,Spain,2,80,7,1,0
5436941,46,93032.7,Spain,0,353,8,2,0
15946060,39,37312.5,Spain,1,170,8,4,0
4958854,58,16776.5,Spain,2,67,8,3,0
1670416,19,37938.6,Spain,1,57,8,2,0
13472776,41,2873.5,Canada,2,10,8,2,0
12853744,32,1730.0,Canada,1,21,8,1,0
15152298,33,42517.7,Canada,1,423,8,0,0
7768795,72,67103.6,Spain,1,263,7,5,0
9825863,27,32261.6,Saudi Arabia,0,133,7,2,0
16308301,30,65533.5,USA,1,21,8,3,0
1239344,59,71750.5,Canada,1,396,8,3,0
5238931,46,64025.6,India,0,125,7,3,0
7630255,27,1730.0,Saudi Arabia,2,72,6,1,0
11705534,38,11818.4,Spain,2,70,7,2,0
9001653,19,11396.4,Canada,1,5,7,1,0
5324236,48,1730.0,Australia,1,39,7,3,0
15699179,44,62490.2,Canada,0,330,8,6,0
1467081,30,5493.6,Spain,1,417,8,2,0
10575092,25,1730.0,USA,2,20,8,3,0
4875437,24,48996.6,Canada,0,53,7,2,0
6807023,31,3265.3,Saudi Arabia,2,36,8,4,0
9221309,39,78534.9,Canada,1,183,8,1,0
865922,29,20835.2,Australia,1,214,8,0,0
8658933,20,53175.4,Mexico,1,31,7,1,0
4979470,34,77635.4,Spain,1,320,7,8,0
6084168,35,4489.2,Saudi Arabia,1,32,8,2,0
120832,36,3878.9,Canada,1,36,7,2,0
11372232,37,98299.9,Canada,0,311,6,7,0
10400744,67,56043.4,Germany,1,62,8,0,0
10356503,34,1730.0,Canada,1,213,8,5,0
1748226,37,78604.3,Spain,1,152,7,12,0
958429,34,70800.1,India,1,39,8,3,0
6248511,32,1730.0,India,1,44,8,2,0
16343314,69,63800.5,Spain,1,296,8,11,0
8760062,21,1730.0,Spain,1,44,8,1,0
11892977,52,89311.3,Spain,2,97,7,9,0
6901740,51,104954.6,USA,1,366,6,0,0
2721287,29,1730.0,Spain,1,7,6,1,0
14838137,49,50186.8,Spain,0,87,6,4,0
10056008,30,38156.0,Saudi Arabia,1,67,6,6,0
9642834,44,67588.0,India,0,404,8,4,0
11570954,38,67787.5,Canada,2,113,7,12,0
5490969,43,49274.4,Canada,0,107,8,4,0
4074193,46,1730.0,USA,1,77,6,2,0
3547497,33,1730.0,Spain,2,10,7,1,0
4307351,41,23738.3,Germany,1,137,6,6,0
5779499,37,45974.2,Canada,2,55,8,1,0
3290397,51,1730.0,Spain,1,37,8,2,0
2380630,29,7128.6,Canada,2,54,7,1,0
16717790,39,5369.8,Australia,2,57,8,4,0
8347638,49,19444.9,Spain,1,53,6,2,0
8331736,29,1730.0,India,2,50,6,1,0
2087193,54,71734.4,Canada,0,233,7,8,0
15699914,24,1730.0,Saudi Arabia,2,20,6,5,0
7713206,58,11337.3,Germany,1,63,7,3,0
8646702,26,4438.1,Spain,1,76,7,6,0
9935581,20,32988.2,Spain,1,351,6,3,0
1690079,51,26745.4,Spain,2,54,8,2,0
10840699,28,50339.1,Spain,1,246,8,3,0
6840973,54,8388.1,Saudi Arabia,2,27,8,2,0
12080055,60,43253.6,India,1,293,6,8,0
13080548,38,24857.2,Spain,2,296,8,3,0
13376266,30,40255.0,India,1,170,8,3,0
958976,28,11637.7,Saudi Arabia,0,300,6,1,0
6308199,23,52546.6,Germany,0,175,8,4,0
11744502,50,82480.2,India,1,214,7,4,0
6504444,37,19001.4,Canada,2,73,7,5,0
1790040,35,55233.2,Spain,0,81,7,4,0
14452800,30,1730.0,Canada,2,44,6,2,0
11123122,27,21623.1,USA,2,37,6,0,0
5388573,28,29554.1,USA,1,227,7,4,0
3886463,32,21634.2,Germany,2,29,8,7,0
5118305,50,49797.6,Australia,2,31,8,2,0
3578923,51,30428.9,Saudi Arabia,3,161,6,1,0
6018072,43,55751.7,Canada,1,27,7,9,0
9435869,53,107881.0,USA,0,314,8,4,0
1943505,37,11595.1,Saudi Arabia,0,58,8,3,0
12000127,33,55427.3,Spain,2,261,9,7,0
4849684,29,102792.1,Saudi Arabia,1,223,6,9,0
3330848,32,100348.6,India,2,296,7,3,0
4220859,38,79907.3,Spain,0,372,7,0,0
16704038,44,103930.5,Australia,0,375,7,12,0
8767540,39,70328.0,USA,0,398,7,2,0
12758913,33,69831.0,Canada,0,255,6,6,0
3898526,38,65067.0,USA,1,109,8,3,0
10200605,39,50007.5,India,1,344,8,1,0
2513915,28,47448.1,Germany,1,311,7,2,0
6627180,29,11383.0,Spain,1,85,7,1,0
14637260,50,1730.0,Canada,1,54,7,9,0
6242111,46,7413.1,Canada,1,37,6,2,0
11435551,30,70786.9,India,1,303,6,6,0
10102893,39,53890.3,Spain,1,251,8,2,0
14542515,47,42641.1,Spain,0,328,6,1,0
4846868,61,13648.2,Spain,1,385,7,3,0
11681618,52,34598.9,Canada,2,89,6,12,0
13151764,45,1730.0,Spain,2,29,6,3,0
15434457,67,44066.3,Spain,1,92,7,1,0
8243747,37,1798.6,Saudi Arabia,1,67,8,10,0
11709669,46,41175.6,Canada,1,193,7,5,0
15943604,32,23057.9,Saudi Arabia,2,1,8,1,0
7984275,47,25710.9,Spain,2,348,8,1,0
8445422,27,70548.6,India,1,345,8,11,0
16536535,38,5858.9,Saudi Arabia,1,54,7,0,0
5205215,23,3857.7,Canada,1,9,7,1,0
6708755,26,92754.9,Saudi Arabia,0,347,8,4,0
5851139,65,1730.0,Canada,1,81,7,0,0
4282930,28,1730.0,Spain,1,13,7,1,0
4136285,32,16458.1,Spain,2,115,7,0,0
15902143,44,1730.0,Mexico,1,49,6,2,0
10375813,27,104274.8,Spain,1,363,8,5,0
12554940,26,3395.2,Spain,1,98,7,4,0
142881,41,1730.0,Spain,1,49,7,3,0
8443875,45,1730.0,USA,1,37,8,0,0
1790372,56,65412.5,Canada,1,255,7,1,0
7350070,19,17970.0,Spain,1,140,7,4,0
740333,46,1730.0,Saudi Arabia,2,35,7,1,0
15199230,53,61217.7,Australia,1,407,6,2,0
3684559,53,99951.9,Germany,0,236,8,1,0
16064065,35,27355.2,Spain,1,81,8,4,0
4489747,31,14167.5,Canada,0,42,6,9,0
15661677,31,1730.0,Spain,2,169,8,3,0
8241595,37,14043.3,Australia,0,167,7,4,0
653505,26,71568.0,Saudi Arabia,1,53,7,1,0
6880795,25,6577.7,Spain,2,89,7,3,0
2810789,54,5253.2,Canada,2,58,8,3,0
10095244,37,2161.2,Germany,2,74,8,1,0
7834857,41,14564.9,Saudi Arabia,1,35,8,3,0
5666852,34,1730.0,Spain,1,21,8,1,0
3682931,58,5103.5,Spain,1,223,7,3,0
12024007,41,15283.7,Canada,2,52,7,2,0
5205513,25,46779.3,Spain,1,180,8,2,0
5249000,34,97354.6,Canada,0,332,6,4,0
6970672,67,29220.8,Spain,1,48,8,5,0
6741964,30,27593.8,Saudi Arabia,2,35,8,1,0
5553508,32,1730.0,Saudi Arabia,2,7,7,2,0
14619523,50,61599.8,Canada,2,283,8,2,0
1090634,47,32573.0,Canada,2,89,8,4,0
15048432,53,74727.2,Saudi Arabia,1,229,6,6,0
3338877,31,1730.0,Saudi Arabia,2,32,7,0,0
13731496,53,1730.0,Spain,1,31,7,5,0
10459352,44,73524.5,India,2,183,7,6,0
4366661,29,64335.5,Spain,0,108,7,3,0
4078423,35,1730.0,India,2,84,8,7,0
14698737,51,18096.4,USA,2,90,7,2,0
1889555,25,25062.3,Spain,1,271,6,5,0
10999531,27,46242.9,Saudi Arabia,1,356,8,4,0
8059007,38,10180.6,India,0,31,7,2,0
14963557,35,1730.0,USA,2,112,7,2,0
8470815,55,20789.3,Canada,1,196,8,2,0
3578602,48,1730.0,Germany,1,28,7,2,0
4651865,39,56981.8,Saudi Arabia,2,199,7,2,0
8594113,32,5039.7,Australia,2,189,8,5,0
1402113,43,35123.3,Spain,2,11,6,1,0
8338359,18,14793.5,Canada,0,325,7,3,0
3311789,29,36761.8,Spain,2,52,6,1,0
7941738,39,1730.0,Spain,0,0,8,0,0
2598808,27,1730.0,Spain,1,30,6,3,0
15403082,30,1730.0,Spain,1,0,7,1,0
1831734,34,48042.4,Canada,1,235,6,4,0
5531635,33,43360.0,Germany,0,56,7,1,0
4987588,27,47297.8,Canada,1,196,7,2,0
15429232,29,5971.0,Spain,1,63,7,2,0
15471276,25,34879.5,Canada,2,25,8,2,0
16375258,45,13585.1,Spain,0,153,7,3,0
183657,33,46526.9,Saudi Arabia,1,51,6,9,0
5896738,45,1730.0,Spain,1,31,8,0,0
15341612,18,10382.2,India,1,7,8,9,0
992576,20,31423.8,India,1,261,8,7,0
82467,41,79886.5,Spain,0,217,9,3,0
55600,39,55311.4,Saudi Arabia,0,295,8,11,0
3040835,48,3903.4,Spain,1,51,8,2,0
11369968,37,2068.9,Spain,1,22,6,2,0
299703,34,79221.0,Canada,0,266,7,14,0
7034063,22,42767.0,India,0,270,7,10,0
15599234,48,1730.0,Canada,2,35,8,2,0
8016834,33,29386.1,Germany,1,103,6,6,0
7301214,46,10975.0,Australia,1,174,7,2,0
3986462,22,15446.3,Spain,2,20,8,1,0
14132048,68,15252.5,USA,1,25,8,2,0
9706591,38,8721.5,Spain,1,43,7,0,0
9668842,27,63975.5,USA,0,208,8,0,0
1400256,49,1730.0,Spain,2,49,7,0,0
2463665,20,63169.4,Australia,1,148,7,4,0
1474331,32,45269.8,USA,1,91,8,3,0
15748553,45,42087.4,Saudi Arabia,0,415,8,4,0
16267120,34,27000.7,Australia,1,376,8,4,0
7245870,29,80525.4,Canada,1,148,7,9,0
14918803,35,1730.0,Spain,1,36,8,2,0
1752387,35,11760.8,Canada,2,77,7,5,0
13685287,35,10715.9,Spain,2,14,8,1,0
1467214,27,57325.3,Australia,1,103,8,3,0
1341368,27,26072.8,Saudi Arabia,1,5,8,3,0
12928683,31,55271.7,Saudi Arabia,1,54,8,1,0
10952573,55,1730.0,Spain,1,46,7,1,0
5498895,66,8092.3,India,2,116,7,1,0
9198613,18,73496.8,Saudi Arabia,0,267,8,5,0
15197682,34,100128.3,Spain,0,73,6,5,0
11718475,46,1730.0,Spain,1,65,7,0,0
1370329,50,68875.1,USA,0,262,8,2,0
7551958,35,46993.4,Canada,2,91,7,10,0
13968639,30,75717.5,Canada,1,77,8,3,0
8811507,37,41917.6,Saudi Arabia,1,113,7,1,0
1716266,49,69179.8,Spain,1,272,8,1,0
13112440,45,9929.3,Saudi Arabia,0,146,8,4,0
16174254,24,4746.9,Spain,1,70,7,5,0
158205,36,40315.1,USA,2,269,8,3,0
6865414,41,1730.0,Spain,1,30,7,2,0
15118417,38,55193.5,Saudi Arabia,2,42,8,11,0
8583155,43,12505.7,Spain,3,200,6,1,0
4863838,30,1730.0,Spain,1,69,7,2,0
2869863,33,3487.5,Australia,1,40,8,3,0
7821810,42,64679.2,Spain,2,384,8,10,0
13109367,19,48724.8,Spain,1,51,7,1,0
373981,18,10723.9,Germany,1,37,7,1,0
2955654,34,17494.0,Canada,1,83,8,7,0
11933185,22,73298.8,Germany,1,59,8,1,0
7985565,39,61481.5,Spain,1,93,8,5,0
12457300,28,1730.0,Spain,1,12,7,0,0
11464335,47,52102.9,Spain,0,334,7,3,0
15100163,36,1730.0,Spain,1,49,7,1,0
1261457,32,1730.0,Spain,2,10,6,2,0
11656522,39,32963.9,Spain,2,120,6,2,0
792350,37,85305.4,Spain,1,64,8,7,0
7955895,54,2498.1,Canada,1,159,8,15,0
10019651,31,59278.0,Mexico,0,297,7,2,0
15667848,49,2504.1,Spain,1,37,8,2,0
11178337,68,71525.0,Mexico,1,367,8,3,0
4101656,35,6758.2,Spain,1,19,8,0,0
3406619,41,1730.0,Spain,2,36,7,0,0
12852608,55,1730.0,Spain,1,23,6,2,0
11518133,28,35442.1,Germany,0,194,6,3,0
11045056,18,27938.8,Saudi Arabia,2,240,6,5,0
11571063,54,17059.1,Canada,1,20,7,2,0
15576573,46,13113.6,Saudi Arabia,0,60,8,1,0
12878686,21,64086.7,Canada,0,274,7,7,0
6613730,30,6668.1,Saudi Arabia,2,26,7,5,0
8459733,52,12581.9,USA,2,50,8,2,0
16350968,40,48662.9,Australia,1,352,6,3,0
13324363,45,1730.0,Spain,2,79,8,0,0
8789478,38,3005.3,Spain,2,39,6,3,0
5469460,29,49249.1,Spain,1,65,7,5,0
16713966,35,14638.4,India,2,36,8,3,0
12512156,37,8477.5,Spain,0,111,7,0,0
4376054,63,30758.3,Spain,0,411,6,2,0
5660939,41,1730.0,Spain,1,77,8,0,0
8220835,41,57061.4,Australia,2,93,7,3,0
11498871,39,49000.0,USA,1,285,8,3,0
1294578,38,47611.8,Canada,1,51,7,2,0
11622228,65,62107.9,Canada,0,385,8,2,0
14485383,27,30667.1,Spain,1,1,6,2,0
5167690,18,62694.5,Spain,0,374,8,8,0
2893304,36,75347.3,Spain,0,343,8,4,0
5021571,40,1730.0,Spain,1,46,6,1,0
8706757,47,69655.0,Canada,1,328,7,3,0
16626422,53,47393.6,Spain,2,38,8,1,0
584256,52,73142.4,Spain,1,317,6,11,0
7812699,60,58630.1,Canada,0,422,6,1,0
6107802,34,5884.0,Canada,1,42,8,1,0
13935113,53,21031.1,Australia,1,255,6,14,0
8348691,34,13070.5,Canada,2,69,8,2,0
13084102,45,96952.0,India,0,282,8,8,0
14451796,33,7782.2,Saudi Arabia,1,56,8,2,0
5676611,49,1730.0,Australia,1,50,6,3,0
15782575,34,1730.0,Canada,1,19,6,1,0
4325101,27,27524.8,USA,2,6,7,4,0
6086648,23,35400.5,Spain,2,49,6,3,0
4187444,40,42245.1,Spain,1,22,7,2,0
10976726,38,61885.8,Canada,2,294,7,2,0
15039499,42,17490.5,Spain,2,28,6,2,0
898839,58,35346.7,Spain,1,56,8,2,0
10630512,63,1730.0,Germany,1,62,6,1,0
956346,40,93441.4,Australia,1,386,7,5,0
7406003,39,27313.7,Spain,2,74,7,1,0
10100772,19,15096.6,Saudi Arabia,2,21,6,2,0
11527834,68,19562.1,Spain,2,67,7,5,0
11600125,31,9667.8,Canada,1,8,6,3,0
8202727,29,1730.0,Spain,1,63,7,8,0
12337823,32,49996.7,Canada,2,88,8,3,0
1447982,37,73118.7,Germany,2,218,6,1,0
15347815,18,49573.0,Saudi Arabia,2,64,6,8,0
11941698,46,51946.1,USA,1,192,6,0,0
2690447,35,1730.0,Canada,1,0,6,2,0
4871296,43,40455.1,Spain,0,271,8,6,0
512286,33,6332.9,Spain,2,196,7,2,0
3932944,64,73785.1,Canada,1,102,6,2,0
8287888,42,58222.1,Canada,0,396,8,5,0
7237934,31,29606.2,Spain,1,139,7,3,0
6649081,31,13878.5,Spain,1,37,8,0,0
8461189,38,11097.1,Canada,2,12,6,3,0
16226251,38,1730.0,Australia,2,4,7,0,0
11418440,44,1730.0,Canada,1,32,6,2,0
775373,38,4010.0,Spain,1,18,8,2,0
1114119,48,78648.8,Germany,0,307,8,3,0
11460485,40,102963.4,Germany,0,366,7,9,0
465480,74,43765.5,Canada,1,204,6,1,0
13824642,41,17059.9,Canada,1,232,8,3,0
6851870,27,1730.0,Canada,1,0,7,1,0
10932438,18,35277.0,Spain,2,56,7,1,0
986527,18,1730.0,Canada,2,9,8,3,0
9626633,40,1730.0,USA,2,74,6,2,0
16043648,50,62076.5,Spain,0,218,8,4,0
1752708,27,8498.0,Spain,1,17,8,1,0
12517596,32,40234.5,Germany,0,171,6,3,0
5635103,30,14213.5,Spain,1,163,8,2,0
1383712,50,1730.0,Spain,2,12,7,1,0
3644492,48,58657.6,Canada,2,88,7,3,0
4753381,38,15535.3,Spain,1,82,8,1,0
5090281,40,14799.9,Canada,1,42,7,5,0
7123863,41,15333.7,Spain,1,1,8,0,0
387514,54,45013.2,India,1,106,7,9,0
14576396,51,21496.7,Saudi Arabia,1,341,6,3,0
13769545,31,2119.8,Canada,2,31,8,1,0
7642262,48,102318.7,Mexico,1,264,7,4,0
14142170,37,56166.3,Germany,2,149,6,9,0
6031213,41,1730.0,Saudi Arabia,1,36,6,2,0
9942034,46,28943.2,Saudi Arabia,2,51,6,5,0
9383211,57,26256.4,Canada,1,366,8,3,0
4736938,41,2318.6,Saudi Arabia,2,58,7,4,0
3474020,41,1730.0,India,1,60,6,1,0
5900945,36,25138.1,Spain,1,15,8,4,0
1833908,61,51772.0,Australia,0,338,7,9,0
12638744,51,13632.7,Saudi Arabia,2,31,6,0,0
12588023,38,1730.0,USA,2,50,7,2,0
11702953,25,46495.3,India,1,192,8,3,0
7717302,28,4994.9,Australia,3,225,7,2,0
399195,49,72724.6,Saudi Arabia,0,410,8,4,0
9031933,33,57632.7,Canada,1,54,7,2,0
13280275,34,9211.0,Canada,1,54,6,3,0
7470390,18,62149.6,Mexico,1,87,8,4,0
19717,23,1730.0,USA,2,52,7,9,0
8642854,37,37732.0,USA,0,350,8,2,0
207033,29,57153.0,USA,1,123,7,10,0
11655897,51,11684.5,Australia,1,247,7,3,0
10984525,47,1730.0,USA,2,136,8,1,0
16512544,40,12282.4,Canada,1,53,8,2,0
1304839,37,33875.2,Canada,1,58,8,4,0
608253,35,56839.6,Australia,0,87,7,6,0
4779471,37,109748.2,Saudi Arabia,1,373,7,8,0
7419746,35,14117.0,Spain,1,0,7,3,0
14060495,52,2611.5,Spain,1,68,7,2,0
12827738,57,48328.1,India,2,124,6,1,0
16469236,42,47775.4,India,0,338,7,12,0
7299773,36,15751.6,Germany,1,10,6,4,0
13991963,41,52757.8,Australia,1,141,6,4,0
4946887,38,37629.0,Germany,1,92,8,3,0
929906,36,55074.5,USA,1,98,8,1,0
14984450,36,2200.6,Spain,1,43,6,1,0
10216004,48,3097.6,Spain,2,38,8,3,0
41122,50,41815.3,Spain,0,118,7,6,0
7470309,32,17193.2,Saudi Arabia,2,14,8,3,0
12818985,39,24509.7,Saudi Arabia,1,60,6,2,0
14992901,67,44677.2,Germany,1,79,7,9,0
14512234,38,14409.2,Saudi Arabia,1,264,8,1,0
5951036,28,42469.1,Spain,2,15,8,2,0
4763685,46,1730.0,Canada,1,13,8,2,0
14430237,60,12330.7,Germany,1,23,6,4,0
1685027,36,1730.0,USA,1,36,8,4,0
16027603,39,30342.1,Germany,2,62,6,1,0
11776511,61,48092.7,Canada,1,125,8,8,0
14664278,55,2976.0,Spain,1,99,6,2,0
1971209,57,39400.4,USA,1,110,7,2,0
16364560,33,33426.5,Canada,0,154,7,1,0
12022471,37,53685.2,Saudi Arabia,1,100,8,2,0
12105315,62,10104.5,Australia,1,19,6,2,0
13207984,37,70200.4,Spain,2,396,7,3,0
7332233,49,23044.1,Spain,2,55,8,3,0
9290523,54,1730.0,USA,2,47,6,0,0
10863304,37,10594.8,Spain,2,0,7,1,0
1343659,29,79791.2,Germany,1,345,8,5,0
2904736,38,89370.7,Canada,1,375,8,4,0
13288270,65,23026.4,Canada,2,247,6,0,0
8083053,63,19802.5,Spain,2,391,8,2,0
1571640,35,69507.3,Canada,1,87,8,2,0
3716901,37,44150.6,Australia,1,64,7,3,0
6518131,36,19932.8,Canada,2,195,8,1,0
370999,44,26488.3,Spain,2,318,6,1,0
11570611,26,68932.9,Saudi Arabia,0,172,8,2,0
14909245,34,49084.0,Canada,1,142,8,1,0
1867930,56,32931.5,Saudi Arabia,1,50,8,2,0
4751469,37,90087.6,Canada,1,290,7,3,0
16486168,24,28409.8,Spain,2,35,8,9,0
8494216,40,63217.8,Spain,1,366,6,3,0
4730176,36,62820.4,India,1,80,8,3,0
13529248,40,4943.8,Spain,1,72,8,1,0
4558727,49,41354.4,Saudi Arabia,2,131,8,2,0
2984665,19,1730.0,Saudi Arabia,1,69,8,1,0
4439802,18,67521.0,Saudi Arabia,2,61,8,2,0
2796479,27,39374.9,Saudi Arabia,1,54,8,5,0
4669865,45,15288.6,Spain,1,47,6,1,0
14804677,47,1730.0,Spain,1,393,6,1,0
13432427,28,91276.6,Germany,1,431,7,1,0
7438316,34,1730.0,Spain,2,62,8,0,0
7482965,33,4479.6,India,1,25,7,2,0
14872028,77,45478.0,India,1,140,8,3,0
15182181,30,41806.3,India,1,303,7,1,0
8121065,20,44382.4,Canada,1,29,7,1,0
2628167,30,2399.8,Germany,2,28,7,1,0
8267546,51,93057.9,USA,1,24,6,4,0
10148332,43,4478.3,Spain,1,19,7,2,0
11016403,32,45856.8,Spain,2,155,6,2,0
10256024,28,1730.0,Saudi Arabia,2,16,8,0,0
15618608,39,40161.8,Spain,1,1,7,2,0
7498934,32,13229.9,Spain,1,59,7,1,0
12803293,47,40303.6,USA,1,19,6,3,0
16168658,26,43271.4,Saudi Arabia,1,249,6,2,0
9328891,31,53463.9,Canada,1,65,8,4,0
256623,53,41049.5,Spain,1,24,7,1,0
5883669,21,73116.6,Spain,0,277,6,10,0
14484928,44,27283.1,India,1,195,7,1,0
13947877,34,5985.4,Australia,1,21,7,2,0
5585675,41,38962.2,Spain,1,164,7,2,0
12826295,34,65398.8,Germany,1,226,8,2,0
11980962,31,90932.1,Spain,0,289,6,4,0
284839,24,1730.0,Canada,2,44,6,0,0
5095896,46,7829.1,Saudi Arabia,1,36,8,7,0
5198311,46,56344.5,Germany,2,367,7,4,0
11261672,36,20096.9,Spain,1,31,8,1,0
450943,24,1730.0,Spain,1,20,8,1,0
13091134,31,24122.9,India,1,352,6,4,0
522663,45,72768.6,Saudi Arabia,1,176,8,1,0
15413298,27,67560.8,Saudi Arabia,1,38,6,2,0
15443245,27,33969.8,India,2,61,8,7,0
12752302,29,15062.7,Spain,1,55,7,2,0
8539535,45,1730.0,Spain,1,66,7,2,0
3497515,49,20072.6,Australia,1,228,7,5,0
13693623,43,9684.9,Spain,1,48,8,2,0
1986048,40,17927.0,Canada,1,82,8,9,0
10485163,36,1730.0,Saudi Arabia,1,0,6,1,0
10018244,33,2600.0,Spain,2,11,7,2,0
542977,41,64507.8,Saudi Arabia,1,81,6,2,0
6903911,35,23465.8,Canada,1,10,7,0,0
7196698,53,1730.0,Spain,1,114,7,1,0
6627305,33,6827.9,India,2,192,8,4,0
4154417,30,21514.9,Spain,2,31,8,1,0
5522682,51,11765.2,Canada,1,36,8,0,0
11798132,20,9014.2,Spain,0,78,8,4,0
8469677,34,1730.0,Canada,2,89,8,2,0
15703991,52,1730.0,India,1,0,8,1,0
479086,40,1730.0,Spain,1,39,7,2,0
139146,46,28177.9,Germany,2,61,6,1,0
7794079,47,10006.2,Canada,1,54,7,3,0
1569641,44,8960.5,Spain,0,152,8,2,0
325516,60,8149.5,Spain,2,78,8,0,0
355961,36,55931.8,Canada,1,297,7,5,0
13851625,45,95442.0,Canada,0,255,8,9,0
15025673,38,44258.1,Canada,1,376,6,11,0
4061436,31,21923.1,Saudi Arabia,0,46,7,2,0
8452997,37,25102.3,Germany,2,336,6,3,0
11974040,44,4318.3,Saudi Arabia,0,88,8,3,0
13477273,38,12353.3,Canada,1,163,8,4,0
15894884,45,39260.0,Spain,2,50,8,2,0
2243931,36,21752.7,India,1,22,8,2,0
3741627,62,15044.0,Canada,1,103,7,3,0
10198321,35,86660.0,Germany,2,65,8,2,0
385994,38,22746.2,Saudi Arabia,1,26,8,4,0
14505805,29,42343.2,Saudi Arabia,1,283,7,3,0
9790835,60,53801.9,Spain,2,65,7,6,0
2684782,64,23210.1,Spain,2,247,8,0,0
3298197,44,10281.9,Saudi Arabia,2,49,8,2,0
6414236,30,20498.0,Saudi Arabia,1,51,6,1,0
14160452,29,55005.1,Spain,1,69,8,1,0
15895450,44,63650.7,Spain,1,162,7,4,0
9271168,56,1730.0,Canada,1,34,8,1,0
2476010,65,44643.8,Canada,1,208,8,5,0
4465624,69,30839.0,Canada,1,165,8,2,0
424289,58,16353.1,Canada,1,107,7,1,0
15100545,75,1730.0,Germany,1,78,8,7,0
2790830,42,69997.9,Canada,2,102,6,5,0
12557772,29,1730.0,Germany,1,16,7,4,0
10388421,29,1730.0,Spain,2,60,8,3,0
12262490,18,49422.1,Canada,2,17,6,1,0
12320945,37,33233.1,Spain,1,56,7,1,0
14966817,33,33845.9,Spain,2,73,8,0,0
1456656,24,10703.0,Mexico,1,8,7,2,0
7417480,49,30536.4,Saudi Arabia,0,365,8,3,0
3367839,46,26384.9,Spain,2,284,8,4,0
1159375,48,29687.7,Canada,1,98,8,3,0
7322076,35,5449.5,Spain,1,3,7,2,0
129441,57,18125.8,Australia,0,100,9,6,0
7234833,40,61366.9,USA,2,125,8,6,0
10339037,48,85872.9,Germany,1,316,7,3,0
13911645,56,3887.7,Spain,1,54,7,2,0
9254089,27,35553.3,Canada,1,28,8,4,0
14014440,54,40082.2,Saudi Arabia,1,191,6,3,0
1436050,38,57975.9,Australia,1,350,8,1,0
10678478,45,1730.0,Australia,1,65,8,3,0
651251,31,1730.0,Canada,2,60,7,1,0
14177496,46,28451.0,Saudi Arabia,1,158,8,6,0
8049763,58,60775.6,Saudi Arabia,1,386,8,6,0
4614732,30,1730.0,Spain,1,43,8,0,0
15092868,35,20771.9,Australia,1,64,8,4,0
11242158,42,61464.4,Saudi Arabia,1,156,8,4,0
8635089,34,37668.4,Canada,1,40,8,2,0
9708062,42,29486.6,Canada,2,67,6,2,0
6609763,33,59296.7,Saudi Arabia,1,63,7,2,0
3141129,27,50952.0,Spain,1,63,8,2,0
8827647,35,60625.4,Canada,2,78,6,0,0
5636265,43,37715.1,Spain,1,311,8,3,0
3087420,26,10848.5,Spain,1,33,8,1,0
1939045,32,17073.1,Saudi Arabia,1,32,7,2,0
4158069,36,1730.0,Canada,1,54,8,0,0
7888113,36,18459.8,Saudi Arabia,2,62,7,7,0
1181762,41,7371.6,Spain,1,54,6,2,0
13459338,49,1730.0,Spain,1,19,8,1,0
15835417,53,85528.9,Spain,1,162,6,3,0
1709046,33,13952.9,USA,1,230,8,2,0
13791085,32,1730.0,Canada,2,26,8,9,0
3843651,26,43518.0,Spain,0,226,8,2,0
1246496,27,1730.0,Spain,2,3,8,1,0
12290589,45,47987.4,Saudi Arabia,0,416,7,5,0
5221552,69,2135.3,Canada,1,257,8,1,0
7441901,28,18278.1,USA,2,25,7,1,0
8276730,22,21502.1,India,2,146,8,2,0
16164002,33,54329.4,Australia,1,236,8,2,0
6056356,28,60712.5,Spain,1,175,6,9,0
13476450,62,17185.5,Saudi Arabia,1,334,9,10,0
4788664,18,58886.2,Spain,1,383,7,4,0
934065,45,72068.2,Canada,1,250,7,0,0
170813,47,62562.6,Germany,1,410,8,2,0
11816925,44,8155.6,Canada,2,28,6,4,0
3696330,31,81079.7,Spain,1,395,8,4,0
8096057,18,1730.0,Saudi Arabia,1,29,7,1,0
14254027,34,56092.6,Canada,0,116,7,9,0
14913470,27,1730.0,Spain,1,29,7,1,0
6159815,44,7165.4,Canada,2,64,7,3,0
12791180,37,56600.6,Canada,0,318,8,1,0
16519886,40,17772.9,Mexico,1,6,7,2,0
686452,42,8297.3,Saudi Arabia,0,83,6,3,0
12154888,35,60619.1,Spain,2,53,7,0,0
15270179,45,2139.4,Canada,2,71,7,0,0
15921769,60,25936.4,Saudi Arabia,1,69,8,2,0
13472865,36,44325.6,Canada,0,373,8,4,0
7145901,69,21005.3,Spain,1,72,7,2,0
6613620,32,109631.7,Spain,0,412,7,3,0
10946030,54,46604.2,Canada,1,158,7,1,0
10634658,24,69213.9,Spain,1,150,7,12,0
4784413,44,2005.2,Australia,0,32,6,2,0
16190257,36,29191.6,Spain,1,137,8,3,0
1664589,19,1730.0,Canada,2,52,7,0,0
12751504,37,36653.5,Saudi Arabia,1,67,8,2,0
14958080,46,40932.8,Saudi Arabia,1,21,8,1,0
145566,43,1730.0,Canada,2,75,8,1,0
7068056,27,39460.8,Canada,1,72,7,4,0
16696995,42,18212.6,Canada,1,41,8,2,0
6981313,31,103736.4,Spain,1,387,8,3,0
15334540,32,79658.5,USA,1,255,7,6,0
15149865,21,71949.2,Saudi Arabia,1,90,6,4,0
1665990,33,51237.1,Spain,1,131,9,4,0
951433,51,1730.0,India,2,24,8,3,0
2273660,43,5704.0,Canada,2,29,6,4,0
7114413,28,63001.8,Spain,2,131,8,4,0
1709655,29,45713.2,Spain,1,98,7,2,0
1384183,47,1730.0,Spain,1,0,7,2,0
10707768,38,83090.3,Spain,2,172,8,2,0
5136227,27,16920.7,Germany,2,15,8,4,0
11276253,66,70299.0,Canada,1,272,8,6,0
11344387,55,64756.9,Canada,2,329,6,4,0
10389865,47,78541.6,Canada,0,173,6,3,0
11720246,39,19188.4,India,1,50,7,7,0
13686354,44,1730.0,Saudi Arabia,1,23,7,1,0
15431085,44,8869.5,Canada,1,13,8,7,0
14594212,61,47695.7,Spain,1,372,6,4,0
7902748,45,13612.8,Spain,2,103,6,2,0
8030960,64,1730.0,Spain,1,64,7,2,0
11370744,38,1730.0,Spain,1,0,7,2,0
15582231,52,6696.9,Canada,1,15,7,4,0
3942349,26,15589.6,Australia,1,78,8,2,0
6832665,38,35598.6,Saudi Arabia,0,77,7,2,0
1884649,32,37382.5,Canada,1,41,7,2,0
7669120,38,1730.0,Canada,1,42,7,3,0
11488214,21,64585.6,Australia,1,128,8,6,0
425055,38,7127.0,Spain,1,64,6,2,0
5364274,28,36750.4,Spain,2,129,7,12,0
15244853,59,66604.2,Canada,2,88,7,2,0
11526337,23,1730.0,Spain,0,51,8,2,0
9924510,37,26844.5,Spain,0,46,7,1,0
13137234,27,11420.5,Spain,2,28,8,3,0
11070008,30,65276.8,Spain,1,375,6,3,0
6555500,41,46063.7,Spain,1,365,8,1,0
3063832,67,21474.7,India,1,111,7,2,0
14979393,25,38910.3,Canada,1,80,7,1,0
9922069,30,4002.8,Canada,0,90,7,5,0
5543209,36,14520.0,Canada,2,7,8,3,0
54419,34,57170.2,Saudi Arabia,2,45,6,8,0
14959949,59,72284.9,Spain,1,172,8,12,0
704505,65,1730.0,Saudi Arabia,2,191,6,0,0
7735461,47,49369.5,Spain,0,435,6,3,0
9735459,41,53806.8,Spain,1,124,7,1,0
8453744,45,70549.1,Spain,1,368,8,4,0
3958910,51,94822.8,Germany,0,337,6,1,0
16495933,44,62840.3,USA,2,70,8,2,0
1812890,37,20442.5,USA,0,114,7,2,0
5490303,20,104537.8,Spain,2,88,7,5,0
7739803,51,67739.2,Germany,1,183,6,3,0
3423264,48,72032.9,Germany,1,29,7,3,0
11384054,33,16751.0,USA,1,0,8,2,0
11414669,25,21555.9,Canada,2,18,8,14,0
12925399,55,39212.3,Canada,1,215,6,2,0
10452713,30,36833.5,India,1,86,7,4,0
6114420,29,32190.6,India,1,150,8,1,0
14072947,33,11095.9,Saudi Arabia,2,35,6,1,0
7254714,46,33156.3,USA,2,20,8,1,0
14258277,46,78973.5,Germany,1,191,8,5,0
352011,24,27967.2,Spain,1,56,7,1,0
6975784,19,71598.5,Spain,2,36,8,2,0
15613264,45,59252.1,Canada,0,309,8,5,0
9022931,40,1730.0,Spain,1,34,6,2,0
10634535,34,1730.0,Canada,1,5,7,0,0
15866703,42,1730.0,USA,1,27,8,2,0
9882323,44,41095.5,India,2,53,8,7,0
487795,33,2431.4,Canada,2,319,8,2,0
10027142,29,99836.4,Canada,1,344,7,6,0
3856836,24,1730.0,Germany,2,61,8,9,0
9956535,52,11538.2,USA,1,67,6,8,0
8772307,32,16809.1,Spain,0,47,7,4,0
9828024,43,51939.3,USA,0,213,7,1,0
1214719,57,1730.0,Canada,2,32,7,1,0
4721461,52,22855.5,Australia,1,65,6,11,0
6149516,46,76223.3,Germany,1,52,7,4,0
3489905,25,77279.5,Saudi Arabia,0,428,8,3,0
14035848,38,26251.0,Canada,1,66,6,2,0
5838694,55,52844.2,Australia,2,116,7,2,0
2150068,31,62538.4,India,1,422,6,2,0
9084273,72,77211.2,Australia,0,410,8,7,0
14829463,37,87816.6,Spain,1,352,6,9,0
5157164,19,28087.3,Saudi Arabia,1,97,8,2,0
5147293,44,15650.1,Canada,2,82,7,3,0
10842696,46,28109.5,Mexico,0,227,8,2,0
4692168,55,30841.3,Canada,1,78,8,3,0
16605635,30,7352.3,Saudi Arabia,2,63,8,2,0
12826039,50,27113.0,Canada,1,58,8,2,0
11939326,38,1730.0,Spain,1,29,8,3,0
3030355,40,27947.8,Spain,1,70,6,0,0
13337441,55,26299.3,Canada,2,45,6,1,0
760456,35,8171.1,Canada,1,36,7,2,0
10728030,30,38045.6,Germany,2,58,7,1,0
4715006,48,1730.0,Saudi Arabia,2,56,7,2,0
15980806,18,11245.8,Spain,2,4,7,1,0
4714050,30,62340.4,Canada,0,150,6,6,0
14090869,41,1730.0,Spain,1,0,8,1,0
14517989,63,10259.7,Spain,0,237,8,3,0
13699470,33,1730.0,Spain,1,3,8,1,0
16640519,33,54619.1,Germany,1,166,8,2,0
314653,18,6482.9,Spain,2,53,8,1,0
12648720,30,64177.6,Spain,0,203,8,4,0
7543417,35,1730.0,Saudi Arabia,1,24,6,0,0
11281525,53,89381.1,USA,1,407,6,2,0
16180171,36,53918.7,Spain,2,50,7,6,0
1386444,57,1730.0,Saudi Arabia,1,36,7,4,0
1682249,53,50667.8,Spain,1,101,8,4,0
12613592,51,1730.0,Saudi Arabia,1,22,7,0,0
9614839,33,47977.4,India,1,361,7,5,0
10533060,45,23868.5,USA,1,122,7,3,0
14937981,60,15091.8,Canada,1,37,7,1,0
12100527,36,1730.0,Canada,1,39,7,1,0
7716876,67,47052.8,Canada,1,278,9,7,0
12967696,27,94309.3,India,0,308,8,2,0
10973589,37,7368.3,Germany,2,327,6,4,0
8439978,50,50546.7,Saudi Arabia,1,213,8,10,0
15634506,34,80312.6,Saudi Arabia,0,255,8,1,0
5588800,38,1730.0,Canada,1,41,7,2,0
12220235,35,68374.9,Saudi Arabia,2,91,7,4,0
13686926,30,15810.5,Canada,2,70,8,10,0
3292873,57,16309.2,Spain,1,47,6,0,0
658087,34,44646.7,Canada,2,58,8,2,0
14619518,20,17950.5,Canada,2,54,6,0,0
6869644,46,41982.1,Australia,2,273,7,3,0
3964844,47,1730.0,Germany,2,1,7,2,0
11931221,37,1730.0,Germany,2,25,7,1,0
16646517,48,98564.1,Australia,0,220,7,5,0
4082679,46,47581.7,Saudi Arabia,0,347,7,6,0
16108050,50,9011.6,Canada,1,50,8,3,0
9320882,58,15780.8,Spain,1,70,7,2,0
2708918,18,54039.9,Canada,1,120,8,7,0
5371803,60,64747.3,Germany,2,373,7,5,0
2084722,34,1730.0,Spain,1,62,6,1,0
11011659,43,1730.0,Canada,1,58,7,1,0
8898285,38,2333.3,Spain,2,57,8,0,0
4186803,40,60186.2,India,0,252,8,12,0
3830537,24,21445.7,Spain,1,41,7,3,0
8350723,58,31132.0,Saudi Arabia,1,113,7,4,0
649708,40,1730.0,Germany,1,50,7,1,0
11193150,38,56138.5,India,2,94,8,4,0
15176492,34,1730.0,Canada,1,62,8,6,0
11307397,43,37055.5,Canada,1,78,8,3,0
9547448,41,28014.5,Australia,1,204,8,2,0
6539447,63,59237.2,Saudi Arabia,2,423,7,2,0
12188013,61,80787.0,Canada,1,396,7,0,0
8173583,47,13909.9,Spain,1,113,7,2,0
15639474,49,1730.0,Saudi Arabia,1,113,8,2,0
13150670,40,1730.0,Spain,1,12,6,1,0
8605417,52,4236.5,Saudi Arabia,1,32,8,1,0
1483683,51,59809.0,Spain,0,132,8,12,0
11849374,30,1730.0,Spain,1,56,7,0,0
9515304,52,39803.2,Australia,1,41,8,14,0
2779819,45,58570.0,Canada,1,67,7,3,0
5707549,50,12185.0,Saudi Arabia,1,32,8,3,0
3487495,54,23519.0,Australia,0,115,6,6,0
8073088,56,12702.3,Germany,1,64,8,2,0
10595478,33,1730.0,Saudi Arabia,1,40,6,3,0
1125941,39,66060.2,Australia,0,430,6,1,0
14787509,35,20260.5,Australia,2,91,8,1,0
3899964,62,25590.7,Spain,0,381,8,4,0
12230562,31,98186.2,Canada,1,54,8,3,0
8242864,36,2705.9,Australia,1,48,6,1,0
2894928,58,1730.0,Spain,1,228,7,1,0
127619,28,16597.7,Saudi Arabia,1,17,8,2,0
7963899,40,51288.5,Saudi Arabia,1,262,7,6,0
3591446,45,1730.0,Spain,2,68,6,0,0
8790500,35,50873.0,Spain,2,323,7,3,0
13374291,44,7326.0,Australia,2,22,6,2,0
10531863,25,5241.4,Spain,1,7,7,2,0
10001435,30,35718.9,Spain,1,38,7,3,0
9989589,30,14943.4,Saudi Arabia,1,422,9,4,0
11624596,35,1730.0,Spain,1,61,8,1,0
15996864,28,56539.8,Spain,1,127,8,2,0
6146885,33,93745.6,Canada,0,419,6,13,0
10911508,45,16770.0,Saudi Arabia,1,76,8,3,0
3992980,36,10346.0,Australia,1,90,8,2,0
2188503,39,19539.7,India,2,89,8,1,0
11618062,36,1730.0,Spain,2,25,8,0,0
8421746,39,67085.8,USA,0,378,8,4,0
15911629,28,73620.3,Germany,1,228,7,1,0
5721566,29,30348.2,Saudi Arabia,1,109,8,5,0
16001607,61,26532.6,India,0,94,7,7,0
10230063,28,1730.0,Canada,1,10,8,1,0
10921325,50,44167.4,USA,1,377,8,2,0
16092039,35,35403.6,Canada,0,140,8,4,0
157301,53,1730.0,Spain,1,17,7,3,0
10745010,31,9066.8,Spain,2,67,8,0,0
11857427,50,35257.6,USA,1,40,8,3,0
3528869,60,44705.0,Australia,2,54,6,2,0
10979223,36,11823.2,Spain,1,52,8,1,0
14568400,20,75403.3,Australia,0,174,8,5,0
15141185,28,40912.3,Spain,2,64,7,2,0
5610440,49,16270.5,Germany,1,57,8,1,0
9407940,28,13359.3,Canada,2,13,7,1,0
13130034,47,7710.2,Canada,1,30,8,2,0
5934466,32,72632.3,Spain,2,46,8,2,0
12257025,28,28580.9,Spain,1,80,7,2,0
5097028,42,93408.2,Saudi Arabia,2,377,8,2,0
4831884,37,8626.1,Saudi Arabia,1,29,8,6,0
8661705,44,59582.1,Saudi Arabia,1,64,8,3,0
16188367,39,77313.3,Saudi Arabia,1,157,7,5,0
10998146,34,39260.7,Canada,1,35,8,9,0
8336754,54,12584.8,Spain,1,62,8,2,0
972319,36,1730.0,Spain,1,50,7,1,0
9390035,30,57745.8,USA,0,212,7,2,0
2280807,46,45379.6,Spain,1,230,7,2,0
15961574,33,15326.9,Spain,2,107,7,5,0
11007728,52,9006.4,Saudi Arabia,0,100,7,2,0
15251854,35,9005.1,Canada,1,0,7,0,0
10372188,33,70981.6,India,1,73,7,6,0
7522600,58,75352.2,India,1,95,7,2,0
7900401,55,14930.9,Spain,1,3,8,10,0
7929304,50,1730.0,Canada,1,267,7,11,0
16762927,62,10417.7,India,1,54,7,4,0
653325,31,71897.2,Spain,0,293,6,10,0
2131053,70,81949.7,Saudi Arabia,1,148,6,4,0
15883062,42,81876.6,Spain,1,90,7,0,0
8977355,51,63105.5,Spain,1,221,8,4,0
1714081,37,17080.2,Canada,1,11,7,1,0
15662402,53,14041.5,USA,0,332,7,2,0
14979261,31,6706.4,Spain,1,40,8,2,0
7834029,18,61009.1,Spain,2,339,8,3,0
12696024,35,34413.4,Saudi Arabia,1,4,8,2,0
2677970,72,1730.0,Spain,1,62,7,1,0
6604477,33,9865.1,Canada,2,13,6,1,0
6170599,54,38461.2,Spain,1,304,8,3,0
16501984,69,7817.7,Saudi Arabia,2,119,7,3,0
598235,31,62544.8,India,1,367,8,6,0
11275925,25,23753.2,Saudi Arabia,1,64,7,2,0
2099822,46,2060.0,Canada,2,39,6,2,0
7651791,35,1730.0,Saudi Arabia,1,0,6,1,0
10048997,30,7347.4,Canada,1,91,6,4,0
10489909,47,34303.2,Germany,1,96,8,4,0
14818484,18,38117.6,India,2,60,7,1,0
16208910,40,26377.3,Canada,2,373,6,4,0
5961951,54,57571.6,Saudi Arabia,0,120,8,9,0
2229402,22,12915.2,Saudi Arabia,2,40,8,1,0
11191900,28,13945.2,Canada,2,47,9,4,0
15190129,30,1730.0,Canada,1,28,7,2,0
16736773,32,56710.1,India,0,234,8,4,0
12087700,29,1730.0,Spain,2,87,7,0,0
2165389,40,16058.5,India,0,269,6,7,0
7457155,46,2874.0,Canada,1,69,8,2,0
10928767,44,17089.6,Saudi Arabia,1,95,7,4,0
8620473,47,105484.7,Spain,1,175,7,7,0
5199467,36,10985.6,India,1,48,8,3,0
2452181,46,4799.4,Australia,1,25,7,3,0
15634984,45,45083.9,Australia,1,174,8,2,0
1724216,33,18953.2,Canada,2,434,6,3,0
1225547,54,52845.4,Saudi Arabia,1,229,6,3,0
4680107,44,75006.2,Australia,0,324,7,6,0
14115027,35,4553.9,Canada,1,215,7,3,0
16694700,21,1730.0,Spain,1,23,8,1,0
11520481,43,1730.0,Saudi Arabia,2,21,8,0,0
7530163,74,53792.1,USA,0,200,8,8,0
3084928,61,48719.3,Spain,0,84,8,4,0
14183038,31,25996.2,Spain,2,78,7,4,0
15128043,42,55836.4,Australia,2,169,7,2,0
12627527,41,66326.1,Canada,0,118,9,5,0
14342796,43,54227.3,India,0,68,8,3,0
5782339,37,7905.8,Spain,2,39,8,8,0
8431208,42,14953.5,Mexico,1,13,7,0,0
13712414,39,1730.0,Spain,1,58,7,2,0
15294945,49,89006.2,Spain,0,377,6,9,0
16750714,69,26197.7,Saudi Arabia,0,141,8,4,0
15206053,35,1730.0,USA,2,34,7,1,0
6289501,49,7193.3,USA,2,59,6,8,0
15002287,37,19592.3,Canada,1,50,7,2,0
13789798,35,44652.2,Spain,1,139,7,3,0
765220,36,75854.2,Saudi Arabia,2,83,7,8,0
6680531,43,23879.8,Saudi Arabia,1,61,8,1,0
13749867,38,1730.0,Spain,2,77,8,7,0
6708762,33,1730.0,Spain,1,26,7,0,0
8111694,52,18489.6,Canada,1,25,8,3,0
4657079,43,15943.8,Germany,1,123,8,10,0
13746005,38,23442.7,Australia,2,0,7,1,0
7870051,41,1730.0,Spain,1,60,6,1,0
5911581,44,25914.4,Saudi Arabia,1,396,8,4,0
9055527,28,61946.6,Canada,1,111,8,4,0
431960,45,11662.6,Germany,1,78,7,1,0
2897314,50,28040.8,Saudi Arabia,1,10,6,3,0
13290402,27,77851.0,Saudi Arabia,2,326,6,1,0
14751566,61,102531.3,Saudi Arabia,1,48,7,5,0
16073312,35,42966.4,Germany,1,113,8,1,0
9863520,37,1730.0,Spain,2,29,7,0,0
6802277,51,1730.0,Spain,1,47,8,3,0
12446771,50,1730.0,USA,0,54,8,0,0
9853367,43,35323.2,India,2,80,7,1,0
3946897,43,1730.0,Saudi Arabia,1,0,7,1,0
8746508,33,1730.0,Spain,1,38,6,1,0
8062536,35,64706.2,Australia,1,258,6,4,0
10568287,50,69760.6,India,1,234,8,1,0
12205689,45,25944.1,USA,1,2,8,2,0
8837188,39,29065.5,USA,1,350,8,2,0
6698940,35,1730.0,Australia,2,40,8,1,0
7026976,40,36902.1,USA,1,51,8,3,0
11148216,50,62626.9,Saudi Arabia,2,137,8,5,0
13455886,33,18352.8,Spain,2,143,7,1,0
5590137,67,13931.6,Germany,2,93,7,4,0
14829201,41,54011.3,Spain,1,44,6,2,0
5789134,43,67172.6,Spain,1,109,7,4,0
12561481,47,43889.9,Germany,2,138,8,1,0
1460478,29,40706.9,Spain,1,66,6,3,0
10860179,35,10201.9,Mexico,1,157,8,6,0
198786,43,1730.0,Germany,1,21,8,1,0
2564672,23,7025.8,Spain,1,67,7,3,0
5407942,27,87903.9,Spain,2,52,6,5,0
15410929,53,46062.7,Spain,2,67,6,4,0
1730700,38,93540.0,Australia,0,81,7,7,0
97752,32,101692.6,Germany,1,105,6,3,0
8336533,32,18108.8,Spain,1,5,8,4,0
11061943,56,90553.3,USA,1,216,8,5,0
4866398,57,36426.4,India,2,72,6,11,0
945295,30,1730.0,Saudi Arabia,2,22,8,3,0
4054682,18,42390.3,Mexico,2,62,8,1,0
13058120,60,67511.5,Canada,1,358,7,8,0
15164862,26,16351.5,Canada,2,43,7,2,0
2735143,46,1730.0,Australia,2,17,8,3,0
6198513,47,9866.5,Spain,2,64,8,3,0
13495741,40,34831.3,Saudi Arabia,2,73,7,1,0
7966088,64,57293.0,Germany,2,150,8,3,0
5430529,55,41477.5,Australia,1,82,8,2,0
10702423,34,28164.0,Spain,1,410,7,2,0
64138,40,50730.6,Spain,2,36,6,1,0
8071797,55,27018.8,Saudi Arabia,1,177,6,1,0
13339452,25,7200.2,Mexico,2,25,7,1,0
14408957,72,29708.0,Spain,2,155,8,2,0
14087734,41,1730.0,USA,2,6,7,3,0
8983540,38,19409.3,Spain,2,33,7,3,0
10986549,26,1730.0,USA,1,59,7,1,0
977230,34,1730.0,Saudi Arabia,1,36,8,1,0
15207328,31,77057.6,Spain,1,47,6,2,0
7829494,45,51146.8,Spain,0,433,6,5,0
13808617,35,1730.0,Spain,1,34,8,4,0
7759913,48,31171.8,Canada,2,66,7,3,0
11514989,23,66388.9,Saudi Arabia,0,107,7,4,0
7240339,28,12810.2,Germany,1,53,6,4,0
9582946,42,44232.5,Australia,1,33,7,2,0
2223474,49,1730.0,Saudi Arabia,1,6,7,1,0
3013607,25,109904.7,Canada,1,411,6,4,0
8784364,58,63250.8,Canada,1,223,8,3,0
16602740,32,14850.8,Spain,1,198,7,5,0
4471495,42,49826.7,USA,0,75,7,5,0
10874895,47,77861.5,Spain,1,114,6,2,0
13270497,36,49289.7,Spain,1,48,7,3,0
11586545,39,46323.2,India,2,53,9,2,0
14459307,30,58323.5,Germany,0,95,6,4,0
6673448,36,1730.0,USA,1,0,7,1,0
5629994,31,85209.6,Germany,1,215,6,3,0
2481982,43,104766.3,Spain,0,326,7,8,0
4659686,53,53948.6,Spain,1,335,7,4,0
1339432,52,83995.8,Germany,2,376,7,6,0
233842,33,1730.0,Saudi Arabia,2,44,7,2,0
10378433,31,77184.4,Canada,0,303,8,5,0
5651491,63,6776.0,Saudi Arabia,1,34,7,9,0
15396594,36,26271.5,Canada,2,105,8,2,0
9313873,39,20819.1,Spain,1,56,8,6,0
16711666,48,35114.8,USA,1,160,6,1,0
2450475,29,20518.1,India,1,0,8,3,0
2769719,46,22689.6,Spain,1,120,6,2,0
16194178,35,71045.9,Spain,2,56,8,0,0
9546728,57,15798.7,Spain,0,176,9,1,0
6530934,42,31440.6,Spain,1,422,7,3,0
7157297,62,21337.3,Canada,1,47,6,10,0
10974246,36,3967.9,Canada,1,126,8,2,0
13147092,31,37450.1,Canada,1,252,8,3,0
7898773,36,11720.5,Canada,1,440,7,5,0
8425894,41,10682.6,USA,1,62,7,12,0
8721491,18,7793.5,Canada,1,12,8,1,0
13867087,45,61405.7,Spain,1,33,7,2,0
5358454,48,34242.3,USA,2,105,8,2,0
4421353,58,96724.0,Spain,1,348,8,0,0
7610070,41,53002.3,Australia,1,157,7,7,0
8461876,41,14159.8,Canada,1,202,8,1,0
2098114,33,19562.4,Australia,2,45,7,2,0
14077728,22,78900.8,Saudi Arabia,1,48,8,3,0
2651940,44,87756.0,Saudi Arabia,2,253,7,2,0
11254318,33,49481.4,Spain,0,193,8,5,0
16640143,24,17602.6,Saudi Arabia,0,10,8,2,0
2624459,49,1730.0,Spain,1,25,8,2,0
9851386,40,1730.0,Saudi Arabia,1,0,6,1,0
4577991,33,26613.8,Canada,1,9,10,2,0
9099531,44,10714.6,Spain,2,64,8,3,0
188023,31,46674.0,Spain,0,203,6,6,0
3072721,33,1730.0,Spain,0,22,8,2,0
4121630,44,18912.3,Spain,1,87,7,5,0
15478053,52,9864.8,Spain,1,112,6,2,0
5845323,35,39477.9,Saudi Arabia,2,57,8,1,0
9375031,18,13969.5,Saudi Arabia,2,26,8,1,0
5451195,31,1730.0,Spain,1,36,7,4,0
8303325,29,1730.0,USA,1,16,6,3,0
15447186,27,3592.9,Spain,2,114,7,2,0
3955233,44,32040.7,Spain,2,42,8,4,0
13291168,31,1730.0,Canada,1,403,7,0,0
15751116,50,1730.0,Saudi Arabia,2,75,6,2,0
16402276,30,78076.8,Saudi Arabia,1,55,8,5,0
3481614,35,35424.0,USA,2,104,7,2,0
15617522,32,25250.4,Spain,1,38,6,3,0
8664610,48,19030.5,Canada,2,294,6,1,0
7699312,45,51327.2,Canada,2,374,7,2,0
7674056,44,7386.2,Canada,1,25,6,0,0
15527029,46,61354.7,Canada,1,425,6,5,0
4346771,30,20661.0,Spain,1,16,8,2,0
10254840,49,47598.7,Spain,0,201,7,3,0
6692551,32,1730.0,Canada,1,73,8,8,0
9487559,27,24317.4,Germany,2,301,7,4,0
10694349,44,55329.1,Spain,1,41,8,2,0
11253562,29,16929.7,Spain,1,75,8,7,0
3095890,49,1730.0,Canada,2,36,8,1,0
7971472,63,1730.0,Canada,0,397,6,1,0
2432698,63,89685.1,India,0,220,6,3,0
5383090,48,40444.1,Germany,0,222,10,5,0
4082583,51,1730.0,Canada,1,22,7,0,0
2645382,24,45858.2,Spain,1,67,8,2,0
7045139,52,97535.7,Australia,0,331,6,2,0
14823096,45,57671.4,Spain,1,77,8,13,0
3740811,44,1730.0,India,1,77,8,1,0
653165,30,40002.0,Canada,2,215,8,6,0
14957375,24,32622.2,Spain,2,104,8,2,0
4890372,25,39994.0,Spain,1,78,8,3,0
8221761,40,9979.4,Spain,2,68,6,2,0
10724792,60,23473.6,Canada,0,61,8,2,0
2001647,38,25172.0,Saudi Arabia,1,66,7,3,0
3969727,42,65061.2,Spain,0,410,7,6,0
12652867,70,42270.3,Australia,1,355,8,1,0
16071920,42,3545.3,Saudi Arabia,2,94,7,8,0
3598732,40,1730.0,Australia,1,71,6,4,0
1658903,49,4254.1,Spain,0,385,7,2,0
7303154,35,34931.8,Canada,1,135,6,2,0
8175225,38,1730.0,Canada,1,46,7,2,0
3309975,37,32576.6,USA,2,201,8,3,0
5092000,45,23931.1,Spain,2,13,6,2,0
11565473,38,22874.6,Spain,1,348,8,2,0
14806164,30,68494.1,USA,2,187,7,1,0
13679747,26,53978.6,Canada,2,63,8,2,0
12209109,40,2821.0,Spain,2,72,7,1,0
9609355,39,1730.0,Spain,1,20,7,1,0
7504841,32,44519.7,Spain,1,75,7,2,0
3036062,23,37963.3,Canada,0,269,7,4,0
3977993,60,15344.2,Mexico,2,317,7,4,0
2725426,53,48101.6,Saudi Arabia,1,67,8,3,0
10466500,24,57783.3,Spain,1,266,8,6,0
1420286,53,4793.6,Canada,2,268,7,11,0
13527664,57,97473.9,Spain,1,389,6,2,0
4604350,53,1730.0,Spain,1,36,8,7,0
2330416,33,2849.0,Saudi Arabia,1,132,7,1,0
16135345,52,97176.1,Australia,0,390,7,3,0
7179396,43,1730.0,Canada,2,58,7,2,0
1414568,43,72753.7,USA,2,218,8,2,0
419714,36,22073.9,Saudi Arabia,1,46,8,2,0
3787986,39,22882.1,Spain,1,45,8,3,0
2946052,63,1730.0,Germany,1,72,8,2,0
9707600,40,45328.5,Australia,2,51,7,1,0
4621567,28,1730.0,Spain,1,189,7,3,0
13216671,18,1730.0,Spain,1,4,7,0,0
1570280,64,85334.9,USA,0,174,7,4,0
7142952,28,1730.0,Spain,1,14,7,2,0
6981783,63,11993.6,Spain,2,147,7,2,0
3953580,33,11769.2,Canada,1,71,8,1,0
15864000,30,25306.9,Saudi Arabia,1,39,6,3,0
9488712,65,1730.0,Canada,2,37,6,3,0
11010232,50,31185.4,India,0,190,7,4,0
3224185,58,20409.8,Saudi Arabia,0,154,8,5,0
12047934,29,38188.1,Saudi Arabia,1,75,7,5,0
4643688,31,51648.8,Canada,1,107,6,1,0
13543454,35,81419.4,USA,1,383,8,8,0
6864846,21,7155.8,Germany,1,56,8,2,0
1951962,43,16760.7,India,1,305,7,8,0
12816917,32,1730.0,Spain,1,45,7,0,0
1133260,31,105355.4,Saudi Arabia,0,402,6,4,0
15678451,47,55045.6,Germany,2,248,8,5,0
12561922,51,4906.8,Canada,1,39,8,7,0
3158540,24,15328.4,Canada,2,12,7,3,0
8161925,46,36675.2,Spain,1,98,6,2,0
1231439,43,56845.7,Australia,0,220,7,3,0
6544326,57,15078.2,Germany,1,123,8,4,0
14170943,29,1730.0,Canada,2,46,6,4,0
4525475,43,86125.1,India,2,238,8,9,0
11509445,37,1730.0,Spain,1,19,8,1,0
9514808,47,20602.4,Spain,2,195,7,3,0
305376,60,21600.6,Saudi Arabia,1,116,6,2,0
88510,42,37011.1,Saudi Arabia,1,344,6,0,0
6707520,18,1730.0,Canada,1,56,8,0,0
15463024,53,67324.4,Saudi Arabia,2,319,8,1,0
8491038,47,1730.0,Canada,1,7,8,3,0
2618468,34,79378.7,Spain,1,126,8,3,0
9841326,48,45142.9,Saudi Arabia,0,18,8,4,0
2767775,50,94914.3,Saudi Arabia,1,430,8,6,0
3829736,28,8432.9,USA,2,31,6,7,0
8288513,51,24570.4,Canada,3,55,8,2,0
4173577,34,36795.1,USA,1,83,8,2,0
6969519,68,95261.2,Spain,2,317,7,6,0
5909025,54,3725.4,Spain,1,26,7,1,0
15500339,32,56837.5,Saudi Arabia,0,302,8,5,0
2675183,36,43193.1,Canada,1,212,6,0,0
5645884,52,21404.0,USA,1,31,7,3,0
6100730,29,21484.2,USA,1,239,8,0,0
567866,67,14770.5,Spain,1,74,6,0,0
6868719,41,10299.5,Spain,2,72,6,0,0
2802463,28,9276.7,Saudi Arabia,1,37,8,2,0
420426,33,29210.6,Australia,2,140,7,3,0
5816687,33,2369.4,Spain,1,87,8,2,0
13451482,39,53912.8,Canada,1,185,8,2,0
10363850,26,32109.0,Saudi Arabia,3,26,7,1,0
5927117,46,30150.6,Germany,1,97,6,7,0
3952103,42,18260.4,Saudi Arabia,1,298,6,2,0
10850634,57,20538.9,India,0,312,7,5,0
7489806,70,34664.5,Spain,2,332,8,5,0
13922344,69,1730.0,Saudi Arabia,2,47,7,4,0
7574374,43,8068.5,USA,2,29,8,1,0
8467407,38,31185.8,Saudi Arabia,1,32,7,3,0
7093283,32,78706.9,USA,0,351,8,11,0
5419576,24,1730.0,Canada,1,43,7,0,0
15653421,33,40380.6,Spain,0,44,7,8,0
10517515,41,1730.0,Australia,1,74,8,2,0
16278414,44,8054.3,Australia,2,45,7,5,0
16330949,39,45640.2,Canada,1,303,8,3,0
11862364,42,1730.0,Saudi Arabia,1,23,8,2,0
465498,32,82666.7,Canada,0,59,7,2,0
5006806,64,45184.9,Canada,1,64,7,6,0
10418036,37,11980.9,Spain,2,138,7,4,0
2636520,38,36452.1,Spain,1,146,7,6,0
14695070,42,44731.1,Saudi Arabia,2,56,8,1,0
2126323,51,71314.5,Germany,1,216,7,4,0
13942864,31,29356.2,Spain,2,401,6,2,0
14154127,36,18046.3,Spain,1,70,8,2,0
11393121,48,53254.9,USA,1,188,6,2,0
11617022,36,58412.2,Saudi Arabia,0,188,7,4,0
6201333,25,18975.7,Spain,0,187,8,9,0
12632074,35,29575.8,Spain,0,367,8,3,0
7499880,40,4121.2,Spain,2,64,7,2,0
9633776,44,64528.0,Canada,2,401,8,4,0
3220018,43,68917.5,USA,1,290,6,4,0
4678974,29,33545.0,Germany,1,261,7,2,0
9421451,53,6246.6,Spain,1,99,6,4,0
10647656,59,27006.0,Spain,1,257,6,2,0
352052,47,72483.2,Australia,1,318,6,4,0
14903489,35,58683.0,Saudi Arabia,2,374,6,6,0
2536812,27,15160.0,Spain,2,29,7,0,0
4687229,29,23338.5,Spain,1,302,8,1,0
5015910,48,30884.3,USA,1,54,8,4,0
8281768,49,69132.0,Canada,0,263,8,8,0
12636960,53,57246.6,India,1,40,8,4,0
3795713,38,1730.0,Australia,2,378,8,1,0
1008500,42,78959.3,Spain,3,346,7,6,0
10439487,56,26568.6,Canada,2,152,8,0,0
11136421,33,1730.0,Spain,1,28,6,0,0
2462466,36,70398.6,Canada,2,121,7,3,0
8439851,46,1730.0,India,2,27,8,1,0
235108,64,99182.2,USA,2,327,8,3,0
10961458,54,99700.5,USA,0,129,6,3,0
15211339,52,99648.8,Spain,2,111,8,3,0
6860701,45,24460.8,Mexico,1,2,8,1,0
11006531,27,8601.1,Canada,0,83,7,2,0
8719863,52,50157.9,Germany,1,273,7,9,0
8464479,34,1730.0,Canada,1,94,7,1,0
9076726,34,16345.2,Canada,0,137,7,3,0
1732624,45,29072.6,Canada,1,14,6,3,0
4683963,31,13376.2,Canada,3,86,7,4,0
16028898,45,1730.0,India,1,4,7,2,0
4443034,30,1730.0,Mexico,1,23,7,1,0
602564,39,85659.1,Spain,0,400,6,2,0
60490,35,5793.3,Spain,1,0,8,1,0
8828117,29,43007.1,Germany,1,112,7,8,0
6786827,42,86641.4,Canada,1,232,8,4,0
9423289,49,81129.5,Saudi Arabia,0,315,7,8,0
1856659,44,20203.8,Spain,1,147,7,4,0
11920362,47,49982.8,Spain,0,382,7,0,0
14919338,28,68717.1,Saudi Arabia,1,123,6,7,0
960598,30,44494.1,Germany,1,308,7,7,0
4164465,47,45089.2,Saudi Arabia,2,46,6,5,0
3252857,31,1730.0,Spain,2,11,7,2,0
8832,44,49928.3,USA,2,35,8,2,0
11349645,51,16857.8,Australia,1,426,6,1,0
15306154,38,9739.1,Spain,2,148,7,1,0
13603534,45,21782.2,Spain,2,135,8,2,0
8326877,36,20022.1,Spain,1,79,8,2,0
12455144,29,1730.0,Spain,2,84,8,2,0
3451033,33,19354.0,Germany,2,46,8,9,0
6820508,46,78211.9,Saudi Arabia,0,369,6,6,0
4974458,33,28591.5,Spain,1,114,6,2,0
4420698,43,1730.0,Canada,2,66,8,2,0
7165619,62,8902.9,Canada,1,104,7,1,0
6600128,27,34327.8,Canada,1,422,9,1,0
13518893,55,16570.0,Spain,1,146,7,2,0
8204588,35,1730.0,Saudi Arabia,1,37,8,3,0
10608765,28,87381.7,Saudi Arabia,0,271,8,7,0
16121324,30,14333.8,Spain,1,45,8,4,0
6969125,33,78530.1,Spain,1,40,7,3,0
9826004,66,1730.0,Spain,1,0,7,2,0
2658592,45,71514.7,Saudi Arabia,2,143,6,0,0
11622058,34,52847.9,Canada,2,90,6,2,0
6701946,40,55343.8,Saudi Arabia,1,106,8,2,0
97657,31,3814.7,Canada,1,36,6,2,0
12532856,36,39231.8,Spain,1,33,8,3,0
14788041,26,62263.3,Canada,1,64,6,2,0
14946477,40,109965.6,Canada,1,330,6,4,0
6261370,21,45243.9,Spain,1,97,6,5,0
8579538,50,12584.0,Canada,1,54,8,0,0
10471742,41,6587.5,Spain,1,56,7,2,0
4744732,23,1730.0,India,1,76,8,2,0
5401720,36,12078.8,Spain,0,345,6,3,0
7358777,34,38055.2,Canada,1,297,7,6,0
11187898,18,41858.2,Saudi Arabia,2,100,8,2,0
15056973,49,19606.3,USA,2,59,8,1,0
11669910,32,1730.0,Spain,2,12,7,1,0
15781947,40,67390.9,Spain,1,101,6,5,0
4838583,37,38488.7,Canada,2,45,7,6,0
4861016,62,81615.8,Spain,0,391,8,7,0
8694167,44,40189.5,Spain,1,108,8,3,0
12439146,55,1730.0,Canada,1,60,7,1,0
5392698,21,78412.3,India,0,214,6,4,0
5699062,34,68562.1,USA,1,84,6,3,0
2829682,28,1730.0,Spain,1,0,7,1,0
14707445,61,1730.0,Canada,1,55,7,3,0
6440929,26,1730.0,Spain,2,0,8,1,0
10047840,41,2871.3,Saudi Arabia,1,0,8,1,0
6275705,41,14562.4,Australia,1,107,7,2,0
662269,36,47464.0,USA,1,54,7,0,0
10148052,36,1730.0,Spain,1,65,8,2,0
13981986,31,103850.7,Saudi Arabia,2,404,8,5,0
12251009,47,48237.9,Spain,1,55,7,3,0
1581429,19,1730.0,Spain,1,108,7,1,0
12238524,28,84396.9,Saudi Arabia,0,130,6,2,0
3215684,23,37792.2,Spain,1,92,8,1,0
484639,38,48626.3,Spain,1,42,9,2,0
12873654,35,69042.6,Saudi Arabia,1,306,7,5,0
12306903,36,40032.1,Spain,1,127,8,7,0
13833689,31,55673.5,Canada,2,322,8,8,0
12702286,21,1730.0,Spain,1,32,8,1,0
3225422,39,53738.5,Canada,2,1,7,1,0
14751459,31,1730.0,Spain,1,7,7,2,0
13477290,30,1730.0,Spain,1,27,8,3,0
4492954,41,1730.0,USA,1,73,8,4,0
9208014,48,8218.0,USA,1,11,8,1,0
6864220,29,63635.7,Saudi Arabia,0,279,7,12,0
15126833,18,1730.0,Canada,1,65,6,0,0
13844691,34,1730.0,Spain,1,20,7,1,0
3441491,45,28530.5,Spain,1,32,7,0,0
814978,40,20351.6,Spain,1,193,7,3,0
8959091,41,52983.0,Canada,1,67,8,6,0
4962043,44,24158.0,Spain,1,67,8,0,0
11944967,36,47641.4,Canada,2,67,8,2,0
10893127,27,43720.3,Spain,2,211,8,2,0
11267704,31,68118.3,Spain,1,396,7,9,0
2983616,42,1730.0,Canada,2,63,8,1,0
8456402,21,4932.0,Spain,1,39,8,1,0
6414651,46,1730.0,Australia,1,34,7,1,0
3586557,40,8508.6,Germany,1,62,7,2,0
11215763,45,98079.5,Germany,2,246,8,1,0
11781383,29,37979.6,Canada,1,129,8,2,0
4193984,48,52507.2,Germany,1,235,7,3,0
5123991,48,75563.8,Spain,1,437,6,5,0
1027686,39,35150.2,USA,1,83,8,8,0
16740959,33,53354.7,Saudi Arabia,1,30,8,2,0
197734,25,20683.1,Spain,2,29,8,7,0
8818153,38,15624.2,Spain,2,98,8,2,0
15173105,42,24574.9,Canada,1,59,8,13,0
13398560,46,21915.0,Mexico,1,101,7,1,0
5850512,23,1730.0,Saudi Arabia,1,0,7,1,0
16670732,36,1730.0,Spain,2,42,8,3,0
10992287,36,37656.0,Canada,1,216,6,2,0
12039369,43,19911.6,Saudi Arabia,1,43,7,11,0
16548383,36,12087.7,Spain,1,33,8,4,0
8787316,42,1730.0,Mexico,2,47,8,2,0
2266733,43,29145.2,Canada,1,40,7,6,0
15938711,33,37807.0,Saudi Arabia,1,47,8,9,0
13134726,33,8224.3,Canada,2,0,8,1,0
1781524,20,14583.4,India,1,1,8,3,0
4650505,54,1730.0,USA,2,40,8,1,0
16210527,31,1730.0,Canada,1,24,7,10,0
1257851,24,68470.4,Australia,1,139,7,8,0
5452272,39,50337.9,India,2,128,7,5,0
818097,22,6889.6,Spain,1,32,8,2,0
6576291,34,36900.6,Spain,1,126,7,1,0
16504969,28,36948.7,Spain,2,172,6,9,0
12631987,36,53708.0,Spain,0,68,8,4,0
2073038,28,14471.2,Spain,1,80,8,1,0
4616878,32,1730.0,Spain,1,22,7,2,0
13607922,54,44234.1,Spain,1,52,6,2,0
2378364,35,44242.8,Spain,1,309,6,2,0
11994543,35,21053.8,USA,2,123,7,3,0
11028540,25,2860.5,Spain,2,155,8,3,0
16346907,39,64886.8,India,1,173,8,0,0
3646592,60,9438.9,Saudi Arabia,1,76,8,2,0
7887796,18,9590.9,Germany,1,125,6,2,0
8394493,24,8446.7,Spain,2,64,7,2,0
2414999,49,20697.3,Canada,2,100,6,9,0
7134568,37,32563.0,Spain,2,411,8,1,0
13862663,32,66849.6,Spain,0,299,7,10,0
145473,26,37188.2,Spain,1,190,6,2,0
14041609,50,66707.4,Saudi Arabia,2,406,7,12,0
6942049,32,43848.6,Spain,1,57,7,3,0
7247182,55,1730.0,Spain,1,6,8,3,0
10384562,39,44997.7,Spain,2,273,6,2,0
14628273,40,25652.4,Saudi Arabia,1,133,7,1,0
5311587,44,53017.7,Spain,1,74,8,3,0
4061608,25,44121.9,Spain,1,37,7,2,0
7468902,60,93604.7,Saudi Arabia,0,214,8,2,0
6619144,35,78605.0,USA,2,295,6,9,0
6341149,27,1730.0,Spain,1,47,7,3,0
10126371,39,22820.7,Canada,1,99,8,5,0
6379060,18,83779.8,USA,0,137,6,2,0
7192224,61,79249.3,Germany,1,197,8,2,0
7911853,42,73856.7,Spain,2,88,7,3,0
6865290,37,13099.5,Spain,2,99,7,2,0
3904537,30,46563.7,Spain,1,213,8,4,0
16718155,18,8282.3,Australia,0,203,8,10,0
14506832,47,26948.9,Saudi Arabia,1,121,7,0,0
8934485,18,23831.5,Spain,2,34,7,2,0
1257183,30,56049.9,Canada,1,63,8,3,0
12471321,59,97143.7,USA,0,233,7,2,0
10941758,28,65013.3,Saudi Arabia,0,254,6,4,0
16752076,48,56108.1,USA,0,371,8,4,0
8154588,34,1730.0,Saudi Arabia,1,34,7,1,0
9912868,47,31483.5,Germany,1,173,8,0,0
3612724,38,11697.6,Spain,1,89,6,1,0
10053496,42,45159.2,Germany,1,255,6,10,0
11327019,40,62283.9,Saudi Arabia,2,181,7,2,0
16757843,56,53330.6,Spain,2,186,8,5,0
3693321,42,22166.8,Australia,1,390,6,2,0
2518830,22,42099.3,Spain,1,69,8,1,0
4323493,41,70694.9,USA,1,72,6,9,0
15821977,49,36266.7,Spain,2,184,8,2,0
16482200,28,8855.8,Canada,1,31,7,2,0
1133371,35,20412.2,Saudi Arabia,2,33,7,5,0
5744115,52,35931.3,Saudi Arabia,2,65,6,6,0
4002764,30,1730.0,Spain,1,66,8,1,0
16672817,47,23263.2,Canada,2,0,8,1,0
9264596,23,7423.4,USA,1,117,8,2,0
9735186,53,1730.0,Spain,1,170,8,6,0
3903700,18,56090.6,Spain,1,241,8,5,0
2874763,41,27889.1,Germany,1,342,6,3,0
8484750,32,2570.3,Australia,2,0,8,0,0
9664375,39,109492.8,Spain,1,372,6,2,0
13071513,33,47217.9,Canada,1,6,8,2,0
13051639,47,14895.8,USA,1,74,7,3,0
12314141,69,1730.0,Spain,2,48,7,0,0
14698920,31,11107.8,Spain,1,83,6,1,0
14974182,27,1730.0,Spain,0,108,8,1,0
2772474,34,15434.9,Saudi Arabia,1,66,7,3,0
2078806,48,2501.1,Canada,1,44,7,3,0
3342146,52,28346.1,Saudi Arabia,1,32,7,1,0
14696893,52,1730.0,USA,1,37,6,1,0
8209069,28,1730.0,Canada,1,0,6,1,0
3957684,36,27252.3,Spain,1,85,8,9,0
15888664,38,49637.6,Australia,1,221,8,4,0
2155993,47,40819.4,Spain,1,247,8,3,0
1201024,31,26907.5,Mexico,2,56,7,1,0
13356657,30,32868.7,Spain,2,202,8,1,0
4718604,62,38568.3,Saudi Arabia,1,84,7,2,0
3056246,31,8389.5,Spain,2,66,7,2,0
2587289,43,8836.5,USA,1,31,8,3,0
599710,36,15396.5,Spain,1,60,7,1,0
10755436,28,24096.3,Australia,1,61,7,2,0
16122333,25,2817.8,Spain,2,56,8,2,0
1345657,45,36102.7,Saudi Arabia,2,158,8,4,0
4475642,31,1730.0,Saudi Arabia,1,38,6,3,0
7773598,50,15058.4,Spain,1,60,8,0,0
9720530,31,31192.1,Spain,1,0,7,2,0
595660,31,95680.7,Saudi Arabia,0,378,7,3,0
5622852,29,54537.3,Germany,1,240,8,2,0
7395324,32,64191.5,Spain,1,66,6,6,0
16606075,40,54226.8,Canada,1,222,7,7,0
10990765,31,30558.1,Canada,1,63,8,1,0
3167218,39,35561.4,Spain,2,178,8,3,0
15615987,52,76496.2,Spain,2,397,6,13,0
13628186,44,62096.6,Spain,1,342,8,1,0
14227084,63,1794.1,Spain,1,9,8,2,0
692675,40,90759.1,Canada,2,115,8,4,0
4573686,26,44258.1,Canada,1,46,8,2,0
16161552,37,1730.0,Canada,2,213,8,2,0
11068510,44,1730.0,India,1,123,7,2,0
15744109,34,3102.3,Canada,2,9,7,1,0
3568119,54,65518.6,Canada,2,142,6,4,0
672481,35,57180.0,Spain,1,404,8,2,0
12047643,47,67450.3,Spain,0,68,7,1,0
6327023,30,1730.0,Canada,1,24,8,2,0
9977242,24,17899.9,Saudi Arabia,2,193,6,4,0
16107898,37,49696.2,India,0,141,6,5,0
6633553,41,1730.0,Spain,1,31,7,1,0
12784343,27,1730.0,India,1,30,7,1,0
6450863,33,41896.8,USA,1,362,7,3,0
12783800,41,59845.2,Spain,1,126,7,3,0
14680778,43,83768.9,USA,1,305,7,3,0
15853252,31,27224.0,Saudi Arabia,1,63,8,0,0
16434167,31,20579.2,Spain,0,50,7,3,0
4881360,34,1730.0,Spain,2,20,6,1,0
6004552,55,60350.3,India,1,425,6,6,0
8481533,19,49991.5,Saudi Arabia,2,345,7,8,0
8213244,27,1730.0,Saudi Arabia,1,52,8,5,0
1840691,37,67735.0,Spain,0,323,7,9,0
7067242,42,1730.0,Saudi Arabia,2,30,6,8,0
2577668,49,29549.5,Saudi Arabia,1,73,8,2,0
13970716,43,4339.7,Spain,2,34,6,0,0
5488054,36,15159.0,Spain,1,51,7,2,0
15494811,61,38100.0,Canada,1,370,7,2,0
2037227,53,59987.7,Saudi Arabia,1,151,6,5,0
10939789,31,17968.6,Spain,2,67,7,3,0
16654405,46,1730.0,Germany,2,9,8,3,0
16118829,18,1730.0,Canada,1,51,7,1,0
2960512,53,1730.0,Saudi Arabia,1,20,7,3,0
5723551,43,46936.2,Spain,0,322,6,2,0
10201403,34,25166.2,Australia,3,121,7,2,0
10239815,34,50666.4,Spain,1,61,8,1,0
3508553,26,14897.5,Saudi Arabia,2,34,6,0,0
8349515,31,47237.5,Spain,1,265,7,7,0
904168,69,49816.6,USA,0,143,8,8,0
9147685,47,57771.3,Saudi Arabia,1,184,9,3,0
4693767,44,1755.9,USA,2,52,6,4,0
9226560,51,33673.7,Canada,2,20,6,6,0
12740692,35,90225.5,India,1,369,7,5,0
11294931,33,60745.4,USA,2,1,8,2,0
7422017,37,57793.2,USA,1,326,6,1,0
14584026,44,82653.5,Australia,0,437,8,5,0
556336,22,49621.4,USA,1,307,8,2,0
14091358,31,50071.3,Australia,1,321,7,2,0
555840,44,40088.3,Canada,2,105,7,1,0
16596942,48,1730.0,Canada,1,71,7,1,0
14115328,68,47706.8,Canada,1,134,6,4,0
10886561,42,1730.0,Canada,1,63,8,2,0
6779433,51,70329.0,Spain,2,40,8,3,0
9431449,39,99847.7,India,1,400,7,4,0
3376614,35,29887.8,Canada,2,217,6,2,0
16308329,49,1730.0,Spain,1,26,8,2,0
8463529,21,1730.0,Germany,2,67,8,1,0
1536436,44,21803.7,Saudi Arabia,1,121,8,0,0
11869512,53,10757.1,Saudi Arabia,1,42,8,3,0
850941,21,16664.1,Canada,1,21,8,2,0
13306115,31,3738.5,Germany,1,38,6,3,0
6997881,31,1730.0,Spain,1,66,7,1,0
1417253,37,35194.8,Spain,0,32,6,1,0
3895871,44,32633.4,Australia,1,130,7,6,0
9210700,48,84504.7,India,1,172,8,5,0
323749,37,39774.8,Canada,1,45,8,2,0
2029838,28,41274.6,Spain,2,78,7,9,0
10059290,36,23807.2,Spain,2,184,8,3,0
15566189,37,3914.5,USA,1,20,6,2,0
14423140,29,4589.6,Spain,2,70,7,2,0
15843814,26,33343.5,Germany,1,53,6,1,0
4406902,50,1730.0,Spain,1,39,7,2,0
13082009,41,9228.7,USA,2,185,7,6,0
11573996,41,28064.6,Spain,2,11,7,1,0
8408422,55,86540.1,USA,0,306,8,9,0
1772969,41,49848.4,Spain,1,36,8,3,0
9283449,60,1730.0,Germany,2,44,6,2,0
2362786,34,9048.0,Spain,1,38,8,2,0
15698212,24,1730.0,Spain,1,85,7,2,0
10556422,43,1730.0,Canada,2,8,8,0,0
15702507,61,29076.0,Mexico,2,330,8,7,0
16347352,54,6441.2,USA,1,73,7,2,0
14535965,28,45301.7,Saudi Arabia,1,63,6,2,0
13983593,38,9279.2,Canada,1,51,6,1,0
495677,40,1730.0,India,2,64,6,1,0
5022472,45,9480.9,Saudi Arabia,1,34,8,2,0
13264834,29,73731.5,India,2,119,8,3,0
9394722,49,56735.3,Saudi Arabia,1,399,8,3,0
1201817,53,77437.6,Saudi Arabia,2,409,7,2,0
6411862,41,6889.7,Spain,1,122,7,2,0
13733943,47,1730.0,Germany,2,25,8,3,0
12620737,30,74575.4,Saudi Arabia,2,245,6,3,0
7454684,49,39839.9,Germany,2,94,6,3,0
6841114,33,90868.0,Germany,1,375,8,5,0
16186370,46,60076.3,Canada,1,52,8,3,0
7781164,52,47194.1,Mexico,2,8,8,3,0
11299948,25,1730.0,Spain,1,0,8,0,0
5455898,42,56050.6,Canada,1,75,8,3,0
10533094,61,1730.0,Spain,0,82,7,1,0
12501279,18,28477.1,USA,1,130,8,3,0
10804149,46,40762.1,Spain,1,288,8,11,0
7112551,38,51375.4,Spain,1,238,8,0,0
8863506,42,31509.6,Spain,2,72,6,2,0
16319201,38,11010.1,Spain,0,61,8,1,0
7752954,43,51875.1,Canada,1,221,8,1,0
12019262,22,44735.6,USA,1,91,7,2,0
7691441,35,1730.0,Saudi Arabia,2,5,8,3,0
7368368,51,1730.0,Canada,2,26,7,1,0
4370168,35,15071.0,Spain,0,56,8,3,0
2960852,70,36002.1,Canada,1,176,8,6,0
9448466,54,19108.7,Canada,0,289,8,2,0
364838,48,42362.7,Spain,0,126,8,8,0
2308221,30,89576.2,Saudi Arabia,1,155,8,6,0
14091845,30,23684.4,India,1,43,8,3,0
13489476,46,1730.0,Germany,2,31,7,3,0
14304705,31,1730.0,Australia,1,60,7,1,0
6592681,38,22060.0,Canada,0,73,8,3,0
5557578,47,1730.0,Saudi Arabia,1,11,8,1,0
4050955,28,10686.8,Spain,1,56,8,1,0
11710158,48,44296.6,Saudi Arabia,0,306,6,4,0
14455675,44,23852.0,Germany,1,376,7,2,0
8965581,32,18946.3,USA,2,53,8,2,0
1150636,56,63071.0,USA,0,335,8,6,0
6970199,38,1730.0,Spain,1,229,8,3,0
14477308,44,1730.0,Spain,2,70,8,3,0
6640254,45,22965.5,Spain,0,285,6,3,0
1169129,52,62058.9,Spain,2,214,6,4,0
4375613,45,78183.0,Germany,1,261,7,5,0
6306856,43,31545.7,Spain,1,175,8,2,0
186729,40,1730.0,Canada,1,36,8,3,0
13545697,46,1730.0,Canada,1,157,6,2,0
7861398,44,2492.8,Mexico,1,37,8,1,0
3515860,51,1730.0,Spain,1,75,8,1,0
13586667,32,1730.0,Saudi Arabia,1,193,6,2,0
12330404,45,1730.0,Spain,1,22,7,0,0
2479873,40,1730.0,Canada,2,39,8,2,0
7038175,51,24055.7,Canada,1,324,6,1,0
7286466,29,38590.7,Canada,1,350,7,0,0
1022367,43,61764.6,Spain,1,77,6,2,0
5766326,40,1730.0,Saudi Arabia,1,41,8,0,0
10013415,29,22764.2,Spain,1,323,8,9,0
2131278,49,67795.6,Canada,2,27,8,2,0
14297024,28,90665.7,Spain,1,299,8,3,0
2410512,52,59161.8,Australia,0,61,8,6,0
988594,38,15483.9,Canada,1,40,8,1,0
15427782,54,44777.9,Germany,1,314,8,7,0
10731512,48,40051.2,Canada,0,440,6,7,0
5169668,38,27335.6,USA,2,237,7,2,0
1161511,41,1730.0,Saudi Arabia,1,18,8,2,0
10156073,18,6680.9,Canada,2,45,8,1,0
1992446,37,1730.0,USA,2,211,6,4,0
107930,32,24083.7,Canada,1,132,8,6,0
5680984,56,59385.2,Spain,1,331,8,13,0
14796892,73,1730.0,Spain,1,125,9,5,0
6493978,50,80562.4,Spain,1,395,8,3,0
7713746,70,96621.7,Canada,0,300,6,3,0
3295859,31,75916.5,Saudi Arabia,1,76,8,2,0
326686,55,69473.3,Spain,0,73,7,5,0
6081710,38,13620.3,Saudi Arabia,0,94,7,1,0
1703410,53,1730.0,Canada,1,47,6,2,0
8385245,45,3929.9,USA,1,8,8,0,0
12148681,66,27613.0,Canada,1,52,6,5,0
2305932,40,55086.2,Canada,1,324,8,0,0
7170303,34,1730.0,Canada,1,2,7,2,0
1839548,53,69072.2,Mexico,1,73,7,2,0
8743404,22,35283.5,Spain,1,248,8,2,0
15522480,42,14701.3,Spain,2,28,6,1,0
10124185,45,10260.3,Canada,1,219,7,3,0
103855,39,68862.0,India,0,69,6,5,0
1281348,28,76179.9,India,1,173,8,5,0
9940368,19,28166.8,Spain,1,36,7,4,0
13671563,54,66706.2,Germany,1,63,9,8,0
5281834,46,81613.3,Australia,0,77,8,5,0
13366113,29,1730.0,Spain,2,14,7,2,0
8297035,49,43936.7,Australia,2,336,6,2,0
14967516,28,14863.7,Spain,1,210,8,3,0
13659903,36,1730.0,Spain,1,23,6,1,0
3916726,40,54755.4,Canada,1,116,7,10,0
16075646,42,66762.0,Spain,1,39,6,2,0
12211776,41,3564.1,Spain,1,323,7,2,0
6668259,26,65436.3,Saudi Arabia,2,66,8,1,0
12937439,49,46500.2,Saudi Arabia,1,190,8,4,0
9533347,48,98026.0,Australia,0,318,8,14,0
3035977,44,12949.5,Australia,1,93,6,0,0
9845143,48,36194.7,India,2,170,6,1,0
16124482,35,83377.2,Spain,0,271,9,6,0
2620610,41,27006.4,Spain,0,112,8,0,0
11280657,48,46420.2,Canada,1,177,7,1,0
10835544,30,1730.0,Germany,2,9,7,0,0
9502689,43,36806.8,Saudi Arabia,2,177,7,4,0
2197013,39,1730.0,Spain,2,22,8,1,0
5485177,61,79604.1,India,2,42,7,1,0
924654,41,65980.5,Mexico,1,221,8,3,0
14523844,49,22964.7,Australia,2,259,7,5,0
3494720,30,14791.0,Australia,0,100,9,2,0
7528756,30,74136.2,India,0,353,6,4,0
5424690,31,23978.6,Australia,2,49,7,2,0
8235359,42,53812.1,Spain,1,286,7,5,0
13981987,35,10743.2,Spain,2,57,8,2,0
10180413,57,51461.2,Spain,1,138,8,7,0
6635097,40,1730.0,Spain,1,95,8,2,0
9486808,31,15111.9,Spain,1,66,8,2,0
1392706,46,93442.6,Canada,1,219,8,3,0
4355943,32,19894.1,Canada,2,85,8,2,0
8560651,33,1730.0,Spain,2,82,8,3,0
399994,53,45306.2,Spain,2,122,8,1,0
10630678,31,78140.6,India,1,181,6,2,0
5345880,47,70735.3,Spain,1,231,6,11,0
14250801,37,19694.8,Saudi Arabia,1,44,7,3,0
9880328,46,61456.2,Spain,1,167,8,1,0
11102547,49,7605.5,Spain,1,54,6,1,0
4295660,35,29591.0,Germany,2,87,7,2,0
10383190,18,51793.9,Spain,1,55,6,2,0
8844104,27,70346.8,Spain,2,126,7,2,0
12856948,26,1730.0,Saudi Arabia,1,53,8,2,0
12316915,41,59935.0,Saudi Arabia,1,12,8,2,0
6230362,72,1730.0,Canada,1,22,7,1,0
15868739,34,52410.0,India,2,94,8,2,0
15409158,35,26756.8,Australia,1,28,6,2,0
8118693,18,35648.7,Germany,1,34,7,3,0
14980409,53,1730.0,Spain,1,48,6,0,0
15207269,37,1730.0,India,2,56,8,2,0
8179008,21,1730.0,India,2,76,6,5,0
4121604,33,75655.6,Canada,1,178,7,12,0
1165585,24,65023.2,Germany,1,139,7,4,0
5022691,32,1730.0,Saudi Arabia,1,33,8,1,0
15763569,46,54623.4,Canada,2,37,7,2,0
6400029,34,10350.8,Canada,1,84,7,7,0
5683028,37,34343.4,Spain,1,279,8,3,0
10706052,36,88388.8,Canada,2,101,9,6,0
7044794,38,10642.2,Canada,2,56,8,1,0
15151598,18,1730.0,Saudi Arabia,2,54,8,2,0
6003069,32,107463.4,Canada,2,325,6,7,0
191002,37,37419.5,Australia,2,63,6,3,0
6092812,34,35441.7,India,0,426,7,5,0
7384186,28,25347.1,Spain,1,23,6,3,0
13790558,36,1730.0,Canada,2,10,8,2,0
12159590,37,39671.4,Mexico,0,327,8,4,0
12008969,32,28164.9,Spain,1,215,6,3,0
899358,42,10497.9,Saudi Arabia,0,57,8,3,0
7248813,45,21652.5,Saudi Arabia,1,0,7,1,0
9597995,32,9175.7,Canada,1,131,6,1,0
9622360,38,16772.4,Spain,1,61,7,1,0
16222331,33,77340.4,Spain,0,334,8,4,0
3749301,30,39900.4,Spain,1,224,7,2,0
12743625,34,5565.9,Spain,1,54,7,1,0
10115540,41,1730.0,Spain,2,0,8,2,0
1245233,35,100864.0,India,2,345,7,13,0
2035921,55,92946.5,Germany,1,92,6,3,0
3936470,19,16950.6,Canada,1,101,6,5,0
6427043,46,47276.5,Spain,0,141,7,7,0
11505627,60,42439.3,USA,2,128,7,4,0
16003492,18,18967.2,Spain,2,47,8,3,0
5747708,26,21247.6,India,1,31,6,2,0
8815317,42,22157.6,India,1,44,7,4,0
5340875,40,34317.5,USA,0,104,6,1,0
1596656,39,72380.1,India,1,73,7,2,0
11075150,53,13487.9,Spain,1,38,8,1,0
12073872,21,21458.9,Spain,2,38,6,0,0
9340070,68,1730.0,Spain,1,44,7,3,0
16364151,53,1730.0,USA,1,66,7,1,0
14703959,55,1730.0,Saudi Arabia,1,152,8,3,0
10485792,36,28586.7,Saudi Arabia,3,190,7,1,0
11174277,46,73934.1,Germany,1,125,7,3,0
421793,47,61707.7,Spain,1,153,7,5,0
15761251,41,29044.8,Canada,2,127,7,2,0
1084955,18,1730.0,Canada,2,24,7,2,0
8695364,29,23341.9,Saudi Arabia,2,120,8,2,0
8376629,48,107578.2,India,0,134,7,7,0
11919602,49,7785.6,USA,2,26,8,1,0
3802348,39,1730.0,Saudi Arabia,1,49,7,3,0
4811891,64,26243.5,Australia,1,174,8,2,0
2854671,29,4566.3,India,2,81,6,1,0
14003622,27,1730.0,Saudi Arabia,1,2,7,2,0
15455116,41,59532.4,Spain,1,76,8,3,0
13758208,29,40867.2,Spain,1,27,8,2,0
3533836,37,14369.7,Spain,1,267,7,2,0
12513793,26,83534.9,Germany,2,90,8,5,0
16523681,50,45836.2,Canada,2,349,8,1,0
16727991,29,93594.8,Saudi Arabia,2,221,8,3,0
8541532,45,1730.0,Spain,1,26,6,3,0
12434042,34,60021.7,India,2,345,8,5,0
8878173,23,67381.2,Canada,1,11,8,1,0
14542510,35,90244.8,USA,1,72,8,3,0
3544150,43,1730.0,Canada,1,78,6,6,0
11012043,68,1730.0,Spain,1,25,7,3,0
10580796,52,108936.4,India,1,438,8,4,0
16679662,36,24115.0,Spain,1,60,7,1,0
15259363,63,61900.7,Spain,0,224,8,3,0
4985699,34,21962.1,Spain,1,102,7,2,0
7167466,44,4097.3,Canada,1,49,8,1,0
6103808,27,15268.8,Spain,1,262,6,1,0
7246271,27,67064.9,Canada,2,102,8,2,0
15915459,34,39771.5,Saudi Arabia,1,222,6,3,0
9848893,53,49689.4,Spain,2,302,8,2,0
6699075,60,51830.4,Saudi Arabia,1,224,7,10,0
13290876,49,46495.2,Canada,0,178,7,3,0
6869341,45,43456.0,Spain,2,86,8,1,0
1436385,30,8299.7,Australia,2,46,7,0,0
8819204,42,28797.4,USA,1,361,8,3,0
1861645,43,7833.4,Canada,2,61,8,2,0
12149542,36,6343.9,Spain,1,83,8,1,0
1010299,39,6978.4,Canada,1,44,8,3,0
4040038,44,1730.0,Canada,1,42,8,1,0
8446455,34,25057.5,Australia,1,126,6,1,0
5592019,41,1730.0,Germany,1,352,8,2,0
12336203,30,15583.7,Canada,0,237,7,1,0
3411500,56,6913.1,Germany,2,82,6,2,0
3527311,39,19440.7,Australia,2,140,8,5,0
11110712,51,35498.4,Spain,1,35,7,2,0
8021451,42,14988.7,Canada,2,49,6,1,0
4981298,39,104207.8,Saudi Arabia,0,138,8,1,0
8605210,26,82627.6,Saudi Arabia,0,389,6,3,0
9086384,40,55485.3,India,0,188,8,3,0
3845642,32,15467.1,Saudi Arabia,1,99,8,6,0
10351410,39,25057.8,Canada,1,68,8,2,0
1928250,45,8077.1,USA,1,51,7,3,0
14359098,47,43287.6,Saudi Arabia,2,366,9,3,0
16742511,41,1730.0,Saudi Arabia,2,16,8,2,0
11679045,31,59300.6,USA,1,240,7,7,0
13289263,31,1730.0,Spain,1,3,7,2,0
7529407,23,17178.1,Mexico,2,58,7,4,0
3347500,24,26519.2,Canada,0,62,8,13,0
3234612,49,22515.1,Australia,1,50,8,1,0
15241413,57,53301.6,Spain,2,327,6,7,0
10416690,50,61186.7,USA,0,22,8,3,0
11308022,30,26783.5,Saudi Arabia,1,284,7,4,0
15875139,27,1730.0,Spain,1,34,6,3,0
8130768,30,1730.0,Saudi Arabia,1,32,7,2,0
11977944,30,34450.6,Canada,1,353,8,5,0
15981063,27,1730.0,Spain,1,3,8,1,0
13919367,45,15034.1,Spain,1,42,8,2,0
9182057,45,33895.0,Spain,1,96,8,4,0
6828020,54,1730.0,Spain,1,64,6,2,0
16384292,36,61826.0,Canada,1,326,8,4,0
13970435,34,12047.7,Spain,1,44,8,2,0
12506265,67,49006.2,Spain,1,410,6,6,0
11847463,56,85282.8,Germany,0,51,7,3,0
7822058,41,22144.6,Spain,1,24,8,1,0
3292459,28,2843.9,Spain,2,4,7,1,0
6336951,39,3770.8,Spain,1,331,6,3,0
8908013,27,106649.5,Canada,0,363,6,1,0
2426508,66,49849.6,Canada,1,290,7,3,0
14613835,44,1730.0,USA,2,28,7,3,0
12084468,27,12209.0,Saudi Arabia,2,192,6,12,0
15375859,58,22811.7,India,1,67,8,4,0
16404375,45,1730.0,Canada,1,73,6,1,0
5009322,58,78715.7,Canada,2,341,6,2,0
10312830,30,24549.9,Canada,2,15,7,3,0
4247579,33,27871.5,Spain,1,60,8,2,0
742884,33,8979.1,Canada,2,80,7,1,0
15064861,70,34425.1,Spain,1,84,7,1,0
8779407,54,65134.6,Spain,2,218,6,7,0
5948707,35,39809.7,India,1,84,8,8,0
5455921,24,36577.3,India,1,218,8,2,0
2099819,30,21973.2,Saudi Arabia,1,7,8,1,0
12562014,27,1730.0,Canada,0,64,8,4,0
11787379,52,81971.5,Mexico,0,411,6,1,0
1877049,40,53543.9,Spain,0,265,7,4,0
4139735,41,71183.1,Spain,1,337,6,13,0
8174290,44,4754.1,Spain,1,44,8,1,0
10201521,32,12611.0,Saudi Arabia,1,44,8,1,0
10392209,36,1730.0,India,1,20,8,1,0
3855296,57,27323.5,Spain,2,54,8,2,0
7773617,42,12492.5,Mexico,1,32,8,1,0
12059495,51,43642.9,Australia,0,179,7,4,0
9044833,44,29434.9,Saudi Arabia,2,10,8,5,0
14111134,29,49946.9,India,0,425,8,5,0
10352590,31,1730.0,USA,1,27,7,0,0
13277042,35,22029.3,USA,1,387,8,5,0
11581106,49,14900.4,Germany,2,50,6,1,0
12750081,29,53501.3,Germany,2,310,8,2,0
14485969,23,26324.5,USA,1,132,8,6,0
11890093,37,22551.7,India,1,133,8,4,0
14012100,47,71356.2,USA,0,101,8,2,0
9329525,18,76478.3,Australia,0,421,8,6,0
3316645,29,45257.3,Spain,2,232,8,3,0
3409505,21,1730.0,Spain,2,39,8,2,0
403412,35,20597.5,Spain,1,368,7,5,0
4695373,43,46257.5,Spain,0,212,6,5,0
16177202,38,4018.4,Spain,1,12,7,1,0
15024553,31,3127.5,Spain,2,79,8,2,0
2737790,48,31052.9,Spain,2,72,7,2,0
5863932,37,15309.5,Australia,2,127,7,1,0
6452964,53,54669.7,Germany,1,118,6,10,0
13387196,39,19648.6,Spain,1,30,7,2,0
12700314,38,32827.6,Spain,1,12,8,2,0
7902900,18,1730.0,Canada,1,38,7,2,0
1638248,36,6652.9,Canada,1,8,8,3,0
16086835,54,26417.0,Spain,1,131,7,2,0
10757119,29,91010.4,Canada,0,78,8,3,0
1121884,23,73258.8,Canada,1,300,6,4,0
7161882,45,51706.2,Spain,2,219,7,1,0
6942229,46,21131.7,USA,1,125,8,1,0
2252784,31,24857.7,Spain,2,59,6,0,0
7270720,34,43471.1,Spain,1,114,7,4,0
14347363,31,29435.1,Canada,1,62,8,4,0
11197526,58,39086.7,Saudi Arabia,1,339,7,3,0
4885685,56,89704.2,Saudi Arabia,2,193,8,3,0
13391571,40,1730.0,Canada,1,252,6,6,0
9667791,24,1730.0,Germany,0,65,8,1,0
11413041,33,37122.9,Canada,1,201,8,8,0
4946195,37,34828.4,Canada,1,20,6,2,0
11076371,52,20107.7,Spain,1,83,7,1,0
15526080,31,9176.9,Canada,1,41,8,3,0
14805648,18,1730.0,Germany,1,27,8,3,0
15042220,31,1844.0,Spain,1,16,8,6,0
3418370,38,17060.9,Canada,2,371,7,1,0
13245311,28,81223.1,Saudi Arabia,0,73,8,2,0
12461178,32,20692.3,Canada,1,63,8,2,0
16564268,44,26261.2,Spain,1,69,6,4,0
12916792,37,1730.0,Germany,1,55,9,1,0
10337871,56,44903.9,Spain,0,214,8,5,0
10753357,65,26142.2,Canada,2,46,8,9,0
16131763,34,1730.0,USA,2,27,8,3,0
15911662,35,7117.4,Spain,1,67,8,1,0
5866567,51,68019.7,Spain,1,27,8,2,0
5310191,45,25824.9,Australia,2,436,6,4,0
1384266,41,31793.4,Spain,1,305,8,2,0
14252507,46,99242.0,Spain,0,272,7,7,0
7676084,31,1730.0,Spain,1,49,6,4,0
2910545,40,46105.9,Saudi Arabia,1,294,7,3,0
15156198,31,5498.9,Spain,2,73,8,1,0
10249241,43,1730.0,Canada,2,5,8,1,0
12261928,37,3510.2,Spain,1,168,7,1,0
885622,41,47108.5,Saudi Arabia,2,198,7,9,0
14080768,29,1730.0,Spain,1,10,7,0,0
2443117,38,60386.5,Spain,1,397,8,0,0
9572157,48,81419.4,Saudi Arabia,1,196,8,9,0
9138370,49,100367.3,Germany,0,339,6,4,0
13858906,47,73219.2,Germany,0,265,8,5,0
3498643,26,97985.6,Spain,1,426,7,4,0
7164437,46,29927.1,India,2,70,8,2,0
15962740,45,11270.1,Spain,1,100,8,3,0
15092498,36,22454.4,India,1,57,6,3,0
4023246,27,23396.8,USA,0,76,7,4,0
11718692,62,90919.9,Australia,1,200,6,2,0
5100194,34,27349.6,Canada,2,22,8,4,0
113157,34,1730.0,Spain,2,15,8,3,0
2622592,29,1730.0,Spain,1,18,7,2,0
9197937,54,56410.1,Canada,0,200,7,4,0
3088454,29,49106.3,Spain,2,133,6,0,0
3104666,37,47899.6,Canada,0,191,7,3,0
9021779,53,36736.9,Spain,1,124,7,3,0
8439414,22,13301.2,Canada,1,12,8,0,0
15192781,39,17836.6,Spain,1,59,6,0,0
10752880,40,31810.8,USA,2,297,7,6,0
13826758,70,68147.6,Canada,1,223,6,4,0
3986334,46,63974.0,Spain,2,222,6,6,0
275171,44,14474.9,Canada,2,92,8,1,0
3756220,33,1730.0,Spain,2,5,6,1,0
934651,18,1730.0,Saudi Arabia,1,5,8,1,0
6484363,29,10237.3,Australia,1,125,6,3,0
15341992,41,46630.4,Saudi Arabia,0,168,6,3,0
12736952,34,52208.8,India,1,295,6,3,0
565008,39,41559.7,USA,2,103,6,2,0
10164368,35,42978.3,Spain,1,76,7,2,0
456332,19,84340.4,USA,1,20,7,2,0
1087199,33,1730.0,Spain,2,4,6,1,0
12591464,45,1730.0,Spain,2,9,6,2,0
65352,43,1730.0,India,2,55,8,8,0
11623758,31,1730.0,Spain,1,54,8,1,0
12921434,42,62682.2,Canada,1,274,7,3,0
11583290,40,36771.8,Spain,1,46,7,2,0
7735312,46,1730.0,Canada,1,38,8,4,0
15270433,21,29742.6,Spain,1,16,6,1,0
7840460,30,48540.7,Spain,1,49,7,10,0
16693447,64,40885.8,Canada,1,50,6,4,0
5933352,63,57980.3,Spain,0,307,7,2,0
13891691,32,34249.5,Saudi Arabia,1,48,8,7,0
14449492,60,35965.8,Australia,1,21,6,2,0
2701728,43,20639.7,Canada,1,22,6,1,0
1034441,37,23507.8,Saudi Arabia,2,27,8,2,0
14507168,35,2000.1,Saudi Arabia,1,3,8,2,0
13640683,23,1730.0,Canada,2,40,7,3,0
9823479,59,36483.0,Canada,2,222,6,5,0
514046,42,14374.7,Canada,2,91,6,2,0
9559309,18,34421.9,Spain,1,133,7,5,0
10308844,45,14198.6,Spain,1,31,7,2,0
14306703,18,6571.1,India,2,7,8,1,0
1610030,42,4181.8,USA,1,0,8,0,0
13387580,30,4575.8,Spain,1,31,7,2,0
15691376,56,2730.8,Canada,1,22,6,6,0
15892673,40,64660.7,Spain,1,214,8,3,0
2699634,55,51558.0,Saudi Arabia,2,46,6,2,0
15953259,28,47843.0,Saudi Arabia,0,73,6,3,0
1377345,42,71886.3,Spain,2,266,9,2,0
16567435,40,33710.2,Saudi Arabia,2,112,8,2,0
8317353,67,58004.4,Canada,1,180,9,1,0
53915,34,90981.6,Spain,1,297,6,9,0
5751026,38,41418.3,Canada,1,349,8,9,0
3802954,38,1730.0,Australia,2,61,8,3,0
15343169,39,1730.0,Spain,1,48,7,2,0
14494687,37,12673.9,Saudi Arabia,2,75,6,2,0
9777428,35,16989.2,USA,1,32,7,1,0
6625229,40,3375.8,Canada,1,7,7,1,0
9858273,58,74183.5,India,3,198,7,8,0
14030508,62,7435.6,Spain,2,66,6,6,0
7691742,34,20004.8,USA,2,180,6,2,0
7816947,34,39881.5,Spain,1,118,6,2,0
911889,21,1730.0,Spain,1,60,7,2,0
8227323,52,100061.4,USA,1,341,8,6,0
11409623,18,5135.7,Spain,1,79,8,1,0
12164367,21,1730.0,Spain,2,39,8,3,0
3526510,37,1730.0,Spain,1,62,7,1,0
13200658,43,34147.8,Spain,2,50,8,2,0
8957984,55,50460.5,Germany,2,91,7,2,0
2197391,41,65019.4,Australia,1,149,8,4,0
7957656,32,72439.5,Spain,0,69,8,3,0
11271635,38,1730.0,Spain,2,75,8,3,0
1280705,38,44457.1,Spain,1,33,7,1,0
3531345,65,55906.1,Canada,0,175,7,1,0
304026,53,1730.0,Spain,1,29,7,3,0
1468225,34,16390.5,Spain,1,134,7,2,0
5411208,31,1730.0,Spain,1,16,8,1,0
12756797,37,9798.2,Saudi Arabia,1,45,7,2,0
13913531,42,51358.9,Spain,1,66,7,9,0
15978243,25,1730.0,Saudi Arabia,1,23,7,2,0
15137319,34,82888.0,India,1,89,7,3,0
15203032,62,12001.4,India,2,143,6,1,0
11415456,32,69285.8,Australia,1,418,8,3,0
10975871,50,1730.0,Spain,1,49,8,1,0
8685786,39,1730.0,Germany,1,188,7,8,0
10754159,37,36377.5,India,1,360,8,8,0
8107748,43,1730.0,India,1,43,8,6,0
15965408,41,1730.0,Canada,1,31,7,1,0
8437341,45,64616.1,Spain,1,294,6,4,0
1631129,64,11897.2,USA,1,85,6,3,0
1963127,28,48191.3,Spain,2,39,7,1,0
7432600,71,1730.0,Spain,1,22,7,4,0
13768402,39,79129.8,Germany,0,409,8,3,0
14092839,35,10873.0,Canada,1,34,8,1,0
5673210,38,47313.6,Spain,1,2,6,1,0
11596096,35,12624.3,Canada,2,52,7,2,0
904270,39,1730.0,Spain,1,26,8,2,0
1840595,50,85040.4,Saudi Arabia,1,377,6,2,0
13141192,58,70498.8,India,1,363,8,9,0
1759026,31,25195.9,Spain,1,247,7,3,0
9066212,28,18599.4,Germany,1,28,7,0,0
1121209,48,2170.3,Spain,2,40,8,1,0
15638901,27,25815.0,Spain,1,314,7,5,0
14226557,48,38486.1,Saudi Arabia,2,97,7,6,0
5787844,32,36592.7,Saudi Arabia,1,45,7,1,0
13418609,52,5043.4,Saudi Arabia,2,287,7,8,0
16603935,46,1730.0,Canada,2,27,8,1,0
93929,24,43828.8,Spain,1,37,7,2,0
14521839,32,34878.7,Canada,2,78,8,4,0
8925816,54,68510.1,Germany,1,76,8,0,0
3960829,26,37234.4,Spain,2,266,7,3,0
10238561,24,39059.4,Spain,1,123,7,3,0
15856058,53,1730.0,Saudi Arabia,1,53,7,0,0
2917387,46,2374.2,Australia,1,35,8,5,0
10616408,32,63214.7,Mexico,1,346,8,2,0
9642456,38,13463.0,Spain,0,42,6,1,0
4072457,42,38567.1,Australia,1,103,8,2,0
617148,46,55701.9,Canada,2,375,8,2,0
11240169,35,1730.0,Saudi Arabia,1,39,7,0,0
7461756,27,21582.4,Canada,1,105,7,4,0
14034666,44,10012.5,Saudi Arabia,2,12,7,0,0
13121966,63,22698.8,Canada,1,198,8,2,0
6069540,55,40249.2,Canada,1,190,7,4,0
7388327,52,49198.6,Saudi Arabia,1,51,7,1,0
5862351,26,1730.0,Spain,1,31,8,0,0
6840036,43,71490.4,Saudi Arabia,1,401,6,3,0
5631036,36,81507.7,Australia,0,286,7,14,0
4428150,35,67151.7,Canada,2,89,7,2,0
3711833,31,19416.3,Saudi Arabia,1,396,7,1,0
14776456,65,20011.2,Spain,0,382,7,3,0
14144180,50,15074.2,Spain,1,133,7,5,0
14294089,59,51046.3,Spain,1,120,7,12,0
9317248,32,1730.0,Spain,1,36,7,2,0
376648,55,41008.2,Canada,1,327,6,10,0
2151459,36,10128.5,Spain,2,26,7,4,0
7136023,61,1730.0,Germany,1,17,7,2,0
14681662,37,92626.8,Saudi Arabia,1,365,7,8,0
16534366,26,15231.3,India,1,40,8,3,0
13162275,36,14487.6,India,1,62,6,1,0
6383176,44,75929.9,Spain,1,70,7,2,0
15222752,41,83695.3,Spain,0,311,8,7,0
7930716,44,26201.0,Canada,1,273,8,5,0
3749696,42,53530.0,Germany,2,430,6,3,0
5964694,24,34804.3,Canada,2,104,6,3,0
44219,57,1730.0,Canada,2,43,8,1,0
4702801,29,29536.8,Spain,2,133,6,4,0
737437,32,1730.0,Canada,2,17,8,0,0
6873625,23,89171.1,Spain,1,71,8,1,0
5995557,41,41789.0,Canada,0,205,6,2,0
16671865,35,40588.5,Saudi Arabia,1,241,8,3,0
6184925,37,27564.9,Spain,1,81,8,6,0
8400469,38,6409.1,Spain,2,69,8,1,0
9959121,47,43548.4,Spain,1,198,7,3,0
9809997,56,59154.0,Saudi Arabia,2,144,7,3,0
11370089,28,18570.5,USA,2,115,7,6,0
5324251,28,36649.6,Saudi Arabia,1,17,8,2,0
9052711,18,8507.5,USA,0,242,8,7,0
7513071,41,34416.0,Spain,1,354,8,6,0
6309294,55,2712.2,USA,1,47,7,0,0
9794374,49,15966.4,Spain,1,330,6,3,0
12991483,45,16552.2,Germany,0,140,7,3,0
14684834,44,10485.8,Saudi Arabia,1,82,7,4,0
12442682,24,11668.8,Spain,1,53,8,2,0
10437513,40,45067.4,Saudi Arabia,1,263,6,9,0
9356735,39,84834.1,Germany,1,42,9,4,0
6112179,37,15726.6,Canada,1,8,6,3,0
11386444,38,93984.3,Spain,0,410,8,10,0
1301964,37,9125.4,Spain,1,54,7,1,0
321193,38,1730.0,Spain,3,60,9,6,0
13494967,36,28310.4,Spain,1,60,7,1,0
10298408,34,47313.9,Saudi Arabia,1,231,7,4,0
15227428,32,5103.7,Spain,1,56,8,2,0
5196230,35,40181.3,Germany,1,140,6,3,0
10780500,42,10309.4,Saudi Arabia,1,48,8,3,0
12866395,48,1730.0,Canada,1,45,7,2,0
3263755,43,12685.6,Spain,2,99,7,1,0
15832118,36,13690.9,Spain,2,159,6,2,0
10667351,30,1730.0,Canada,1,27,8,1,0
11306415,36,24650.3,India,1,128,7,6,0
14016406,47,11369.4,Spain,0,67,6,6,0
7210871,41,57846.3,Canada,2,129,6,2,0
16745668,22,45418.3,Spain,1,109,6,2,0
10248276,21,47069.1,Spain,1,341,8,5,0
4781350,36,3042.3,Spain,1,72,7,2,0
5824947,30,29542.1,Germany,1,83,7,9,0
1188394,27,74377.7,Australia,2,136,8,6,0
12345042,32,18785.2,India,1,73,8,7,0
2681676,40,1730.0,Spain,2,52,6,1,0
1732877,61,17165.6,Canada,2,58,7,3,0
497826,35,35267.3,Canada,0,137,6,2,0
13429734,36,7355.1,Saudi Arabia,1,113,8,4,0
8072805,21,48434.1,Spain,2,151,7,3,0
4026876,41,40621.3,Spain,1,56,10,3,0
10607306,31,10611.5,Canada,2,30,8,3,0
4491799,36,57427.3,Spain,1,286,8,2,0
15244396,47,51523.7,Spain,1,120,7,5,0
14609425,30,43133.9,Saudi Arabia,2,19,8,2,0
6184563,53,35822.0,India,1,189,7,1,0
1168650,54,27343.8,Canada,2,233,7,1,0
4497616,25,66306.3,Australia,1,256,8,9,0
8461235,48,47461.4,Germany,1,393,6,4,0
10044683,39,1889.0,Germany,1,73,8,3,0
16003158,32,23710.6,Saudi Arabia,1,5,8,3,0
5527469,55,43395.8,USA,2,315,7,4,0
7788815,49,54994.7,Saudi Arabia,1,143,7,7,0
8912143,31,10364.6,India,2,33,8,1,0
14385540,32,26915.5,Spain,1,43,8,2,0
10674599,25,26957.6,Germany,1,258,8,5,0
2789625,27,1730.0,Canada,2,1,6,3,0
3574448,34,1730.0,Saudi Arabia,1,44,8,1,0
11294743,38,16944.5,Australia,1,118,6,2,0
2354889,36,1730.0,Spain,2,42,8,2,0
11327537,32,44261.2,Spain,1,265,7,8,0
3407664,25,34475.4,Canada,1,38,6,1,0
5879428,46,14414.6,Canada,1,59,8,4,0
13777040,39,10620.0,USA,1,56,6,2,0
7878217,64,11772.8,Germany,1,34,6,4,0
11579220,27,89537.3,Canada,1,116,8,3,0
3630821,32,2276.2,Saudi Arabia,1,14,7,2,0
13456117,43,36766.4,Saudi Arabia,1,88,8,2,0
4288173,47,1730.0,Australia,1,124,8,3,0
1161362,32,32022.2,India,1,63,8,2,0
3793914,33,68146.7,Canada,2,176,6,6,0
12127337,42,64694.3,USA,2,189,8,8,0
15590654,37,1730.0,Canada,1,83,6,2,0
8811661,47,23026.9,Canada,2,115,8,3,0
12516980,29,85811.8,Germany,1,182,8,3,0
9087494,47,20081.0,Canada,0,308,8,2,0
4944944,21,12988.2,Canada,1,2,8,3,0
11496570,32,1730.0,India,1,32,7,1,0
11606475,33,17721.0,Spain,2,45,6,3,0
6413668,18,43562.2,Spain,0,361,6,3,0
16091965,22,1897.4,Saudi Arabia,2,56,8,9,0
3047733,66,53541.1,Canada,1,133,6,4,0
9013822,46,46803.1,Spain,0,232,8,2,0
12316736,68,19314.9,Spain,2,54,8,2,0
885856,29,1730.0,Spain,2,56,7,1,0
1657773,33,111787.0,Germany,0,321,8,7,0
5017035,35,93931.2,USA,0,253,7,11,0
2253120,32,1730.0,Canada,1,35,8,1,0
7304497,43,34370.2,Canada,1,245,8,1,0
13529916,50,86801.1,Saudi Arabia,1,32,6,1,0
5014526,36,42801.0,India,1,64,8,2,0
13054471,35,1730.0,Canada,2,3,8,2,0
9329642,32,26843.9,Spain,2,37,6,0,0
4738532,53,24430.9,Spain,1,88,7,10,0
9829173,52,51049.2,Saudi Arabia,2,289,7,5,0
4546540,63,47250.9,Spain,1,335,8,7,0
1053431,18,1730.0,Saudi Arabia,2,12,7,1,0
11321515,38,49129.2,Canada,1,39,7,3,0
11584862,29,23928.3,Saudi Arabia,1,25,7,2,0
7938970,34,34032.8,Australia,1,43,8,1,0
7045223,25,1730.0,Canada,1,25,7,3,0
8122216,21,18950.5,India,1,18,8,3,0
7404895,39,35722.6,Spain,1,410,8,5,0
15714317,38,6672.8,USA,2,0,8,2,0
6573014,36,1730.0,Saudi Arabia,1,56,8,1,0
4767468,44,11090.3,Spain,1,42,7,2,0
3798013,54,23047.1,Spain,1,32,6,1,0
10284403,49,14988.8,Spain,2,284,7,3,0
10450375,20,4785.9,India,1,36,8,6,0
10124919,25,24910.4,Canada,1,55,6,2,0
1350204,47,14990.3,Spain,2,125,8,1,0
9906042,39,76320.2,Spain,1,217,7,3,0
4662013,48,34952.3,Spain,1,47,7,1,0
6002916,42,31203.0,Spain,2,59,7,1,0
11261918,48,41059.6,Spain,2,343,7,6,0
11233317,26,1730.0,USA,2,27,8,1,0
42049,26,56503.1,Australia,2,56,8,1,0
7877433,62,1730.0,Spain,1,36,7,2,0
5923737,50,85017.5,Spain,1,130,8,11,0
10986780,32,24874.1,Spain,1,401,8,6,0
5206114,46,27726.1,Spain,0,342,8,1,0
9922452,50,95532.3,Australia,2,95,8,11,0
11207759,33,1730.0,Spain,2,84,8,2,0
3718884,38,4422.3,Canada,0,16,8,1,0
5172762,57,12851.1,Canada,2,438,8,3,0
611430,46,48063.5,Canada,1,157,8,5,0
6032105,31,31074.6,Spain,1,264,7,1,0
9480487,36,10655.1,Spain,1,239,7,5,0
9825918,18,48030.8,Spain,2,69,8,2,0
8280538,46,86342.7,Australia,1,75,6,6,0
7947174,37,1730.0,Spain,1,34,8,3,0
15355472,59,1730.0,Saudi Arabia,1,276,7,3,0
8836716,39,36646.5,Spain,1,393,6,2,0
12307827,65,14205.5,USA,1,434,6,1,0
10740723,37,62584.3,India,1,338,7,2,0
10564496,41,22313.8,Spain,0,151,8,3,0
9664897,41,32888.0,Australia,0,396,6,4,0
13158068,55,35589.6,Spain,0,312,6,2,0
13700195,49,55536.9,Canada,1,331,7,9,0
14455791,45,72981.8,Spain,1,101,7,2,0
6952579,43,1730.0,Spain,2,141,8,1,0
9793946,49,44843.3,Canada,2,83,6,4,0
3432208,31,28085.3,Spain,1,54,7,0,0
15000806,36,1730.0,Spain,1,38,7,2,0
2663129,28,1730.0,Spain,0,30,7,0,0
10137731,28,6144.3,Spain,1,12,7,2,0
5993003,28,31892.3,Spain,2,61,6,3,0
2076678,60,48496.7,Germany,1,425,7,8,0
9638292,33,22320.8,USA,1,0,8,2,0
11236409,50,87826.6,Germany,1,369,6,3,0
12716340,51,4578.1,Canada,1,33,7,0,0
16502638,18,8667.0,Saudi Arabia,1,6,8,2,0
11063707,45,46494.1,Spain,2,132,8,2,0
10157782,38,1983.7,Spain,1,10,8,1,0
3148424,38,39305.1,Australia,1,402,8,3,0
2098789,24,29153.9,Spain,1,112,7,7,0
1753015,35,1730.0,Spain,0,16,7,0,0
3456822,40,45751.9,Spain,0,35,7,3,0
5452459,40,27134.2,Saudi Arabia,1,84,7,12,0
9401286,40,41102.9,Australia,1,74,6,5,0
8523529,44,1730.0,Mexico,1,129,8,3,0
12649737,46,1730.0,Spain,1,56,7,9,0
4808914,59,17244.8,Saudi Arabia,1,178,8,3,0
2790139,44,66647.7,Canada,0,325,6,3,0
6137161,46,43929.3,Spain,1,113,8,1,0
5433925,37,1730.0,Saudi Arabia,1,19,8,0,0
15087997,33,53009.2,India,0,42,8,2,0
13940109,26,37100.3,India,2,52,6,1,0
14763748,27,98205.8,Spain,1,88,6,12,0
9308138,56,15408.9,Saudi Arabia,1,60,6,1,0
11382677,40,8852.6,Spain,2,81,7,2,0
16532144,52,1730.0,Spain,2,13,7,4,0
9308953,29,1730.0,Australia,1,49,6,2,0
10979497,39,1730.0,Saudi Arabia,2,54,8,2,0
3112807,52,3689.7,Spain,1,61,8,0,0
14285340,33,35940.1,USA,0,91,8,6,0
3337912,57,1730.0,Germany,2,27,8,1,0
3208712,37,1730.0,India,1,92,8,6,0
14075130,42,1730.0,Spain,1,67,8,0,0
7961432,36,39314.7,Saudi Arabia,2,40,8,2,0
8561709,26,66041.7,Spain,1,221,8,7,0
7072531,24,1730.0,Spain,1,29,8,0,0
12858955,33,74432.6,USA,2,339,8,2,0
2257740,35,42275.8,India,1,43,7,1,0
13692396,46,13794.8,USA,2,53,6,1,0
4200343,29,34271.9,Spain,0,232,8,1,0
13864835,50,42983.1,USA,1,362,7,8,0
10057578,27,1730.0,Australia,2,42,7,1,0
11192724,32,33712.1,Canada,2,293,6,2,0
13684533,44,46161.9,Spain,1,170,7,4,0
10220879,32,58946.3,Spain,0,372,8,1,0
606118,18,68475.1,Canada,1,47,7,1,0
13344241,43,45418.3,USA,2,207,6,3,0
10500845,31,78694.2,USA,0,255,8,2,0
1005978,48,1730.0,Canada,1,40,8,1,0
9369712,40,71886.1,Germany,1,378,7,9,0
11515427,31,14733.9,Saudi Arabia,1,182,6,1,0
4539797,43,58752.4,Germany,1,104,7,6,0
3220472,35,1730.0,Spain,2,33,8,1,0
5921386,21,1730.0,Spain,1,7,6,4,0
4866555,30,12487.8,Australia,1,10,8,1,0
5516769,46,21966.4,Spain,1,73,7,7,0
1134086,50,68860.4,USA,1,441,8,3,0
4955808,58,19473.8,Spain,2,34,6,2,0
3539586,48,56994.0,Spain,0,373,8,5,0
3171553,39,22979.6,Spain,1,53,10,2,0
4071846,66,15512.5,Canada,0,78,6,7,0
14616540,41,54568.7,Spain,1,49,8,3,0
8586122,49,36110.9,Saudi Arabia,1,338,7,7,0
6438621,46,22480.1,Saudi Arabia,2,51,8,2,0
3093253,48,47284.4,Spain,1,148,7,0,0
14793993,22,51091.2,USA,1,93,8,8,0
16273156,36,1730.0,Spain,1,23,8,2,0
4370341,42,47108.0,Australia,3,87,8,3,0
11958294,57,61094.6,Spain,2,179,7,4,0
1477566,37,73377.3,Australia,1,101,8,6,0
13858955,53,48587.2,Spain,1,345,8,11,0
7696754,35,1730.0,Spain,1,21,7,2,0
5241161,37,29445.4,Mexico,2,279,7,2,0
5786910,25,65567.5,USA,1,178,8,1,0
134313,33,58778.9,Saudi Arabia,0,177,6,1,0
11718616,18,31871.8,Saudi Arabia,2,297,7,3,0
6482726,57,82082.8,Spain,3,436,8,12,0
15094836,32,1730.0,Canada,1,19,6,3,0
188320,33,22684.7,Australia,1,198,8,4,0
9252954,31,23992.0,Canada,1,81,6,3,0
2493324,36,1730.0,Mexico,2,15,7,2,0
7793056,46,16101.3,USA,2,58,6,1,0
2800152,47,34201.7,Saudi Arabia,2,171,9,8,0
9444932,23,69269.8,Saudi Arabia,0,291,8,4,0
435506,32,93461.1,Canada,1,328,6,2,0
4342609,37,58622.0,India,1,269,7,4,0
8839907,39,1730.0,Spain,1,52,7,1,0
14198231,23,57134.6,USA,0,46,8,3,0
4071757,38,81853.7,Germany,1,267,8,4,0
15682913,47,7763.5,USA,1,45,8,1,0
4165908,38,102942.7,Australia,1,181,7,3,0
14122715,68,29711.4,Spain,2,267,8,2,0
10651616,42,25950.7,Spain,1,83,7,3,0
10845091,28,41432.3,Spain,1,47,8,7,0
9999690,34,24510.5,Germany,1,189,7,3,0
12144257,33,9215.1,Spain,1,61,7,1,0
3849506,24,48158.2,Australia,1,103,6,2,0
6832279,38,18353.4,India,1,23,7,2,0
11826543,61,29015.4,Spain,2,110,8,3,0
2312362,33,1730.0,India,1,85,7,0,0
7450245,48,1730.0,Germany,1,27,6,5,0
6719429,45,49305.4,Canada,2,343,7,2,0
5987155,49,1730.0,Spain,0,67,6,3,0
703236,36,50049.2,India,1,121,7,8,0
12512,34,91204.6,Spain,1,121,7,6,0
8536454,41,100935.3,Saudi Arabia,2,238,8,3,0
10270367,47,26882.3,Spain,2,32,7,1,0
6525946,31,1730.0,Spain,2,46,7,4,0
2226780,49,13609.6,Spain,1,75,7,5,0
10060698,29,33999.8,USA,0,87,8,4,0
2297025,35,3142.0,Canada,1,33,8,0,0
11702582,40,26523.8,Spain,1,43,7,2,0
7042186,32,55016.2,USA,1,186,7,2,0
8906097,65,1730.0,Spain,2,50,7,1,0
5913849,52,1730.0,Spain,2,32,7,4,0
16464773,40,11241.5,Spain,1,56,7,0,0
4359136,38,1730.0,Canada,0,0,8,0,0
10185172,28,34624.5,Canada,0,285,7,3,0
14656404,58,4156.9,Spain,1,29,8,4,0
1693290,38,5449.2,USA,1,7,8,1,0
4334888,48,35687.5,USA,2,34,8,1,0
1933925,40,40549.2,Spain,1,111,7,1,0
8469609,40,89080.3,Saudi Arabia,0,385,7,3,0
14454140,42,32221.2,Spain,1,235,8,1,0
4023742,28,1730.0,Spain,1,19,7,1,0
2256637,46,21076.6,Canada,0,223,8,1,0
6835268,57,36053.8,Saudi Arabia,1,100,9,0,0
11444326,25,81354.1,Spain,1,200,7,5,0
10165346,33,25955.0,Spain,1,77,6,5,0
4897898,29,62193.9,Spain,1,28,8,2,0
10698843,25,30794.9,Spain,2,41,6,3,0
8477615,34,29355.6,Canada,1,42,6,1,0
8534635,55,37702.0,Spain,1,235,7,5,0
8639622,20,38925.6,Spain,2,87,8,1,0
8779268,18,1730.0,Germany,1,26,8,2,0
11039201,48,14117.5,Saudi Arabia,1,34,8,4,0
9606166,42,64803.7,Canada,1,201,6,9,0
1630586,42,9394.3,Canada,1,69,7,7,0
3365434,52,91862.4,Saudi Arabia,1,167,8,9,0
16104704,33,24670.8,Canada,1,50,6,3,0
5318278,42,14092.3,Australia,2,174,7,5,0
4176243,35,1730.0,Spain,2,11,7,1,0
10371324,46,1730.0,Spain,1,161,7,2,0
8131998,23,46162.3,Saudi Arabia,1,319,7,4,0
4415299,34,1730.0,Saudi Arabia,1,1,7,0,0
16190377,43,9326.5,Germany,2,219,7,2,0
5916907,35,37239.9,Germany,0,67,8,6,0
13393796,33,8406.3,Spain,1,7,7,1,0
3061973,29,26339.8,Spain,1,37,7,6,0
2913141,35,24524.5,Spain,1,255,8,12,0
7700558,33,1730.0,Canada,2,43,8,1,0
7862012,39,1730.0,Spain,2,45,8,0,0
5063684,31,6837.7,Spain,2,47,7,3,0
7068608,47,1812.3,Germany,1,10,8,7,0
13268238,31,1730.0,Spain,2,3,6,1,0
7758896,26,17842.0,Spain,2,14,7,2,0
2601675,52,1730.0,Spain,1,4,8,1,0
14965512,60,54699.0,USA,1,23,8,8,0
7121616,30,26888.9,Saudi Arabia,0,42,7,1,0
1558561,32,37957.8,Spain,1,140,7,1,0
1272194,43,1730.0,Spain,1,2,7,2,0
9147440,45,1730.0,Spain,2,41,7,2,0
4085133,51,9970.8,Canada,2,50,8,1,0
9593494,43,1730.0,Saudi Arabia,1,102,8,1,0
2411120,36,69921.1,Spain,0,381,8,12,0
1247347,32,22590.4,Spain,0,279,6,7,0
11201176,33,32644.4,Saudi Arabia,0,175,8,0,0
13680356,42,2007.0,India,2,42,7,0,0
4456738,28,14161.6,Saudi Arabia,1,47,8,2,0
295640,42,94571.1,Spain,0,192,6,9,0
875850,47,37190.1,Saudi Arabia,2,121,7,4,0
5564149,51,51969.5,USA,0,251,8,4,0
5743338,46,1730.0,Canada,1,57,8,0,0
14857661,36,48218.1,Spain,1,372,7,6,0
12233467,31,51672.4,Saudi Arabia,1,171,8,6,0
1582543,26,2344.8,Spain,1,6,7,1,0
1544471,43,52542.1,Spain,2,286,7,3,0
574806,20,5209.8,India,2,39,7,4,0
437362,50,1730.0,Canada,2,54,7,2,0
15402248,21,50445.1,Canada,2,53,8,2,0
607049,40,1889.6,Canada,1,88,6,2,0
5174016,41,8447.8,Saudi Arabia,1,68,8,3,0
8024280,29,8984.1,Germany,1,192,6,4,0
1939004,48,64002.8,India,1,195,7,3,0
4749827,22,23770.4,Spain,2,62,6,8,0
4802533,42,1730.0,Spain,1,15,6,0,0
11144424,35,41714.1,Saudi Arabia,2,71,6,2,0
10594551,41,77129.0,Australia,2,240,8,1,0
2557848,49,28803.4,Spain,1,50,6,1,0
15015504,29,70429.2,Australia,1,386,6,4,0
12716327,35,1730.0,Spain,2,42,7,4,0
2744654,33,57322.5,Saudi Arabia,1,213,8,9,0
1919798,31,6460.3,Canada,2,149,7,3,0
14556776,39,64085.5,Germany,1,193,7,3,0
10192481,46,21772.4,Spain,1,411,6,3,0
8877914,35,64613.5,Spain,1,109,7,1,0
5723742,33,30320.5,Saudi Arabia,1,173,8,3,0
10191254,33,86783.9,Australia,2,188,8,2,0
11945737,57,24063.7,Saudi Arabia,1,315,6,3,0
6957229,28,1730.0,Spain,1,70,7,3,0
1998517,38,63548.4,Canada,0,191,7,4,0
1407387,43,87240.1,Australia,0,404,6,7,0
1890479,48,76816.2,India,1,6,8,2,0
15512817,18,15713.8,Spain,2,21,8,2,0
8081863,34,30045.7,Canada,2,87,6,0,0
11034197,48,1730.0,USA,2,0,8,1,0
9621854,27,75458.9,Spain,1,59,8,3,0
1070765,18,1730.0,Canada,1,34,8,2,0
1211155,45,1730.0,Spain,1,25,7,0,0
12156213,35,1730.0,Saudi Arabia,2,52,6,2,0
862514,70,56553.5,Spain,2,96,7,7,0
15239012,38,34289.9,Australia,1,95,8,5,0
3959918,22,86423.2,USA,1,12,8,7,0
3858514,36,92702.4,Germany,1,400,8,5,0
13385056,42,70031.6,Saudi Arabia,2,84,7,2,0
10927259,50,14438.4,Spain,1,33,8,2,0
9149499,40,37361.1,Canada,1,256,7,3,0
14778516,26,16979.4,Canada,1,62,8,3,0
12628065,51,1730.0,Spain,2,50,6,2,0
669733,46,1730.0,Spain,1,76,7,0,0
8439529,52,28306.0,Spain,1,67,6,3,0
3651094,58,17625.6,Saudi Arabia,1,77,8,7,0
16147340,22,18871.8,Canada,2,7,6,2,0
36032,37,28078.0,USA,1,14,7,2,0
1741601,39,5094.6,Spain,1,53,8,3,0
154409,28,44198.3,India,1,194,6,12,0
16290225,24,35607.8,India,1,305,7,11,0
13496563,39,1730.0,Canada,2,57,8,1,0
9804529,51,38010.7,Canada,1,190,8,5,0
7635368,50,17174.8,Canada,1,111,8,7,0
13832642,43,17340.2,Germany,1,327,6,6,0
15697666,31,1730.0,Spain,1,42,7,1,0
12986954,38,62900.3,Saudi Arabia,2,431,6,4,0
990282,36,8883.4,Saudi Arabia,1,62,6,1,0
14046974,53,10635.6,Spain,1,103,7,7,0
9532506,39,35782.5,Saudi Arabia,0,147,8,4,0
12765275,42,50429.1,Spain,1,94,6,1,0
7988198,52,3227.5,India,2,121,6,3,0
11315567,32,23912.5,Saudi Arabia,1,25,6,3,0
13501497,31,46887.8,Spain,1,163,6,1,0
7095732,51,61683.4,Spain,0,201,8,2,0
7638684,32,1730.0,Spain,1,46,8,2,0
4046766,50,56970.3,Canada,2,422,8,4,0
9259003,42,48710.2,Spain,1,59,8,1,0
3262214,32,3920.9,Spain,1,33,8,3,0
14002581,33,1730.0,Spain,2,82,8,4,0
3468404,58,58054.5,Canada,1,133,6,4,0
278033,53,1730.0,India,1,52,6,0,0
378117,36,23990.0,Spain,1,340,6,2,0
1168656,42,30513.2,Spain,1,96,6,3,0
4541961,24,21898.5,Spain,1,95,7,0,0
13187641,36,1730.0,Canada,1,45,6,2,0
6456520,60,1730.0,Spain,2,76,7,2,0
16262670,22,33229.8,Canada,2,15,7,5,0
9692894,42,45094.7,Australia,0,297,8,4,0
10389853,45,19273.8,Canada,1,24,7,1,0
10494012,38,54818.0,USA,1,13,6,2,0
12419975,34,59519.7,Germany,1,276,8,4,0
12846023,35,3098.1,India,1,4,8,1,0
9936296,19,1730.0,Spain,1,30,7,0,0
5661954,30,23339.7,Canada,2,191,7,1,0
11960160,18,3851.2,Spain,1,59,8,2,0
5275586,44,27585.6,Canada,1,205,6,2,0
9930844,24,29221.2,Spain,1,72,8,4,0
6578107,34,34410.7,Australia,1,419,7,3,0
12591318,34,1730.0,Spain,1,30,7,2,0
3623238,53,16427.9,Saudi Arabia,0,44,8,2,0
14713784,34,6929.9,Canada,1,43,6,2,0
5231175,37,11758.6,Saudi Arabia,1,190,8,13,0
5847752,28,74511.6,USA,1,76,7,3,0
10315386,40,28890.5,Spain,2,70,7,2,0
2575748,51,4225.9,USA,1,46,6,6,0
1291835,26,1730.0,Spain,1,21,7,2,0
7127562,32,75766.8,Spain,0,277,7,9,0
8950243,37,1730.0,Spain,1,20,8,1,0
9063957,39,72422.2,Germany,0,132,7,6,0
12485272,58,38450.3,Canada,1,141,8,3,0
3845072,35,1730.0,India,1,28,8,3,0
5001168,35,59788.9,Canada,0,73,8,5,0
7382677,27,17832.5,Canada,1,68,8,2,0
8012698,50,70585.7,India,2,177,7,13,0
13710889,48,9868.9,Australia,1,386,7,2,0
5960700,51,44104.3,Canada,2,77,6,3,0
11655764,35,1730.0,Spain,2,8,8,2,0
2713078,59,69908.7,Spain,1,245,7,8,0
7245807,46,42233.2,Canada,1,41,9,2,0
14725716,47,31075.1,Spain,1,64,8,2,0
13903631,50,9782.3,Saudi Arabia,0,30,7,2,0
4939422,30,1730.0,India,2,120,7,4,0
14660085,64,72867.2,Germany,1,170,8,3,0
9970349,38,1730.0,Spain,1,87,8,2,0
2978934,45,43715.0,Mexico,1,118,8,7,0
11210580,18,90640.6,USA,0,291,8,4,0
14809754,47,53941.1,Canada,1,266,7,3,0
16487352,24,9204.7,Saudi Arabia,1,14,6,7,0
10725930,24,1730.0,Canada,1,41,7,0,0
9891788,57,6709.8,Canada,2,121,8,13,0
14073969,39,13685.7,Spain,0,149,7,2,0
8091502,39,41552.0,Spain,1,163,8,5,0
8287436,36,25001.6,Germany,1,77,6,1,0
14224951,52,8681.2,Spain,0,20,7,3,0
9057317,24,14655.4,Spain,1,76,6,2,0
11942300,26,82716.6,Spain,1,333,8,6,0
11373324,33,22657.9,Canada,0,135,8,9,0
7382380,45,16977.4,India,2,20,6,1,0
11242631,28,1899.2,India,1,67,7,3,0
2721684,40,50072.4,Spain,1,31,7,2,0
1405352,39,55767.0,Canada,1,226,7,1,0
5585989,46,73119.9,Canada,1,160,7,8,0
8333730,43,39318.4,Spain,2,118,8,2,0
3311655,46,1730.0,Spain,2,22,7,1,0
3594842,22,81676.7,Spain,1,64,8,5,0
15132490,31,18078.6,Spain,1,288,6,0,0
789082,23,21117.9,Spain,1,31,7,3,0
10012885,51,7116.1,Canada,1,105,6,2,0
6834242,29,57586.1,Canada,3,135,7,5,0
16673872,41,59297.7,Australia,0,50,7,8,0
13212152,38,57760.5,Germany,1,67,7,1,0
11649577,26,30021.2,Canada,2,40,8,2,0
6952136,49,55124.1,Saudi Arabia,2,271,8,3,0
16239458,28,77077.7,Saudi Arabia,1,17,7,6,0
4265029,35,8468.9,Spain,2,35,8,2,0
4684455,31,1730.0,India,1,67,7,1,0
10712660,70,1730.0,India,1,45,7,2,0
8196810,37,63439.1,Saudi Arabia,1,26,8,2,0
2723917,29,28062.1,Australia,1,38,7,2,0
8702699,34,1730.0,Saudi Arabia,1,30,8,0,0
2265979,35,42153.9,Saudi Arabia,2,185,6,1,0
2546075,45,89467.2,Spain,1,400,6,4,0
6187358,34,64615.8,Spain,3,116,8,2,0
9991433,61,13449.2,Spain,2,57,8,5,0
8259623,42,20463.3,Spain,2,230,7,6,0
11243687,53,21370.9,Saudi Arabia,2,57,6,2,0
11306937,59,42957.2,Canada,2,71,6,2,0
9123931,45,73821.0,Saudi Arabia,2,32,6,5,0
12102471,44,32441.4,Germany,0,100,10,6,0
16461856,41,8486.8,Australia,2,114,7,6,0
14706404,24,24203.2,India,0,150,7,9,0
7730657,49,48812.6,Spain,0,342,8,4,0
11579430,18,20119.9,Spain,1,125,8,3,0
10311862,46,33230.8,Spain,1,97,6,3,0
11201491,32,2626.3,Spain,1,17,7,1,0
1693226,47,48901.9,Saudi Arabia,1,74,6,4,0
791566,27,38819.1,Spain,1,220,8,1,0
13189475,35,18526.4,Australia,1,219,6,4,0
14538897,53,2857.5,Spain,1,43,7,8,0
850999,40,94147.4,Australia,2,389,6,3,0
3371708,24,50779.5,Canada,1,149,8,2,0
9119055,42,17845.4,Australia,1,37,6,4,0
5016973,46,66800.6,Saudi Arabia,0,358,6,10,0
15645919,46,1730.0,Spain,2,45,7,1,0
12400456,31,23226.9,Spain,1,29,8,2,0
16378164,41,23356.5,Canada,0,126,8,2,0
11339960,39,82914.4,Spain,1,194,7,1,0
886522,46,58460.4,Canada,1,168,6,2,0
11841643,31,1730.0,Germany,2,4,6,2,0
12485885,41,59747.8,Canada,1,419,6,4,0
3653664,44,48081.7,Germany,1,173,9,8,0
515348,36,87409.3,Canada,2,182,8,7,0
461783,53,27607.4,Canada,2,14,6,1,0
1456040,59,28561.4,Germany,2,67,8,1,0
6215907,30,6827.7,Spain,1,70,8,4,0
5196740,45,90987.1,Saudi Arabia,0,98,6,3,0
1466483,33,74530.7,Saudi Arabia,1,47,6,3,0
442827,37,46917.1,Saudi Arabia,1,287,7,2,0
8517709,48,41609.8,Canada,2,47,6,2,0
5489611,72,1730.0,Spain,2,85,8,0,0
3586763,18,1730.0,Spain,1,45,8,2,0
2958368,31,35575.2,Canada,2,330,7,1,0
5284281,32,58561.6,Germany,1,65,7,6,0
12188908,31,28122.4,Canada,0,63,8,3,0
13637696,42,57906.1,Spain,1,245,7,14,0
11373661,28,1730.0,Spain,2,124,7,5,0
10115671,27,48709.7,Canada,1,38,6,2,0
14430009,45,51505.8,Australia,0,385,6,3,0
5749437,24,17938.2,Canada,0,64,8,6,0
2615327,45,1730.0,Spain,2,90,7,1,0
15745216,53,77521.6,India,0,433,7,8,0
11049860,31,97865.1,Germany,2,90,8,6,0
16631742,33,1730.0,Spain,2,56,7,1,0
11194429,38,80068.4,Saudi Arabia,2,14,8,3,0
11910855,27,18195.5,Australia,2,20,6,6,0
13887770,49,70262.1,Canada,1,423,7,12,0
3175647,48,50184.1,Spain,1,414,7,8,0
14102128,41,50319.3,USA,2,32,7,3,0
9623073,41,33892.5,India,1,34,8,2,0
10899269,39,1730.0,Spain,1,52,7,1,0
13753315,21,42152.2,India,0,209,8,4,0
10498349,28,82674.6,Saudi Arabia,1,190,8,4,0
13251627,23,74604.9,India,2,104,6,6,0
8897773,44,22598.9,Spain,1,68,7,2,0
15090677,46,20699.9,Canada,1,140,6,4,0
5134353,37,51776.3,Saudi Arabia,1,324,8,6,0
9191233,34,1730.0,Spain,2,65,8,11,0
1374284,18,1730.0,Canada,1,32,7,0,0
15098140,43,9487.8,USA,1,0,8,2,0
4487456,29,21427.6,Australia,1,14,7,2,0
3816953,32,3680.8,Canada,2,5,8,1,0
704360,58,107884.0,Canada,0,429,8,9,0
13408159,49,1730.0,Australia,1,118,7,0,0
1399505,45,1730.0,USA,2,26,7,4,0
8142900,41,63413.6,Canada,0,307,6,13,0
221925,25,5081.8,USA,1,146,7,7,0
8202468,62,41776.4,Spain,2,408,8,3,0
13340091,34,1730.0,USA,2,44,8,1,0
16122835,45,26482.5,Saudi Arabia,2,269,7,2,0
14854645,40,29236.6,Spain,2,84,8,2,0
13675387,39,1730.0,Spain,2,65,7,1,0
9944927,34,1730.0,Saudi Arabia,2,46,8,1,0
16517802,42,1730.0,Spain,1,40,8,1,0
7685317,30,27003.9,USA,1,18,8,2,0
11052933,37,35834.0,Canada,1,401,8,8,0
11754787,56,54655.2,Canada,1,248,8,2,0
8015823,45,1730.0,Spain,2,12,6,2,0
10351908,55,23998.2,Spain,2,70,7,4,0
13822824,25,55829.7,Canada,0,54,8,3,0
4814565,36,9784.6,Canada,1,40,8,3,0
2217918,36,6490.6,Mexico,0,189,6,2,0
11538224,60,1730.0,Canada,2,3,7,2,0
3845889,31,26891.4,India,1,224,8,1,0
6762589,48,28162.8,Canada,1,52,7,1,0
5480126,48,1730.0,Saudi Arabia,1,25,6,1,0
12544377,33,6096.1,Saudi Arabia,2,138,8,0,0
8432336,43,1730.0,Canada,0,26,8,1,0
10575307,45,5707.4,Canada,2,28,8,2,0
13602803,24,37991.8,Saudi Arabia,1,62,7,1,0
15072067,30,54416.3,Germany,1,228,7,3,0
6870213,45,1730.0,Spain,1,52,6,0,0
3552845,27,1730.0,Spain,1,0,7,3,0
8671834,44,11205.9,Germany,2,162,6,2,0
12354727,37,6003.1,India,1,64,7,1,0
1464769,18,10518.2,Germany,1,52,7,0,0
1054179,34,32487.3,Canada,1,349,8,3,0
7484465,36,31374.6,Spain,1,52,7,0,0
3976102,39,16837.0,Canada,2,111,8,1,0
8601722,49,27557.2,Spain,1,37,7,4,0
667767,18,11933.8,Canada,1,29,8,4,0
2819514,18,3842.8,Spain,2,76,8,1,0
15714477,49,1730.0,Canada,2,59,7,1,0
7844724,43,62111.3,India,2,190,6,8,0
3498932,46,57579.9,India,0,216,8,9,0
15289092,43,53304.2,Canada,0,177,7,3,0
4733440,35,2600.6,India,0,76,8,4,0
10357780,44,18326.9,Spain,0,300,7,4,0
15004259,29,1730.0,Germany,2,192,8,4,0
13068992,60,39251.2,Canada,2,89,8,0,0
16593187,50,1730.0,Spain,1,29,8,2,0
12978814,37,11676.0,USA,1,3,8,2,0
15443079,46,19032.2,Saudi Arabia,1,52,8,3,0
14872040,32,47324.6,Spain,2,226,6,5,0
14942262,53,7391.7,Canada,1,112,8,7,0
4485852,74,32345.6,India,0,388,8,4,0
628750,35,20173.9,Spain,2,45,7,7,0
3913421,39,38449.7,Spain,1,120,8,1,0
2401033,20,31280.6,Saudi Arabia,2,227,7,2,0
3342725,42,49724.1,USA,2,117,8,2,0
5186872,43,1822.8,Saudi Arabia,1,24,7,1,0
13343445,37,34459.4,Spain,1,93,8,1,0
6151680,34,48739.8,Spain,0,33,6,2,0
6809752,45,24823.3,Canada,1,254,6,4,0
14354016,39,22654.4,Germany,1,37,7,6,0
7043893,34,1730.0,Saudi Arabia,1,38,6,1,0
13962660,48,63195.9,Spain,1,319,7,5,0
15419144,31,7910.0,Canada,1,40,8,0,0
1092344,44,1730.0,Spain,2,42,8,1,0
2120836,36,1730.0,Spain,1,12,8,1,0
11080479,33,49082.7,Spain,2,263,8,2,0
4326897,63,65507.9,Canada,2,360,6,4,0
8614412,28,6321.7,Spain,2,17,8,1,0
12658512,48,45537.8,USA,1,88,8,3,0
7923263,34,89574.6,Saudi Arabia,0,334,7,8,0
13598791,41,20922.0,Spain,1,157,6,2,0
8728114,25,47601.8,India,2,243,7,3,0
6971062,42,12829.8,Spain,0,36,7,1,0
1117033,33,61820.1,Canada,1,386,7,7,0
9704273,45,1730.0,Canada,1,58,7,2,0
6733925,29,1730.0,Saudi Arabia,1,36,7,1,0
11164417,41,1730.0,Spain,1,40,8,4,0
15696970,33,94372.6,Germany,2,85,6,5,0
9540374,31,10980.7,Canada,1,43,6,2,0
11104487,36,81102.9,Canada,1,259,8,4,0
1143021,30,63825.6,Canada,2,10,8,6,0
11826422,35,1730.0,Spain,1,1,7,2,0
6713618,37,6566.1,Spain,1,28,8,5,0
3132123,38,42870.3,Australia,2,102,7,2,0
1892549,52,33621.5,Spain,1,236,7,2,0
7492634,58,27478.1,Spain,1,354,7,8,0
3801676,37,1730.0,Spain,1,14,7,1,0
8628098,48,49843.2,Spain,2,76,6,2,0
359851,48,1730.0,Canada,2,38,8,1,0
14060680,40,26033.2,India,1,180,8,2,0
13592308,66,22338.8,USA,1,47,8,3,0
4092528,62,8405.1,Spain,1,99,9,2,0
11291083,30,70183.7,Spain,1,126,6,3,0
12423808,22,1730.0,USA,1,7,8,0,0
6728262,50,1730.0,Spain,1,19,6,2,0
5297581,28,27071.7,Spain,2,86,7,2,0
2309482,26,44490.2,Canada,1,15,8,2,0
12950281,38,17332.7,Saudi Arabia,1,341,6,3,0
16466703,44,73267.0,USA,1,117,6,5,0
16098412,67,38934.7,Australia,2,84,8,2,0
6616915,19,13800.9,Spain,1,33,8,5,0
7326876,34,16969.6,Spain,1,59,8,1,0
2014194,24,41341.0,Germany,1,65,7,9,0
4273667,35,42881.3,India,1,174,8,2,0
7697672,31,26697.4,Spain,1,60,6,1,0
1395214,36,65631.4,Australia,1,86,7,2,0
1723639,42,10233.4,Spain,0,56,8,2,0
5053386,36,9043.1,Canada,2,228,7,0,0
12002014,40,1730.0,Saudi Arabia,1,29,8,2,0
2066807,45,40187.6,Spain,1,98,6,4,0
1462975,27,44357.7,Germany,1,229,7,2,0
5303830,43,43359.4,Germany,1,68,8,2,0
10979555,43,44982.3,Canada,1,218,6,4,0
14021293,33,1730.0,Spain,2,62,8,2,0
18534,38,57506.4,Spain,1,68,7,4,0
15239065,33,56353.9,India,1,54,8,5,0
10379174,32,21887.9,Canada,1,60,8,4,0
14399759,28,69545.7,India,2,63,7,5,0
15505611,32,20917.7,Spain,2,40,8,2,0
9634069,63,40582.3,Spain,1,157,6,5,0
12559355,21,23160.4,Spain,0,208,7,6,0
10076563,71,60313.2,Spain,2,198,7,7,0
10577801,18,23576.5,Spain,1,70,8,2,0
9539838,58,37080.1,India,1,297,8,2,0
8625169,28,47290.9,Australia,0,317,6,4,0
10154580,45,39395.4,India,1,90,6,5,0
6390421,33,95698.8,Spain,0,372,8,1,0
1360126,18,22561.6,Spain,2,29,7,1,0
14580072,57,88352.2,Spain,0,79,8,4,0
14706932,43,6781.0,Spain,1,40,7,3,0
10092103,37,15165.5,Spain,2,34,7,0,0
1160423,40,8530.1,Australia,2,84,7,1,0
1521541,35,1730.0,Spain,2,0,7,1,0
13048493,47,32113.1,India,1,292,8,2,0
7452123,20,52688.9,Spain,1,75,8,1,0
11433874,22,5300.4,Spain,2,45,6,2,0
5696129,34,1730.0,Spain,1,93,7,1,0
4621053,39,63447.8,Canada,2,43,8,1,0
5688136,30,31312.8,Saudi Arabia,1,96,8,1,0
11234233,39,22862.3,Canada,1,288,7,4,0
9314799,27,1730.0,Spain,1,36,8,1,0
13542030,28,33288.8,Spain,1,180,7,1,0
8424200,30,1730.0,Spain,2,55,8,9,0
14947419,27,1730.0,Spain,1,70,7,1,0
7194756,38,1730.0,Canada,2,55,7,3,0
14916866,38,4130.7,Spain,1,2,6,4,0
11963287,31,14405.8,Saudi Arabia,2,46,8,2,0
3900347,27,86533.3,Spain,2,75,6,4,0
6857602,74,58341.2,USA,1,54,8,2,0
871665,49,1730.0,Spain,2,438,8,4,0
4033868,44,33269.3,Canada,0,76,8,9,0
13520129,41,44748.9,Saudi Arabia,2,35,8,4,0
1212541,31,1730.0,Canada,1,9,7,2,0
1252676,45,32286.4,USA,1,13,6,2,0
2265423,46,108499.1,Spain,1,400,8,6,0
14848677,35,1730.0,Canada,1,41,8,1,0
8660868,32,95333.7,Australia,2,332,8,14,0
3866722,27,76453.6,Australia,1,367,7,2,0
5754219,25,1730.0,Spain,1,11,7,1,0
8191636,32,2888.6,India,2,42,8,4,0
7459282,32,13831.6,Saudi Arabia,1,53,8,6,0
11823880,61,97694.3,Saudi Arabia,0,172,6,3,0
5693656,34,1730.0,Australia,2,61,7,6,0
2077941,24,92275.2,Saudi Arabia,1,165,8,3,0
4599108,39,32387.9,Spain,2,57,8,2,0
6186744,26,1730.0,Spain,2,55,8,2,0
8131289,28,24995.5,Canada,1,56,7,2,0
3630044,56,58204.0,Saudi Arabia,1,299,7,6,0
3450696,59,11823.7,Saudi Arabia,2,13,6,2,0
12490058,31,7580.7,Germany,0,32,8,1,0
4297778,39,16006.5,Germany,2,44,8,2,0
4531030,25,90080.9,Canada,0,201,6,6,0
16635826,50,1730.0,USA,2,8,8,4,0
2797785,49,76695.1,USA,0,94,8,2,0
7880977,34,87471.8,Spain,0,220,8,5,0
11074478,27,46374.0,Canada,1,396,8,4,0
5124046,18,1730.0,Spain,1,0,6,2,0
5486836,47,18120.1,Australia,1,111,7,3,0
12709759,57,58633.6,Germany,1,313,7,9,0
2387287,58,1730.0,USA,1,42,8,2,0
4644627,45,45710.8,Saudi Arabia,1,172,7,1,0
15155824,48,85669.4,India,0,151,7,1,0
14016886,37,64463.7,Spain,1,39,7,3,0
7436731,49,19277.1,Saudi Arabia,2,27,8,1,0
548102,47,52473.3,Spain,0,213,7,3,0
15297630,36,26464.5,Spain,1,41,7,2,0
16604961,44,36096.4,Spain,1,83,7,2,0
10591131,46,7601.2,USA,1,12,8,5,0
16028498,47,1730.0,Spain,1,11,7,0,0
1218417,44,9228.9,Saudi Arabia,1,26,7,1,0
8675262,26,1730.0,Canada,2,36,8,1,0
9884652,57,45346.1,Spain,2,57,8,2,0
8042187,28,40452.3,Spain,1,2,8,4,0
11410726,56,21429.0,Germany,1,73,6,3,0
12281163,36,25288.3,Australia,1,21,8,4,0
16644567,55,21727.5,USA,2,116,7,2,0
8246568,27,78414.1,Saudi Arabia,1,154,6,2,0
9561929,44,65660.0,Canada,1,156,6,5,0
5858388,18,9948.6,Spain,1,84,8,2,0
2095597,45,37470.3,Saudi Arabia,1,247,8,9,0
4442385,19,40049.3,USA,1,429,6,2,0
1267349,40,1730.0,Spain,2,38,8,0,0
14765349,23,37863.1,Spain,1,69,8,4,0
9819120,47,47194.1,Saudi Arabia,0,333,7,1,0
490934,32,49094.1,Spain,2,301,7,8,0
10277683,39,26173.0,Saudi Arabia,1,42,7,3,0
5549797,35,56005.7,Saudi Arabia,2,121,6,6,0
4611895,26,3106.9,Canada,1,6,8,2,0
10643787,49,59680.9,Australia,2,391,6,2,0
5029738,39,66992.9,Canada,2,340,6,12,0
10088870,68,1730.0,Spain,1,41,7,2,0
14491355,36,71914.7,Saudi Arabia,1,48,8,2,0
7877925,29,1730.0,Saudi Arabia,1,26,7,2,0
16363593,42,24690.0,Spain,2,49,6,1,0
11616924,35,9291.5,Spain,1,51,8,1,0
14485658,52,44817.4,Canada,0,140,8,7,0
237325,19,1730.0,Saudi Arabia,1,41,8,1,0
14142994,28,19128.9,Canada,1,23,6,2,0
8023579,31,69670.5,India,1,175,6,2,0
15284992,28,10804.3,Saudi Arabia,1,13,8,3,0
6914717,36,7766.4,Germany,1,20,6,0,0
7676080,36,104968.7,Canada,1,357,7,7,0
2160744,43,24376.0,Australia,1,95,6,2,0
791839,28,33646.6,Spain,1,79,8,2,0
14474118,36,3216.6,Spain,1,61,8,0,0
2123293,37,71715.3,Spain,1,323,8,1,0
8681648,54,20263.9,Canada,1,87,8,2,0
9460851,41,19647.0,Spain,2,274,8,2,0
15543156,18,51588.7,Canada,1,105,8,1,0
2574766,53,11872.3,India,2,47,7,10,0
8278899,46,1730.0,Spain,2,32,6,2,0
2617890,31,89436.8,Saudi Arabia,1,352,6,5,0
4289528,48,49383.1,Saudi Arabia,2,157,8,5,0
4575545,45,79862.1,Canada,0,266,8,6,0
7478814,49,1730.0,Germany,1,213,8,1,0
13588525,44,1730.0,Canada,2,157,6,2,0
12889057,40,39064.0,Australia,1,425,8,4,0
12545368,27,1730.0,Spain,1,53,8,1,0
13987534,58,90787.3,Germany,0,423,8,2,0
14825549,35,80487.1,Spain,2,176,7,2,0
9402583,60,63516.1,Canada,2,223,8,2,0
1147611,28,58809.4,Germany,2,199,8,3,0
5629785,39,8973.5,Spain,1,39,8,5,0
14014684,31,8017.5,Canada,0,36,7,4,0
16324676,48,3705.7,Spain,1,89,8,13,0
4442055,38,30734.7,Spain,0,58,8,6,0
12043722,39,23234.9,Germany,1,96,7,2,0
16190035,49,61514.5,Germany,1,139,6,3,0
9971847,41,37331.2,Spain,1,34,6,2,0
13080670,55,1730.0,Saudi Arabia,1,46,8,1,0
1990051,41,2803.5,Canada,2,33,8,1,0
11009535,48,59607.7,Canada,3,159,8,3,0
9120931,65,1730.0,Spain,2,72,7,3,0
1806137,54,2742.0,Saudi Arabia,1,52,8,4,0
7425582,28,95005.3,Saudi Arabia,1,183,6,2,0
14018460,42,100725.9,Spain,1,286,7,2,0
7806668,47,44015.9,Canada,2,24,7,1,0
1369104,29,14654.1,Germany,0,326,7,2,0
16369251,60,73419.5,India,1,395,8,5,0
6449800,34,66248.6,India,2,249,7,3,0
1519936,29,43630.2,India,2,298,8,3,0
12674489,32,112211.2,Canada,1,208,7,3,0
10250412,40,1730.0,Canada,1,88,8,2,0
863527,38,1730.0,Spain,1,63,7,0,0
15559323,18,76039.3,Spain,1,172,8,3,0
15708555,29,59536.3,USA,2,70,7,3,0
2731835,38,1730.0,Spain,1,8,8,2,0
14465059,30,14516.1,Spain,1,365,7,3,0
8706417,54,70391.6,Canada,2,64,8,11,0
1511106,33,1730.0,USA,1,1,6,9,0
3459519,52,6914.2,Canada,2,59,7,1,0
15344290,36,1730.0,Spain,2,368,8,1,0
9439017,27,39504.5,Spain,2,44,7,2,0
4958252,44,9291.4,Spain,1,209,8,2,0
14926298,38,55275.4,Canada,1,61,8,2,0
12611268,18,37772.5,India,0,80,8,13,0
11039138,44,18048.3,Canada,3,1,6,11,0
8485648,18,91174.4,Saudi Arabia,0,315,6,4,0
14239753,32,1730.0,Spain,1,134,8,1,0
10686480,44,1730.0,Canada,1,17,8,2,0
7241927,29,13157.0,Australia,2,68,7,4,0
7297321,55,70908.9,Australia,2,81,6,1,0
4020464,46,1730.0,Canada,2,172,8,1,0
8398172,66,95287.4,Saudi Arabia,1,356,8,1,0
4127929,32,1730.0,India,2,42,8,2,0
15095519,18,1730.0,Saudi Arabia,2,0,8,1,0
14494836,39,1730.0,Spain,1,0,8,6,0
744447,70,1730.0,Spain,1,82,8,1,0
11064756,29,19024.2,Germany,1,48,6,3,0
2226710,42,34672.1,Spain,0,160,7,8,0
3873676,61,84393.0,Saudi Arabia,0,435,6,4,0
12167731,40,53195.8,Canada,1,407,7,2,0
4951448,56,94234.0,Canada,0,359,8,10,0
9439075,45,53915.1,Australia,1,158,7,3,0
2973961,34,2465.1,Germany,2,80,7,0,0
13027541,22,48444.1,USA,0,421,8,7,0
3065771,37,1730.0,Canada,1,43,7,1,0
5618400,74,45926.3,Canada,1,98,8,2,0
7596052,56,48419.6,Spain,2,234,7,3,0
2272777,28,11334.5,Spain,1,88,7,1,0
14728517,31,81706.6,Australia,1,423,7,2,0
11262800,21,1730.0,Saudi Arabia,2,24,8,2,0
2489752,28,1730.0,Canada,2,7,7,1,0
11818139,38,55935.1,Spain,0,299,8,2,0
14745008,49,10774.8,Spain,1,60,6,3,0
1782639,41,40847.4,Canada,2,277,8,7,0
8893610,73,38649.9,USA,2,15,7,2,0
15397136,40,77585.0,USA,2,40,8,3,0
5948945,27,15991.0,Spain,1,239,6,4,0
3887756,25,22660.8,Spain,0,123,7,4,0
12132014,56,59676.7,Saudi Arabia,0,93,8,7,0
13126240,42,77703.2,Spain,1,203,6,8,0
7105779,43,75983.9,Saudi Arabia,1,140,6,5,0
15309745,63,57084.9,USA,1,238,7,3,0
4921968,32,24285.7,Spain,2,20,8,1,0
12509911,25,34029.1,Saudi Arabia,1,24,6,4,0
9000412,31,35783.0,Spain,1,268,8,4,0
2000917,41,13368.4,India,2,41,8,3,0
3614400,64,46828.8,Canada,1,97,8,7,0
12468494,60,38297.2,Saudi Arabia,1,42,8,3,0
2995574,37,34230.8,Canada,0,65,6,2,0
5479894,25,2673.4,Spain,1,91,7,2,0
3897143,23,49399.1,Canada,0,69,6,4,0
5382815,45,1730.0,Saudi Arabia,1,44,7,5,0
1347729,43,18950.7,Canada,1,67,7,1,0
6771796,50,41869.4,USA,1,307,7,8,0
4546100,54,52396.2,Canada,0,306,7,3,0
2727202,19,6482.5,India,1,124,8,2,0
12330445,38,3624.0,Germany,2,37,7,3,0
11644241,36,6985.0,Spain,2,415,7,3,0
2715618,33,33728.8,Saudi Arabia,1,2,8,1,0
3842689,51,26588.8,USA,2,28,6,2,0
16169682,74,35751.0,Spain,1,52,7,0,0
7521398,35,21553.5,Spain,2,59,8,3,0
8660434,33,100013.6,Saudi Arabia,1,219,6,2,0
3649407,37,17011.9,USA,1,106,7,3,0
9543698,42,5937.5,Saudi Arabia,1,46,7,1,0
11758421,25,18865.1,Spain,1,437,7,6,0
4947115,27,3017.0,Australia,1,1,8,2,0
15939541,55,4929.9,Spain,1,122,8,1,0
10777621,27,22730.5,Spain,1,8,8,2,0
7816027,32,1730.0,Spain,1,46,7,7,0
4826327,60,64602.2,Canada,2,171,8,2,0
15443689,44,56033.9,Canada,2,420,8,2,0
9751467,29,1730.0,Spain,1,22,8,2,0
75740,69,40746.4,Canada,2,417,8,1,0
5075557,45,10124.2,Canada,2,20,8,2,0
119780,55,3669.0,Spain,2,83,8,2,0
3090649,44,46624.0,Saudi Arabia,2,162,8,2,0
2466565,18,55740.2,USA,2,22,8,5,0
13156266,30,25357.0,India,2,50,8,2,0
12097718,41,18202.9,Spain,1,184,6,4,0
7266072,37,5079.1,Canada,1,61,7,5,0
866101,41,25027.1,Saudi Arabia,1,140,7,2,0
11053624,35,13804.7,Germany,1,51,6,2,0
6425331,47,15175.1,Spain,1,232,8,2,0
2212661,36,9887.1,Canada,2,173,7,5,0
2654913,51,34773.3,Australia,1,143,7,4,0
10978144,57,12921.9,Germany,0,168,8,6,0
5117177,51,47149.9,USA,1,385,6,10,0
4660244,40,1730.0,Mexico,1,24,7,7,0
8907111,34,5199.8,Saudi Arabia,1,77,8,2,0
2654362,47,69491.1,Spain,1,296,6,6,0
13787787,34,86063.7,Spain,0,210,6,4,0
4737336,37,16655.4,Spain,1,66,8,0,0
7135090,38,1730.0,Saudi Arabia,1,49,8,3,0
12340479,55,36131.3,Spain,2,291,8,9,0
8005825,67,8557.5,Spain,1,212,6,4,0
16166942,35,60385.5,Australia,0,42,8,2,0
11260901,51,39344.5,USA,0,101,8,6,0
15512921,53,15621.2,Spain,2,124,8,2,0
9433071,44,44378.1,Spain,2,313,7,2,0
8867701,32,1730.0,Canada,1,196,8,3,0
12584675,31,72902.5,Canada,2,69,8,5,0
1221145,50,90023.0,Canada,2,141,8,12,0
5175260,35,1730.0,Mexico,1,74,6,1,0
1589632,34,6055.9,Canada,1,12,8,2,0
5473875,52,83458.2,USA,0,351,8,4,0
10314250,64,55170.0,Saudi Arabia,2,441,7,4,0
6059081,21,7899.8,Spain,2,35,8,2,0
15426770,34,30127.4,Australia,1,150,8,11,0
5378153,48,13759.1,India,1,23,7,1,0
4719068,61,23459.9,Canada,2,94,7,7,0
2053119,48,60599.3,Spain,1,372,6,3,0
10835708,55,54825.6,USA,0,136,8,4,0
10160452,19,50231.9,Canada,1,239,6,2,0
6534081,54,46137.6,Spain,1,396,6,4,0
676559,63,1730.0,Canada,1,0,8,2,0
3839361,46,12147.2,Germany,3,67,8,5,0
15322047,27,1730.0,Canada,2,14,8,2,0
4900991,34,90165.4,Saudi Arabia,1,88,8,9,0
717930,52,50738.5,Saudi Arabia,0,140,6,2,0
5741459,31,30082.8,Spain,2,58,8,1,0
16022630,41,23745.1,Spain,0,238,8,3,0
4497345,49,12232.2,Germany,1,25,7,3,0
5091329,32,1730.0,Spain,1,33,7,0,0
3877562,25,35837.7,Canada,0,113,8,4,0
6424790,42,58435.8,Canada,1,338,7,3,0
16328218,41,35009.9,Germany,0,12,7,2,0
13779836,62,16952.6,India,2,255,8,5,0
3134285,18,1730.0,Spain,2,0,7,2,0
10636127,31,36840.6,Saudi Arabia,1,391,8,8,0
807719,55,24505.5,India,2,60,6,4,0
10241669,19,1730.0,Spain,1,36,8,2,0
16333565,26,1730.0,Australia,2,52,8,3,0
9104345,49,29139.0,Spain,2,72,7,8,0
1138058,58,19653.8,USA,1,3,8,2,0
12394052,33,9199.8,Spain,0,81,7,2,0
5931399,52,55353.7,Spain,1,159,8,4,0
7699727,36,15145.1,Saudi Arabia,1,128,8,3,0
1142601,44,30618.9,Canada,1,73,6,2,0
5102291,41,11098.1,Canada,1,24,7,5,0
8257304,41,55623.9,Spain,1,345,8,2,0
12831313,45,22692.8,Spain,1,45,7,4,0
9143470,18,30517.4,Spain,1,55,7,2,0
2528706,67,88294.1,India,1,232,7,2,0
2247762,18,8082.6,Spain,0,10,8,6,0
15813861,34,15464.0,India,2,169,8,1,0
7148830,43,9155.9,Spain,1,50,7,1,0
7304962,20,45149.5,Germany,2,306,8,2,0
6042160,18,1730.0,Spain,1,0,8,0,0
544861,44,49665.5,Saudi Arabia,1,76,7,4,0
14444441,53,1730.0,Spain,1,60,7,2,0
15420672,18,47082.5,Spain,1,252,8,2,0
15629272,20,21441.7,Spain,1,29,8,8,0
1872134,52,1730.0,Canada,1,6,7,1,0
2664834,31,37740.6,Spain,1,158,6,1,0
3039709,63,68760.3,Canada,2,64,7,1,0
9385789,44,9684.3,Spain,1,144,7,3,0
9778597,56,22500.5,India,2,9,7,4,0
8897835,35,1730.0,Canada,2,46,8,3,0
1905507,35,11971.8,Saudi Arabia,0,44,7,0,0
2003553,18,106718.6,Spain,1,92,6,8,0
9050373,33,29483.5,Mexico,0,77,8,1,0
3345120,34,92732.6,USA,0,286,7,7,0
7184900,51,70373.6,Australia,0,381,6,3,0
13956575,60,20363.8,Spain,2,85,7,8,0
2310205,36,22504.1,USA,1,43,7,0,0
3304588,48,8747.9,Germany,1,57,8,3,0
2523200,40,8143.8,Spain,1,57,7,2,0
3004258,67,50087.8,Spain,1,215,7,2,0
7702780,33,1730.0,USA,2,55,7,3,0
11462092,42,1730.0,Saudi Arabia,2,120,7,0,0
6224762,24,17281.2,USA,2,57,7,3,0
4291909,51,1730.0,Saudi Arabia,2,65,7,3,0
6551031,53,7335.8,Canada,1,97,8,6,0
10896588,19,5418.0,India,2,46,8,0,0
14663622,53,28602.1,USA,2,22,8,9,0
2214038,53,20859.6,Canada,1,107,6,2,0
4738122,31,24101.5,Spain,1,85,8,2,0
2295650,46,1730.0,Canada,1,55,7,2,0
10360375,42,25523.6,Canada,1,210,8,1,0
13004492,32,29787.8,Spain,1,165,7,4,0
11625444,33,1730.0,Canada,1,47,8,5,0
8098529,18,8532.4,Spain,2,8,8,5,0
1969781,43,30962.9,Canada,1,64,8,7,0
16408960,29,78187.8,Saudi Arabia,1,134,8,4,0
7088730,50,41344.2,Saudi Arabia,1,173,8,2,0
10442338,41,46266.4,Spain,2,67,7,1,0
2068411,46,19826.5,Spain,1,109,9,2,0
5767402,43,14372.1,Spain,0,43,9,4,0
11206562,43,86155.6,USA,1,79,8,2,0
9632863,39,3550.6,Canada,2,57,7,8,0
12098453,28,39253.2,Spain,1,29,8,2,0
9143,49,31494.9,Canada,2,53,6,6,0
13978087,36,36033.5,USA,0,378,8,5,0
7087812,44,26483.2,Spain,1,154,6,0,0
16608286,31,22627.2,Canada,1,92,8,3,0
10674839,42,65030.1,Mexico,2,260,7,8,0
14358452,45,1730.0,Canada,2,116,8,3,0
8574835,37,6376.8,Saudi Arabia,1,15,8,0,0
2891573,30,27671.3,India,1,391,6,4,0
2734416,38,53548.6,USA,2,62,8,6,0
12763467,45,1730.0,Australia,1,97,6,3,0
13507027,47,16622.9,India,2,86,8,2,0
11028043,53,28906.6,Australia,1,130,7,6,0
7989250,31,36617.7,Mexico,1,313,6,2,0
1587836,45,86371.5,Canada,0,276,8,4,0
7355264,21,23879.4,Canada,0,388,8,2,0
12563315,57,43724.5,Spain,2,402,9,9,0
10990959,36,63582.9,Saudi Arabia,1,199,6,4,0
717172,28,1730.0,Canada,2,4,6,1,0
13617138,18,22909.5,Canada,2,70,8,2,0
15698014,35,36026.4,Canada,1,423,7,2,0
6667234,32,44425.6,India,1,403,6,2,0
5750817,51,21564.7,Canada,1,241,7,6,0
2521599,61,1887.4,Spain,1,42,6,2,0
1816653,35,53798.5,Germany,1,263,6,6,0
1590182,52,63885.2,Canada,1,401,7,5,0
2469785,57,73613.4,Spain,1,353,8,7,0
1764609,54,9097.8,Canada,2,81,6,9,0
13759852,40,1730.0,Canada,1,142,6,5,0
11228504,36,10358.6,Spain,1,50,8,3,0
1123270,43,11644.0,USA,1,22,6,2,0
48238,29,42876.8,Saudi Arabia,1,298,6,3,0
6584412,30,19999.6,Canada,1,85,7,2,0
6271908,57,1730.0,Spain,1,43,7,1,0
6427505,33,1730.0,Canada,2,49,7,4,0
10104126,50,2472.6,Spain,1,215,7,6,0
13426731,22,33973.9,Mexico,3,41,8,1,0
12846767,35,36477.2,Saudi Arabia,1,73,7,1,0
13558076,25,2939.8,Saudi Arabia,3,67,6,11,0
7231334,37,98397.2,Germany,2,172,8,4,0
6912853,21,43410.0,Spain,2,152,8,6,0
5509235,44,4968.4,Germany,0,101,8,6,0
696817,49,14866.7,Spain,1,66,6,6,0
9705888,35,24235.1,Saudi Arabia,1,217,6,4,0
1872268,49,1730.0,USA,1,2,8,1,0
610530,50,37049.7,India,1,149,8,9,0
3125595,52,91802.2,Spain,0,266,7,2,0
146570,45,6132.1,Canada,2,57,7,0,0
8656312,29,30004.0,India,1,72,8,2,0
12431267,69,35783.4,Canada,1,252,6,4,0
7150297,47,4258.5,Spain,1,65,8,3,0
5133219,30,74911.1,Mexico,2,261,7,2,0
3835277,45,31082.6,USA,1,270,8,5,0
13291696,40,26350.8,India,1,355,7,3,0
3313071,49,91955.2,Spain,0,106,7,4,0
11903662,45,52107.1,Spain,1,69,7,2,0
16410709,38,10755.4,Spain,0,338,8,4,0
14005271,50,1730.0,Spain,1,59,7,1,0
3663232,41,67565.1,USA,2,144,9,3,0
11937300,28,23014.8,Saudi Arabia,2,0,8,4,0
999711,28,1730.0,Canada,1,1,6,1,0
8992518,49,28549.3,Spain,2,50,8,1,0
824385,18,14917.4,Saudi Arabia,1,77,8,1,0
5929627,46,55493.7,Canada,1,207,7,8,0
10535352,44,59587.7,Spain,0,280,6,2,0
6483893,55,106535.8,Canada,2,414,6,2,0
13717129,31,14646.4,Canada,1,88,7,0,0
6951931,34,8182.0,Spain,1,17,8,2,0
7574791,42,89219.2,Spain,0,423,6,8,0
2171786,58,44289.8,Spain,1,197,8,14,0
14191889,49,8740.0,USA,1,23,8,4,0
16355794,39,38683.3,Spain,2,211,7,3,0
5251901,31,57883.0,India,1,374,8,4,0
13111906,47,74183.8,Canada,2,81,8,3,0
632102,39,27169.7,Saudi Arabia,2,221,7,1,0
7848404,33,1730.0,Spain,1,22,7,2,0
7770694,38,66308.5,Spain,1,231,8,3,0
7127006,45,23940.3,Australia,0,174,8,9,0
14736238,56,1730.0,Canada,2,214,6,9,0
4382197,41,8825.3,Spain,1,0,6,3,0
5618839,32,1730.0,Canada,1,21,8,0,0
10352300,31,1730.0,Saudi Arabia,1,16,8,2,0
5036877,39,1730.0,Spain,2,60,8,12,0
2717648,46,46198.0,Spain,1,30,6,14,0
4731461,41,24146.6,Spain,0,20,8,4,0
2760690,55,45810.8,Canada,1,61,8,3,0
9022232,49,33558.4,Spain,1,39,8,3,0
4703755,42,53912.0,Spain,1,51,8,2,0
6347797,59,5380.0,Saudi Arabia,1,44,7,2,0
15520533,48,41009.2,Spain,1,139,6,1,0
7193470,27,73301.0,Canada,0,382,7,8,0
6632630,52,93462.6,Germany,1,99,7,6,0
15690636,34,1730.0,USA,2,40,7,1,0
10632084,44,34129.4,USA,1,23,8,2,0
2057394,34,46624.1,Canada,0,94,7,5,0
8992744,31,110627.5,Spain,3,355,8,8,0
8116701,25,56267.6,Spain,2,434,8,3,0
16571721,52,19954.9,Saudi Arabia,1,28,8,1,0
5250405,41,1730.0,Spain,2,72,8,3,0
11382558,37,29769.8,India,1,71,6,2,0
7794170,37,52833.6,Spain,0,229,6,1,0
8098365,41,22399.4,USA,1,83,8,4,0
12127099,37,82915.6,Spain,1,133,7,6,0
6160848,35,49033.3,Spain,1,206,6,1,0
4318170,30,43458.3,Spain,2,71,7,4,0
11604573,33,5641.1,Spain,0,237,8,7,0
8361801,35,43743.3,Canada,2,338,7,2,0
15899982,53,76027.1,Spain,2,82,6,7,0
13613845,63,26840.8,Germany,2,280,6,11,0
16522427,53,1730.0,Germany,1,53,8,2,0
8480103,34,38307.2,Spain,0,114,8,4,0
13308256,36,31297.8,Germany,2,137,8,2,0
12471261,60,29444.5,Saudi Arabia,1,47,8,2,0
13403303,37,8501.5,Saudi Arabia,2,238,7,4,0
14146960,25,34629.0,Canada,0,98,8,3,0
16290383,46,1730.0,Spain,1,4,7,0,0
14880482,47,8337.1,Spain,1,33,8,2,0
4030518,36,27120.2,Saudi Arabia,1,44,8,2,0
9044216,33,19369.9,Canada,1,171,8,2,0
14039723,27,72566.7,Spain,0,417,8,7,0
12662671,39,6789.5,Germany,1,22,7,2,0
16753458,45,21536.8,Spain,2,9,7,1,0
12838798,39,1730.0,Canada,1,203,9,2,0
1170644,51,1730.0,USA,1,58,8,5,0
12875837,40,65583.9,Spain,1,25,7,3,0
4795071,36,26998.5,Spain,1,404,6,10,0
4520769,41,49825.4,Germany,0,424,8,2,0
3127709,65,1730.0,USA,1,20,8,0,0
11730186,38,19454.3,Canada,1,231,8,4,0
11355281,37,54687.8,Canada,0,254,8,1,0
12679708,46,79884.8,Germany,0,351,7,5,0
6195335,31,18598.4,Saudi Arabia,2,0,7,1,0
14157985,25,59374.3,Spain,1,300,6,4,0
7444109,30,57419.6,Spain,1,388,8,9,0
15111001,60,1730.0,Spain,1,122,8,1,0
7326284,44,46862.2,India,2,77,8,14,0
5028934,41,68932.0,India,1,161,8,10,0
14088593,47,1730.0,Spain,2,73,7,4,0
15273969,52,61861.7,Saudi Arabia,1,85,6,3,0
11359636,25,36693.4,Canada,1,83,8,4,0
11264427,35,58667.8,Spain,2,48,7,2,0
6873313,41,5539.5,Saudi Arabia,1,121,8,10,0
8525804,34,2280.4,Australia,1,51,7,1,0
8525918,43,88487.3,Spain,0,330,6,2,0
1308973,38,81977.3,Spain,0,320,7,6,0
1318028,20,46311.9,Saudi Arabia,1,236,6,8,0
16037987,38,5849.5,Spain,1,64,8,7,0
3446876,41,1730.0,Spain,1,0,7,2,0
13548510,28,51478.2,Saudi Arabia,1,9,6,1,0
585221,38,1730.0,Spain,1,9,8,0,0
12981578,28,15837.7,Spain,1,105,7,3,0
12644911,27,29636.0,USA,0,28,8,3,0
7626557,39,35066.9,India,2,255,8,3,0
570948,27,78358.9,Mexico,1,108,7,11,0
14259180,42,19877.2,Spain,0,105,6,8,0
6377817,23,42453.8,Spain,1,111,8,2,0
2760216,28,87111.2,Saudi Arabia,1,208,6,10,0
12815487,43,1730.0,India,1,119,8,2,0
14137089,36,36717.1,Canada,2,158,7,3,0
1710726,27,1730.0,Spain,2,30,8,1,0
13682701,35,72589.8,Saudi Arabia,1,77,6,3,0
217258,29,15351.6,Spain,1,70,6,0,0
5184994,54,90018.2,Saudi Arabia,1,309,6,3,0
5602290,32,1730.0,Saudi Arabia,2,43,7,4,0
9882862,58,32744.3,India,1,142,7,9,0
7589274,27,1730.0,India,2,4,7,1,0
11948701,64,89670.6,India,1,342,6,2,0
5546192,57,16677.0,India,1,139,6,0,0
14758026,46,57209.5,Mexico,1,172,8,1,0
12055320,19,1730.0,Germany,2,47,7,0,0
10073843,39,25270.6,Mexico,1,379,7,0,0
6130115,33,37814.0,USA,1,42,6,3,0
14211546,20,19325.6,Spain,1,172,7,5,0
5089447,58,26938.8,Spain,1,248,8,1,0
5744967,42,70929.2,Spain,1,329,7,10,0
7787830,27,22686.8,India,3,49,6,6,0
9873833,50,21126.8,Spain,1,31,8,3,0
5311813,18,62469.3,Canada,0,213,8,8,0
14563063,32,28316.3,Canada,1,67,7,3,0
15249490,56,18539.7,Australia,1,52,8,4,0
12854195,47,5205.0,Saudi Arabia,2,15,7,3,0
2538678,61,42054.0,Spain,1,127,6,3,0
12567837,44,64367.6,Spain,1,72,8,2,0
13212904,49,28248.5,Canada,1,15,6,3,0
10258504,23,33934.9,Germany,3,259,6,2,0
11238410,31,6251.9,Canada,1,94,7,2,0
2322747,23,2963.2,Canada,2,112,8,3,0
15437532,38,1730.0,Spain,2,7,7,1,0
11784432,47,49000.3,Saudi Arabia,2,226,6,9,0
3004704,25,112382.9,Spain,1,305,6,2,0
16443856,28,68083.1,Spain,2,90,8,4,0
5911734,55,13472.7,Spain,1,46,7,0,0
5398865,49,18977.1,Canada,0,57,7,4,0
8830888,47,13404.5,Canada,2,253,8,2,0
16738745,59,9748.8,Spain,0,142,7,1,0
11482963,36,70074.2,USA,1,230,7,5,0
2973698,42,9540.3,Spain,1,47,7,4,0
4464318,43,39610.5,Spain,0,47,8,14,0
14026690,20,32025.5,Spain,0,214,6,2,0
13048459,64,1730.0,Spain,1,0,8,2,0
12330258,36,22925.3,Germany,0,190,6,2,0
131335,67,1730.0,Canada,1,49,8,3,0
16244900,46,11934.8,Saudi Arabia,2,122,7,2,0
14409720,18,20483.7,Spain,1,59,7,2,0
11468724,43,62476.5,Canada,2,430,6,5,0
5622924,45,56581.4,Spain,1,339,8,1,0
10386390,24,55660.2,India,1,228,8,9,0
519077,43,51191.8,Canada,2,405,7,2,0
598128,29,64140.7,Spain,2,74,8,2,0
5454158,32,4254.5,Spain,2,54,8,2,0
3315589,53,60835.4,Spain,1,212,6,5,0
14581311,47,5034.2,India,1,153,7,2,0
1586355,33,9964.7,Australia,2,81,8,11,0
2397865,39,49536.6,Australia,1,142,8,3,0
10021956,51,1730.0,USA,1,12,8,1,0
1133461,34,36675.4,Spain,1,32,6,2,0
4773059,48,32897.7,Mexico,1,150,8,2,0
16674164,36,74149.5,Spain,2,349,7,2,0
2023001,52,91804.3,India,1,377,7,1,0
6209753,54,38268.9,Germany,1,50,6,3,0
5498444,39,1730.0,Canada,2,49,8,1,0
10274029,43,8245.7,Spain,2,36,8,1,0
1419505,56,3111.5,Canada,1,62,6,1,0
15137701,49,49022.7,India,1,375,7,2,0
13393707,37,45941.1,Spain,1,174,8,1,0
2915336,37,80392.6,Saudi Arabia,1,20,7,12,0
14003509,30,57046.5,India,2,24,6,3,0
7271234,50,16146.8,Canada,1,216,8,4,0
7301301,34,1730.0,India,1,64,7,7,0
4999151,33,21335.5,Spain,2,24,8,1,0
16729147,55,11821.2,Spain,0,280,9,3,0
7043875,48,3248.6,Spain,1,63,7,4,0
10628893,44,25131.0,Spain,0,65,8,3,0
5923451,18,32903.7,Spain,2,35,6,1,0
5940418,36,7440.2,Canada,1,23,8,2,0
789622,26,1730.0,Australia,2,49,6,2,0
15751425,25,46721.4,Spain,1,32,8,3,0
13433906,40,1730.0,Spain,1,64,7,1,0
7347151,51,31452.6,Spain,2,153,8,3,0
14852339,40,43492.7,Saudi Arabia,1,136,6,0,0
13749408,27,11948.4,Canada,1,39,7,0,0
15987840,35,1730.0,Canada,1,62,8,7,0
5596709,33,1730.0,Saudi Arabia,1,1,7,1,0
7983357,42,1730.0,Saudi Arabia,1,43,8,2,0
3613622,31,1730.0,Canada,2,13,7,1,0
8026804,40,5491.8,Saudi Arabia,2,17,7,6,0
12538053,53,1730.0,Spain,1,6,7,0,0
14500905,34,50328.8,Spain,2,78,8,2,0
2532594,24,6584.3,India,1,79,8,1,0
15673666,48,83889.7,Saudi Arabia,0,262,8,4,0
12359557,53,62326.1,Germany,1,90,7,2,0
13051581,31,22466.3,Saudi Arabia,1,31,8,3,0
6742319,22,7014.2,Spain,2,247,8,3,0
14796571,27,83065.0,Germany,0,190,7,11,0
1408316,46,1730.0,Spain,2,28,7,1,0
15963509,26,3513.5,Spain,2,89,7,2,0
363833,44,70643.8,Spain,1,62,8,2,0
15538328,68,11347.5,Australia,2,130,7,3,0
4518209,37,1730.0,Saudi Arabia,1,16,7,2,0
8961762,70,1730.0,Canada,2,57,8,1,0
9772324,70,1730.0,Canada,0,116,7,0,0
16191347,46,1730.0,Spain,1,57,8,2,0
5300083,46,42374.8,Canada,2,184,6,3,0
13325995,60,24580.8,Spain,2,193,7,1,0
3280796,67,69167.4,Canada,1,331,8,5,0
8542165,34,54547.4,Spain,1,376,8,8,0
4972476,38,37326.2,USA,1,55,8,2,0
14408172,39,98128.8,India,0,440,7,5,0
7840593,53,6603.9,Spain,1,89,8,1,0
16094380,57,26656.2,Canada,2,144,8,4,0
12807374,38,11602.7,Canada,2,101,7,1,0
4287489,43,69675.0,Spain,1,62,7,3,0
5449762,45,58002.5,Spain,2,320,8,4,0
4819403,46,7713.7,Spain,2,72,7,2,0
5794483,29,13406.5,Spain,2,51,8,1,0
14926556,18,9378.7,Australia,1,30,8,3,0
10375450,41,52801.2,Spain,1,299,8,2,0
8665850,31,31825.9,Spain,0,72,6,9,0
7804748,44,30663.5,Spain,2,164,8,3,0
5107190,33,40748.7,Spain,1,94,8,4,0
1565231,34,7611.7,Saudi Arabia,1,26,8,4,0
4016973,34,4365.0,Spain,1,47,7,1,0
14703445,42,10764.4,USA,1,20,8,0,0
12633799,40,84146.7,Spain,2,29,6,6,0
5308941,18,59962.5,Canada,1,60,6,2,0
13155125,43,31816.8,Canada,1,103,8,4,0
2101733,24,83487.5,Saudi Arabia,0,299,6,10,0
5972225,29,1730.0,Spain,1,40,6,0,0
449940,41,11072.6,Canada,2,56,8,2,0
11767996,59,83080.7,Australia,0,432,6,12,0
7221367,33,1730.0,Spain,1,70,8,1,0
10705768,35,33013.2,Saudi Arabia,1,185,8,2,0
10400408,38,62827.3,Spain,0,211,6,7,0
4873506,45,56424.5,Spain,2,177,6,6,0
16358783,31,48777.9,India,0,257,6,4,0
16350711,55,39525.2,Germany,1,201,7,2,0
1436343,30,1730.0,Canada,1,2,7,2,0
997377,56,29710.1,Canada,1,50,7,5,0
11105511,39,18643.2,USA,2,26,8,1,0
5815143,43,1730.0,Spain,2,62,7,4,0
502087,40,1730.0,Canada,1,20,8,2,0
13580646,39,34703.6,India,1,62,8,1,0
10290335,49,1730.0,Canada,1,65,8,2,0
16327950,33,92672.4,Australia,0,151,8,3,0
10978733,62,59960.7,Canada,0,323,6,9,0
12239770,37,64358.4,Saudi Arabia,1,357,8,2,0
14575792,35,21265.8,Spain,1,18,6,2,0
12367860,43,4592.8,Spain,1,76,8,3,0
1227797,40,20612.3,Saudi Arabia,0,202,9,2,0
4049601,36,36628.1,USA,1,46,8,2,0
5097551,53,65857.1,Saudi Arabia,2,123,6,3,0
574331,42,4968.4,Canada,1,208,8,8,0
2350312,29,54179.4,Australia,1,349,7,8,0
11307053,29,9131.5,Spain,1,24,8,0,0
4169073,35,83305.2,Spain,1,214,7,2,0
11653747,68,1730.0,Spain,0,31,7,2,0
3316755,36,44005.4,Canada,1,100,6,7,0
9272023,41,4275.7,Australia,1,37,8,4,0
2719778,27,45477.8,Canada,1,90,8,3,0
7130384,29,89484.9,Australia,1,229,6,4,0
16746058,40,53740.7,USA,1,200,7,4,0
13844264,34,16119.6,Germany,1,108,6,1,0
9514686,33,16280.1,Canada,1,124,8,1,0
4631619,29,32741.6,Spain,1,177,8,2,0
10123359,45,1730.0,Saudi Arabia,1,48,7,2,0
7601071,45,1730.0,Spain,2,52,7,0,0
11397995,52,1730.0,Canada,1,36,8,10,0
1670685,57,1730.0,Saudi Arabia,2,16,7,1,0
13226490,36,53156.3,Spain,1,46,6,2,0
614132,36,43503.1,Germany,1,49,6,2,0
5523583,32,35311.5,Spain,2,107,8,4,0
15159213,29,1730.0,Spain,2,51,7,1,0
9943474,43,44051.2,Saudi Arabia,1,278,8,6,0
1229588,38,11423.2,Spain,2,71,7,2,0
13294165,32,73857.2,Spain,1,320,8,3,0
8954995,30,35428.2,Spain,1,348,8,2,0
1871395,32,2601.6,Spain,2,34,8,1,0
9735105,25,19572.5,India,2,66,7,4,0
13269628,55,13313.9,Canada,2,17,7,2,0
4595218,45,51140.5,USA,1,22,8,2,0
6109465,33,1730.0,Canada,1,42,7,2,0
10745722,48,38491.6,Spain,0,347,6,3,0
6171438,30,19683.8,Saudi Arabia,0,128,8,3,0
300132,38,9165.6,Spain,2,81,7,12,0
14504026,30,1730.0,Spain,1,0,7,1,0
9960133,31,5587.0,Spain,1,20,8,7,0
3425640,44,77060.4,Canada,0,240,8,5,0
3437699,35,33592.1,Spain,1,104,7,1,0
244986,36,54591.1,Spain,1,102,8,2,0
8655879,24,4900.1,Canada,2,59,8,1,0
6342973,56,5478.6,Spain,1,40,8,4,0
6011542,43,32430.5,Spain,3,347,8,2,0
12153228,42,19731.2,USA,1,8,7,1,0
15740312,37,3580.7,Spain,1,173,8,3,0
10680858,30,25170.7,Canada,2,18,6,1,0
6950389,22,3978.9,Saudi Arabia,0,270,7,1,0
8637018,26,35520.1,Canada,1,213,7,4,0
13803006,60,84760.9,Germany,1,44,7,2,0
2128662,56,39326.6,Spain,1,145,8,2,0
5583306,33,82102.4,Germany,1,248,8,4,0
931273,18,101324.4,India,1,380,6,3,0
14485426,50,93820.9,Canada,1,238,8,5,0
7108210,47,18302.6,Germany,2,247,8,9,0
16362165,44,57029.2,Germany,1,250,6,4,0
4892490,18,16593.5,Saudi Arabia,2,119,6,2,0
1165056,39,1730.0,Canada,2,20,8,0,0
10392137,48,39156.8,Canada,1,51,7,2,0
8203319,47,2799.1,Canada,1,71,7,4,0
684947,32,10125.6,Spain,1,15,8,2,0
4802107,27,16566.7,Germany,1,87,7,3,0
9347363,54,61419.6,Spain,1,118,6,8,0
1956563,47,35392.3,Spain,1,60,8,2,0
6975120,37,61766.2,Saudi Arabia,1,160,8,6,0
15270340,26,3310.6,Germany,2,53,7,3,0
1535604,31,51003.6,Spain,1,355,8,2,0
15019505,56,17085.1,Mexico,1,237,7,2,0
10881580,45,56468.7,Spain,0,148,8,4,0
14384320,53,27207.0,Canada,2,38,8,2,0
8006042,38,11336.3,USA,2,31,7,1,0
10110132,43,94611.9,Saudi Arabia,1,219,8,3,0
3949470,48,10483.6,USA,0,37,8,2,0
6658359,32,56171.8,USA,0,94,7,2,0
8019090,30,60663.0,Mexico,1,157,8,2,0
2376176,31,9718.8,Saudi Arabia,1,64,8,4,0
13338772,27,88251.1,Spain,1,79,7,7,0
12637879,36,53417.5,Spain,2,119,7,3,0
5244715,56,107912.0,Spain,1,140,7,7,0
10435090,23,101575.9,Spain,1,438,8,12,0
2917012,52,79507.9,Spain,3,302,7,4,0
13812145,28,1730.0,Spain,2,46,7,2,0
4379505,43,1730.0,Spain,1,88,7,4,0
11248803,52,1730.0,Mexico,1,172,7,2,0
2540856,19,12479.6,Spain,0,59,7,1,0
6810829,27,18188.1,Canada,2,162,7,3,0
2954802,43,19553.7,Spain,2,131,7,0,0
15952937,29,15965.4,Canada,1,3,6,1,0
10738465,42,1730.0,Australia,2,39,8,0,0
4534808,22,1730.0,Canada,1,40,8,1,0
2679266,37,27259.8,Australia,1,63,8,3,0
11048004,30,31880.5,Canada,2,97,8,2,0
12240153,59,52760.4,Spain,1,342,7,2,0
1982133,52,70593.2,Spain,2,397,6,2,0
5703098,32,1730.0,USA,2,147,8,1,0
8214453,57,87993.0,Spain,4,88,8,4,0
7311605,49,108821.3,Canada,0,408,8,3,0
16344543,27,56569.1,Spain,1,71,7,2,0
3769891,22,1730.0,Spain,2,46,8,2,0
4755786,40,27224.5,Germany,2,236,7,3,0
1626844,62,38095.6,Canada,0,89,8,4,0
12103926,53,1730.0,Saudi Arabia,1,31,7,8,0
2769552,41,74862.5,Mexico,1,377,6,4,0
12420862,58,2345.9,Spain,1,152,8,1,0
14979392,39,30700.7,Canada,1,313,6,3,0
10694626,33,1881.3,Spain,1,56,8,1,0
6959103,50,18058.2,Spain,2,106,7,7,0
11390487,27,34564.6,Germany,1,57,7,9,0
6096779,34,35181.4,Spain,1,51,6,7,0
8164852,48,22502.7,Spain,2,65,6,2,0
14588433,49,2515.9,Australia,2,63,6,3,0
10148197,38,15958.2,Canada,1,81,8,1,0
5568993,35,33978.9,Australia,2,63,6,1,0
14527013,57,52406.1,Spain,0,99,7,4,0
5223317,48,78603.5,Germany,1,167,7,6,0
9420929,38,1730.0,Canada,1,51,7,2,0
14839744,54,57855.3,Spain,1,109,6,4,0
10651007,43,1730.0,Spain,2,90,6,1,0
2571374,32,68904.0,Spain,1,61,6,3,0
9128616,28,43356.1,Spain,0,264,7,6,0
5353807,59,1730.0,Canada,1,33,8,0,0
4924739,61,27373.7,Canada,2,60,7,3,0
10605629,22,19932.6,Spain,2,65,7,7,0
5593615,38,37910.7,Germany,2,15,8,6,0
12481057,53,15943.3,Saudi Arabia,1,91,8,2,0
6655055,36,42346.5,Saudi Arabia,0,47,8,2,0
4367621,21,3779.4,Spain,2,47,7,10,0
4562846,24,30545.4,Mexico,1,71,6,4,0
5123025,41,38090.6,Canada,2,64,8,3,0
265608,36,110245.3,Saudi Arabia,0,370,8,9,0
15883270,35,1730.0,Canada,2,37,8,2,0
5392282,69,62862.0,Spain,2,312,6,3,0
14388871,23,77823.5,Spain,0,430,6,5,0
14119456,58,13213.8,Spain,2,46,6,1,0
6634245,47,1730.0,Spain,1,35,8,3,0
10859643,54,37280.0,Canada,0,98,7,10,0
9990835,21,1730.0,Australia,1,63,8,2,0
9415383,34,1730.0,Spain,2,34,8,1,0
225591,26,20190.6,Canada,2,33,8,2,0
9936748,25,25013.8,USA,2,53,7,3,0
16526667,31,79137.6,Saudi Arabia,2,319,6,3,0
1222705,53,11173.8,Germany,1,68,7,4,0
10182159,40,15344.4,Australia,1,60,8,1,0
11735949,43,39893.6,Spain,1,66,6,6,0
12613438,42,105339.4,Spain,0,270,8,5,0
10458873,33,1730.0,Spain,1,56,8,1,0
3142789,48,1730.0,Spain,1,81,6,1,0
13414590,43,12594.5,India,2,148,7,3,0
10106773,62,8696.6,Canada,1,209,6,4,0
7078721,46,21074.3,Saudi Arabia,1,96,8,6,0
12142875,38,55430.1,Canada,0,323,9,5,0
12153741,46,1730.0,Spain,1,22,7,1,0
4064916,50,87768.9,Germany,1,340,8,2,0
2219265,28,13034.4,USA,1,18,6,2,0
15978840,35,70977.5,Saudi Arabia,1,99,8,3,0
2460702,29,22460.7,Spain,1,43,7,7,0
16670809,35,87583.0,India,1,149,6,3,0
13462878,39,36773.9,Canada,1,64,8,1,0
1554114,37,1730.0,Spain,1,54,7,3,0
6009232,28,1730.0,Canada,1,69,8,0,0
4825751,42,3369.2,Australia,1,169,8,2,0
15254404,59,79306.6,USA,0,303,7,3,0
6289685,36,22008.0,Saudi Arabia,2,42,7,1,0
7580875,47,1730.0,Spain,2,58,8,1,0
15910740,56,70453.7,Spain,0,412,7,1,0
388622,56,86735.8,Spain,0,364,6,8,0
11311741,43,1730.0,Australia,1,53,7,3,0
14717384,49,49618.8,Spain,0,153,7,2,0
10169058,49,35740.1,Canada,1,12,7,2,0
8460348,20,6486.4,Canada,1,19,7,3,0
15350708,37,21153.4,Canada,1,48,7,2,0
1162561,18,23934.9,India,2,28,7,5,0
6368954,33,5606.0,Spain,2,29,6,2,0
5117946,24,34970.4,Saudi Arabia,1,51,8,2,0
7155936,44,29802.0,USA,1,66,8,3,0
6130048,45,25218.3,Spain,2,80,7,3,0
10124349,43,17506.4,Saudi Arabia,0,319,7,8,0
1845820,40,3859.2,Spain,1,59,7,1,0
1926018,49,11291.7,Australia,0,76,6,5,0
7821770,35,31230.6,Canada,1,41,8,4,0
11333414,45,24015.0,USA,2,65,8,1,0
9359077,36,26506.2,Canada,2,42,8,2,0
11833405,21,77759.2,Germany,1,310,7,4,0
1338970,52,14934.5,Canada,0,84,6,6,0
10622548,49,17986.7,Spain,1,51,6,1,0
5034089,56,10798.1,Saudi Arabia,1,26,7,0,0
14030678,33,27579.1,Spain,2,56,8,4,0
3712441,31,1730.0,Spain,0,25,7,3,0
9213521,48,48749.9,Spain,0,123,8,4,0
1083551,30,73639.3,Canada,3,131,6,3,0
11487224,50,46834.5,Spain,2,172,7,6,0
3299868,35,27487.0,Spain,2,44,7,2,0
5233470,72,36732.7,India,0,215,6,4,0
8921785,36,62903.5,Australia,1,299,8,1,0
12419902,36,81101.9,USA,2,77,8,3,0
12746036,31,9771.8,USA,0,100,8,2,0
10674551,19,40772.8,Canada,1,76,6,3,0
9612610,34,1730.0,Canada,2,21,6,1,0
3685438,29,54310.2,India,1,114,7,2,0
11151212,39,2527.6,Saudi Arabia,1,62,8,1,0
11239131,44,19948.7,Spain,1,235,8,3,0
10791596,32,81338.8,USA,1,102,8,3,0
16756111,62,1730.0,India,2,0,7,2,0
14105506,54,12041.0,Saudi Arabia,2,3,6,3,0
12524704,24,58467.2,Spain,1,228,8,4,0
1955428,19,1730.0,Germany,2,7,7,0,0
10004604,38,34741.9,Germany,1,20,7,2,0
5606569,35,20160.1,Saudi Arabia,2,21,6,1,0
13080115,29,103950.8,USA,0,216,8,2,0
2398895,42,36256.6,Mexico,1,53,7,2,0
4980913,24,84962.2,Spain,2,202,8,2,0
11891864,26,79589.0,Australia,2,115,6,7,0
14800235,27,31646.1,Spain,2,48,6,2,0
14338827,72,1976.0,Spain,2,86,8,0,0
15077675,34,73007.0,Germany,1,108,7,3,0
1595306,34,31816.6,Canada,2,115,7,2,0
290861,44,95707.6,Saudi Arabia,1,85,7,4,0
13356218,32,1730.0,Saudi Arabia,1,118,7,3,0
13676044,48,88588.8,Germany,0,431,9,3,0
7149847,64,67884.1,Saudi Arabia,0,166,6,6,0
12065833,68,17643.7,Germany,0,221,6,13,0
2230095,46,1730.0,Germany,1,43,8,2,0
14322943,30,43513.6,India,1,176,8,2,0
4970561,38,50205.8,Spain,1,182,7,10,0
16379603,34,4587.4,Germany,1,68,8,13,0
14095539,44,14238.1,India,1,218,8,5,0
8346117,23,91765.5,Saudi Arabia,0,102,8,1,0
4674830,30,71890.6,Spain,2,113,7,2,0
10853475,43,34521.2,Spain,1,30,8,1,0
10152782,36,4845.2,Spain,1,27,8,3,0
12571767,55,49025.4,Spain,1,278,8,7,0
13280520,32,1730.0,USA,1,29,7,5,0
11793933,18,1730.0,Canada,1,54,7,2,0
11029656,47,11216.6,Spain,1,79,6,1,0
2932151,23,1730.0,Spain,1,75,7,1,0
5890121,35,1730.0,USA,1,60,7,2,0
11195951,51,34266.7,Canada,2,80,7,2,0
11343588,63,64581.2,Spain,2,174,7,2,0
7071314,32,24708.5,Germany,2,55,7,2,0
5437069,42,1730.0,Spain,1,32,8,2,0
3125249,70,73900.3,Canada,1,239,6,8,0
2446202,50,25603.1,Australia,1,43,7,1,0
12186045,37,83514.5,Germany,1,267,8,2,0
13782604,56,55982.1,Spain,0,208,6,2,0
13256717,46,77978.8,Australia,1,327,8,11,0
14673194,41,1730.0,Australia,2,53,7,3,0
14908608,29,76298.6,Canada,0,361,6,4,0
6722425,41,13416.8,Canada,1,140,7,2,0
15637600,42,21958.2,Australia,1,276,6,6,0
15627051,45,1730.0,Saudi Arabia,1,45,7,1,0
8019675,57,47665.0,Spain,1,28,8,2,0
4343141,26,83193.6,India,1,390,7,2,0
968754,26,97933.2,Saudi Arabia,1,264,6,6,0
13930463,27,43407.5,India,2,42,8,6,0
4460439,31,15422.8,Spain,2,72,7,4,0
9123755,50,1730.0,Spain,1,46,8,2,0
11339759,28,2483.1,USA,1,54,8,1,0
14297180,29,14053.7,India,2,36,6,3,0
10450976,47,27492.1,Spain,2,201,8,3,0
8751341,52,11921.5,Canada,2,37,7,1,0
13350045,47,91498.9,Spain,1,236,7,11,0
13332836,38,12449.4,India,1,17,8,2,0
12096214,35,1730.0,Spain,1,42,8,2,0
14038631,49,1730.0,India,1,54,8,0,0
10511097,42,1730.0,Spain,1,14,7,2,0
3193818,37,75779.0,India,2,290,8,4,0
2423951,34,1730.0,Saudi Arabia,2,13,7,1,0
13997222,23,19083.4,India,0,400,6,3,0
13563331,44,21512.0,India,1,32,8,2,0
13233207,40,1730.0,Spain,1,43,8,4,0
1764442,52,13246.3,Mexico,1,229,6,5,0
8530864,43,1730.0,Spain,1,25,8,1,0
4326596,37,1730.0,Spain,1,22,8,1,0
5311236,57,4756.6,Germany,2,67,8,1,0
12042154,36,1730.0,Saudi Arabia,1,52,7,1,0
3646553,33,40292.5,Saudi Arabia,0,178,8,7,0
1748771,37,8949.4,Spain,2,69,6,3,0
11281980,50,79096.6,Saudi Arabia,1,110,8,2,0
12504946,21,1730.0,Germany,2,39,8,2,0
4852113,57,68557.6,Canada,1,415,10,3,0
8342111,35,1730.0,Saudi Arabia,1,11,7,1,0
1865076,37,52441.9,Spain,1,74,7,3,0
8242563,60,33946.9,Canada,1,14,7,2,0
5014044,41,57094.2,Canada,2,370,7,1,0
14302303,33,10996.9,Canada,2,7,8,10,0
13431773,39,51910.7,Australia,1,64,6,2,0
12342919,50,33088.5,Saudi Arabia,1,131,7,2,0
3745865,41,23073.5,Spain,2,70,6,2,0
3754564,21,52805.0,Spain,1,80,8,1,0
11612653,33,24598.7,Spain,1,63,7,2,0
16027671,33,28286.0,Spain,1,316,6,8,0
2179592,32,70701.9,Canada,1,49,8,4,0
6513631,18,83766.4,Canada,0,101,7,2,0
15547426,55,22546.5,Spain,1,97,8,2,0
11256374,42,20281.3,India,0,117,8,0,0
514231,36,24243.6,India,1,6,6,4,0
5568331,40,3377.4,Spain,1,58,7,2,0
10185489,42,21852.6,Mexico,0,144,8,3,0
1814385,43,62713.8,Spain,1,88,7,1,0
3610538,46,21533.1,USA,1,389,6,8,0
14054620,38,47802.5,Canada,1,128,7,0,0
12011384,43,4667.1,Saudi Arabia,1,49,6,3,0
10036766,32,61770.3,Germany,0,118,8,4,0
7399452,27,39103.6,Canada,2,147,7,2,0
8283660,49,1730.0,Spain,2,5,7,0,0
9470402,18,1730.0,Saudi Arabia,2,48,8,0,0
5673894,33,2968.3,Spain,1,57,7,0,0
7238750,43,42823.5,Canada,2,178,8,2,0
11374480,29,45267.5,Spain,1,96,6,2,0
4393306,33,1730.0,Spain,2,22,7,2,0
5562846,20,9086.9,Saudi Arabia,2,356,6,1,0
5990426,54,1730.0,Spain,1,71,6,2,0
15639613,35,18197.2,Canada,2,170,6,2,0
7328051,18,1730.0,Canada,2,14,8,0,0
10003294,50,82964.2,Canada,1,235,7,8,0
13205171,35,9591.2,India,1,44,8,7,0
14813304,26,8450.7,India,2,32,8,2,0
8366355,40,46476.2,Saudi Arabia,2,252,8,9,0
10630710,43,2862.5,Canada,1,46,7,3,0
2913726,33,1730.0,Australia,2,27,6,1,0
8531780,30,64502.6,Spain,0,163,8,3,0
16650290,43,1730.0,Mexico,2,41,8,0,0
15045224,37,16891.7,Spain,1,405,8,2,0
10743319,55,24731.7,Spain,0,39,7,2,0
3564818,30,1730.0,Spain,1,6,8,3,0
813824,39,19992.3,Spain,2,69,7,0,0
5933174,44,1730.0,Australia,2,278,8,1,0
15582897,33,25386.9,Spain,1,54,7,1,0
13955232,56,9225.3,Spain,2,83,8,5,0
12538178,32,65550.1,Canada,2,16,8,4,0
12132594,31,20897.9,Canada,2,6,8,1,0
2303942,35,52465.5,Spain,2,419,7,5,0
13539919,39,72161.0,Germany,1,415,7,2,0
9956616,56,9097.9,Spain,2,198,6,6,0
2154496,29,7760.5,Spain,2,6,7,2,0
11197509,32,21802.4,Saudi Arabia,2,267,6,0,0
5869946,35,1730.0,USA,1,5,8,1,0
16011772,47,17109.7,Canada,2,172,8,2,0
2824082,21,12546.7,USA,0,224,7,1,0
8305338,47,12303.6,Australia,2,14,6,2,0
3722907,68,12901.1,Spain,1,149,7,0,0
2363236,22,86897.0,Australia,0,318,7,4,0
12715570,31,5764.8,Spain,1,64,8,1,0
3437841,49,1730.0,Mexico,2,39,7,4,0
6575756,64,63634.4,Canada,1,231,6,3,0
9342571,23,1730.0,Spain,1,82,7,1,0
15333376,24,9868.7,Saudi Arabia,2,69,6,2,0
11815531,40,75055.4,Saudi Arabia,1,297,8,2,0
5318039,40,11002.8,Saudi Arabia,2,245,7,1,0
15824698,45,76711.3,Spain,2,146,6,9,0
6426638,33,71233.0,Canada,0,254,6,9,0
13262829,54,90240.0,Spain,1,172,6,12,0
7280349,19,1730.0,Spain,1,26,8,2,0
13063394,58,79155.2,Canada,1,115,6,6,0
3725124,18,83332.1,Spain,0,53,8,10,0
7013663,26,96231.3,Spain,2,306,6,5,0
3986805,40,29882.7,Spain,1,205,7,4,0
3578720,18,27895.5,India,2,223,8,7,0
4213692,49,90262.6,India,1,328,7,3,0
12049885,22,1851.9,Mexico,1,27,8,2,0
543788,36,1730.0,Australia,1,89,7,2,0
10879272,40,3158.7,Saudi Arabia,1,2,7,2,0
1403624,35,60151.4,India,0,108,7,7,0
9275933,50,12002.8,Canada,1,267,6,3,0
3232270,31,1730.0,Spain,1,0,8,2,0
5702100,44,34323.3,Germany,2,196,7,2,0
15707616,35,26298.6,USA,0,6,6,2,0
532376,45,14184.6,India,1,91,7,2,0
1887450,48,1730.0,USA,2,0,8,9,0
14357795,33,31035.1,Saudi Arabia,2,276,7,2,0
13081632,36,44914.8,Mexico,1,313,7,4,0
63530,61,1730.0,Spain,2,42,8,1,0
7788051,46,61368.4,USA,0,39,6,4,0
6282764,37,1730.0,Spain,1,156,6,3,0
7149159,31,82081.8,India,0,421,7,8,0
7104106,43,33164.6,Germany,1,54,6,3,0
4631963,33,32170.1,India,2,139,7,5,0
7601212,46,17258.3,Spain,1,107,7,3,0
11812947,71,1730.0,Canada,1,70,8,3,0
14486972,32,82790.8,Spain,1,84,7,0,0
5604543,41,23154.9,Spain,1,271,7,10,0
10122507,44,69443.2,USA,1,45,8,1,0
847744,31,1730.0,Spain,2,67,7,1,0
11283540,43,1730.0,Canada,1,66,6,1,0
12317038,48,31601.2,Canada,2,94,8,2,0
5116754,47,61683.0,India,1,107,7,3,0
15894581,29,87207.9,Germany,2,66,6,1,0
7730460,57,77076.7,Spain,0,90,7,2,0
2532855,38,22153.4,Canada,2,108,6,2,0
118830,37,1730.0,Spain,2,30,7,1,0
7091121,26,10907.6,Germany,1,78,7,2,0
13999277,33,35368.1,Spain,0,156,7,3,0
1190935,34,11353.3,Spain,1,69,6,2,0
9436454,68,59404.1,Australia,1,399,6,3,0
10231632,50,28107.3,India,1,19,7,1,0
2655507,30,84114.7,Saudi Arabia,1,285,8,4,0
16257782,43,43086.8,Canada,1,402,9,2,0
5550347,31,109706.1,Canada,2,216,6,5,0
794909,48,22856.9,Saudi Arabia,1,74,7,3,0
155049,31,26233.7,Saudi Arabia,1,67,7,4,0
16039537,44,54719.0,Canada,0,321,8,6,0
11510842,45,31201.6,Spain,1,292,6,3,0
2445456,29,1730.0,Australia,2,77,8,4,0
7376676,33,16850.7,Spain,1,188,8,5,0
5060886,27,58304.3,Australia,1,80,8,3,0
14636590,38,1730.0,Spain,1,64,7,1,0
9527545,47,9467.1,Spain,1,114,8,4,0
7993032,53,1730.0,Canada,1,35,8,2,0
7965508,41,11339.9,Canada,0,380,7,8,0
14659384,29,1730.0,India,1,16,8,2,0
9391300,33,26041.5,India,2,45,7,2,0
5839236,28,11279.3,Australia,1,0,8,1,0
13344167,43,57962.5,USA,0,366,8,3,0
14763471,43,1730.0,Spain,2,100,7,4,0
14436490,49,106532.0,USA,0,263,6,3,0
4004130,18,37596.1,Spain,1,31,8,5,0
13767019,42,35685.8,Spain,1,156,8,12,0
328503,54,51624.7,Canada,2,60,6,2,0
7680035,40,62997.9,Spain,2,162,8,3,0
11838407,38,25801.7,Saudi Arabia,0,184,6,11,0
9975839,35,1730.0,Canada,1,69,6,1,0
7355745,34,78554.7,Canada,1,365,9,2,0
15566600,44,20699.0,Canada,0,44,8,0,0
10631036,21,1730.0,USA,2,23,8,2,0
5977382,36,50521.5,Australia,2,254,7,5,0
5791751,22,1730.0,USA,2,16,6,1,0
7364135,56,11110.8,Canada,1,25,7,0,0
5511029,49,1730.0,Spain,1,60,8,1,0
10938699,36,54758.6,Spain,2,63,7,1,0
10422439,27,51249.6,Spain,2,344,8,1,0
12395173,37,34118.1,Germany,2,54,8,2,0
7831037,46,21709.5,Spain,0,275,7,4,0
2844889,29,70879.0,Germany,1,3,7,1,0
8872791,51,6876.8,Spain,2,74,6,2,0
9382831,37,31933.3,Saudi Arabia,2,76,6,12,0
12352561,27,11634.0,USA,1,37,8,2,0
4466412,38,27766.6,Spain,1,7,7,1,0
8658457,44,1730.0,Saudi Arabia,0,59,6,3,0
2965971,38,15060.2,Germany,1,2,8,2,0
5237095,22,56485.8,Spain,2,270,8,0,0
4807955,40,22767.3,Spain,2,97,8,2,0
7501361,49,9758.0,Canada,1,21,8,3,0
1000482,52,35762.0,Spain,1,171,7,9,0
5931736,37,18519.3,Saudi Arabia,2,62,8,2,0
2963087,31,32774.7,USA,1,58,8,2,0
5083154,32,21550.0,Spain,2,98,7,5,0
16188765,31,1730.0,Spain,1,13,8,2,0
11791340,39,13609.5,Canada,1,53,7,2,0
8456289,37,1730.0,Spain,1,50,8,2,0
7374824,33,47816.8,Mexico,1,81,8,9,0
16093533,42,82375.8,Saudi Arabia,0,328,8,7,0
2185386,53,91039.7,Saudi Arabia,1,91,7,4,0
15214754,53,1730.0,Canada,2,97,7,2,0
5970391,25,1730.0,Canada,1,279,8,1,0
10428943,56,40436.4,Spain,1,58,8,1,0
11830575,61,3540.1,India,2,29,7,3,0
6770514,18,13636.9,Spain,1,42,7,2,0
1062673,42,4651.7,Canada,1,2,8,0,0
5971955,39,59138.5,Germany,1,131,7,3,0
7687944,55,21463.0,Spain,1,61,6,2,0
5723760,47,17833.2,Spain,1,57,8,4,0
1365472,36,33369.2,Canada,1,62,8,1,0
1841207,55,41757.5,Saudi Arabia,1,249,6,7,0
849240,34,53565.8,India,1,419,7,11,0
1684237,21,74168.9,Spain,1,223,7,2,0
8793026,43,16639.4,Saudi Arabia,1,7,8,2,0
9351396,43,78177.4,Canada,1,111,6,4,0
11745515,34,40702.6,Canada,1,94,7,2,0
5400851,31,32447.1,Spain,2,102,7,3,0
14290830,37,26454.9,Germany,1,39,7,1,0
12275642,43,1730.0,Australia,2,67,8,3,0
9893046,40,1730.0,Germany,1,37,7,1,0
5972409,46,1730.0,Spain,1,34,8,1,0
781972,47,56017.7,Canada,0,195,6,2,0
10066613,48,1730.0,Spain,1,60,8,1,0
11413551,44,78020.7,Australia,1,411,7,1,0
13392556,37,37643.2,Spain,1,207,8,3,0
570323,37,21139.1,USA,2,432,8,4,0
10529498,40,53572.4,Saudi Arabia,1,277,8,6,0
13594541,57,4863.9,Canada,1,4,7,1,0
2259356,45,67566.2,Spain,1,183,8,2,0
6766777,49,22762.4,Australia,1,203,6,3,0
16562476,34,47226.8,Spain,2,129,8,1,0
7403978,46,29967.5,USA,0,147,6,2,0
7540221,25,10941.0,India,2,9,8,2,0
14539971,30,22715.9,Saudi Arabia,1,31,9,7,0
5624990,33,1730.0,Canada,1,55,7,0,0
2113282,31,1730.0,USA,1,6,7,0,0
9200819,46,39710.0,Spain,1,416,8,11,0
10177199,39,1730.0,Spain,1,20,6,1,0
1883028,36,1730.0,Spain,1,18,7,1,0
7009403,42,60723.5,Spain,1,31,6,2,0
841396,49,73442.3,Australia,1,290,8,4,0
3289772,35,19952.6,Spain,1,49,7,2,0
9542618,68,45614.2,Spain,1,177,8,4,0
12662892,32,1730.0,Saudi Arabia,2,31,8,1,0
6115967,48,65299.9,Spain,1,200,6,2,0
15148323,42,11819.3,Canada,1,70,6,3,0
826326,27,1730.0,Germany,1,122,8,2,0
4603371,29,5960.2,Spain,0,68,8,3,0
3806867,36,33775.9,Saudi Arabia,1,81,7,4,0
1228343,31,42520.4,Canada,2,61,7,2,0
8327155,31,1730.0,USA,2,11,7,7,0
1961613,65,30121.6,Canada,2,36,8,2,0
13959567,39,32711.7,Spain,1,19,8,2,0
3772203,60,21230.6,Australia,2,360,7,2,0
3224565,42,6740.0,Canada,1,40,8,1,0
13602326,38,75075.6,Australia,0,282,6,4,0
5482303,46,9522.5,Canada,2,60,8,8,0
14683046,39,66324.8,Spain,0,208,6,3,0
9673862,35,15251.6,Spain,1,32,8,2,0
16385786,58,104300.8,Canada,0,396,6,9,0
11423050,46,72160.1,Spain,1,376,7,6,0
2532094,27,54488.2,Saudi Arabia,0,253,8,4,0
7565621,43,86690.1,Canada,0,280,6,4,0
15976690,40,1730.0,Saudi Arabia,1,20,7,2,0
209043,35,20004.6,Germany,2,82,6,10,0
1469004,37,49025.3,Saudi Arabia,2,46,7,2,0
12296399,26,27042.3,Spain,1,310,7,1,0
1450183,42,67018.5,Saudi Arabia,0,324,8,6,0
9633986,42,53890.2,Saudi Arabia,2,40,7,5,0
13522426,42,16165.9,Spain,1,78,7,3,0
16681914,51,63149.1,Saudi Arabia,1,69,6,2,0
6775812,48,71775.2,India,1,410,7,4,0
9239164,37,39654.1,Australia,0,265,6,3,0
1812916,28,4568.2,Spain,1,79,8,2,0
6840176,56,24427.6,Spain,1,8,6,2,0
9053763,50,24537.4,Canada,1,151,6,1,0
13872458,62,56829.8,Saudi Arabia,1,184,8,4,0
7378856,31,14012.3,Spain,0,92,6,6,0
2280133,25,71079.6,Canada,2,313,7,9,0
4259616,18,10634.8,Spain,1,18,6,3,0
12530263,57,1730.0,Australia,1,108,8,1,0
5076156,37,1730.0,Canada,1,6,8,2,0
5172159,43,48698.8,Canada,2,234,6,4,0
2208040,34,4235.2,Australia,2,95,7,2,0
7766220,51,1730.0,Spain,1,15,7,2,0
6508214,33,68366.4,Spain,0,357,6,2,0
150811,38,10067.2,Spain,2,52,7,1,0
682190,55,76179.3,Canada,1,124,8,13,0
16505006,38,5981.9,Canada,2,75,6,6,0
8350412,27,1730.0,Saudi Arabia,2,0,8,12,0
12667096,48,95520.0,Saudi Arabia,0,77,6,3,0
603415,18,8721.9,Spain,1,5,8,1,0
4415714,30,11716.3,Mexico,0,0,6,1,0
6497156,37,1730.0,Spain,2,46,8,2,0
9750105,59,20010.0,USA,1,48,6,3,0
11964737,54,87432.5,Spain,1,264,8,5,0
12230580,38,3887.3,Spain,1,25,7,0,0
10982908,40,22197.0,Spain,2,52,7,3,0
3615885,35,11867.5,Spain,1,66,8,2,0
5620534,35,5962.4,Spain,1,27,8,2,0
4598455,21,18184.4,Spain,1,55,8,2,0
15568736,47,26080.4,Germany,1,295,6,3,0
13995151,24,1730.0,Spain,1,5,8,1,0
5029523,29,27088.8,Canada,1,117,6,14,0
8892845,47,1730.0,Germany,1,71,7,4,0
7135494,37,7354.9,Saudi Arabia,1,7,7,2,0
2408930,44,54213.5,Canada,2,314,8,0,0
5975498,26,42113.6,Canada,1,245,8,7,0
147709,46,82651.8,Australia,0,196,8,3,0
10685456,42,81800.5,India,1,140,8,6,0
6048834,25,52959.9,USA,1,31,7,3,0
8281562,47,19054.9,India,1,258,6,3,0
6709769,68,54459.5,India,1,53,7,3,0
14506654,42,5232.0,Spain,1,43,7,0,0
5365034,41,1730.0,Spain,2,65,7,0,0
14171061,37,9975.7,Canada,2,8,7,1,0
214583,71,44834.3,Canada,0,394,7,4,0
4263979,47,35984.3,Germany,1,419,8,2,0
4894056,67,38475.6,India,1,35,7,2,0
8582385,35,93923.6,Germany,2,262,6,5,0
5959655,39,1730.0,Spain,2,12,6,1,0
1719256,40,20751.0,India,1,96,7,1,0
4331891,37,33190.7,Australia,1,92,7,2,0
9570613,38,18046.7,Spain,1,67,8,2,0
13905976,41,55499.2,Spain,2,112,6,1,0
14781158,65,9148.6,Spain,1,288,8,4,0
6129972,44,26212.6,Spain,1,310,8,2,0
14857076,37,11413.9,Spain,1,81,7,2,0
4127314,49,68899.4,Canada,0,217,8,6,0
5998784,66,17243.7,Spain,2,31,6,0,0
3392659,18,59703.3,Spain,1,59,8,3,0
1902248,21,1730.0,Spain,1,9,8,0,0
3906284,18,9725.1,Mexico,1,29,7,2,0
9371617,43,33561.0,Canada,2,57,7,3,0
15032414,36,1730.0,Saudi Arabia,1,41,8,1,0
5418214,49,83778.4,Saudi Arabia,2,438,6,5,0
7678503,51,71797.7,Canada,1,419,8,2,0
16020001,33,16396.9,Spain,1,55,7,3,0
9549112,53,5862.4,Spain,1,7,8,2,0
7092642,58,102241.2,Spain,0,117,8,5,0
2337614,44,54407.5,Spain,0,128,8,4,0
4101365,44,21364.0,Spain,1,90,7,2,0
2169536,32,16227.1,Spain,1,28,7,2,0
92203,40,52854.3,Canada,2,238,7,2,0
7431667,40,34815.0,Saudi Arabia,0,98,7,0,0
10351921,46,10070.2,Saudi Arabia,2,57,7,0,0
5205449,45,2346.1,Mexico,2,72,7,5,0
10491126,45,1730.0,Saudi Arabia,2,2,7,1,0
6919306,40,44824.1,Saudi Arabia,2,61,7,3,0
6802085,49,2979.0,Australia,2,78,7,3,0
14560258,30,65823.3,Australia,1,121,8,4,0
1823802,41,1730.0,Saudi Arabia,1,7,8,0,0
520965,22,35107.5,USA,1,24,7,1,0
13700343,60,53836.5,Spain,0,290,7,3,0
695577,35,24437.6,Canada,2,49,6,0,0
4087030,32,30342.0,Saudi Arabia,2,275,8,3,0
7705986,39,2448.0,Germany,1,193,6,2,0
9004310,30,1730.0,Australia,1,131,8,3,0
2156076,28,11368.5,Saudi Arabia,2,34,7,3,0
3287196,38,10136.7,Spain,2,249,6,2,0
5376389,29,27579.0,USA,1,102,8,2,0
4557943,46,1730.0,Saudi Arabia,2,36,6,0,0
13956169,19,68084.1,Spain,2,132,8,3,0
802640,30,29679.6,Germany,1,30,8,10,0
6475888,18,15349.8,Spain,1,8,7,1,0
3054181,39,13206.2,Canada,2,328,7,8,0
2925308,35,5963.5,Spain,1,48,6,9,0
2297507,35,1730.0,India,1,86,8,2,0
2458769,36,1730.0,Spain,1,29,8,2,0
11689429,68,26351.8,Spain,0,349,6,2,0
817134,27,25421.3,Saudi Arabia,1,44,8,2,0
1083468,41,1730.0,Germany,1,125,7,4,0
12100242,30,26292.5,Spain,2,0,6,1,0
16505378,44,1730.0,Saudi Arabia,2,7,8,2,0
12346189,29,29654.3,Canada,1,105,8,4,0
11618032,46,15751.8,Saudi Arabia,1,34,7,2,0
2655145,41,60728.8,Spain,1,192,8,4,0
15456087,36,52486.0,Spain,2,168,8,5,0
6934028,46,36448.2,Spain,2,93,7,8,0
1777995,42,32979.7,Canada,1,91,7,7,0
11393682,32,33804.2,Spain,2,58,7,1,0
15355402,46,1730.0,Canada,1,25,7,0,0
3476402,36,22829.7,Spain,0,36,7,9,0
9448962,52,23243.8,USA,1,79,8,6,0
10779455,49,4283.3,Canada,0,35,7,3,0
5857,47,12120.7,Spain,1,226,7,3,0
13882624,33,56486.2,Spain,0,32,7,5,0
8543734,53,82999.9,Australia,2,52,8,3,0
14388151,37,104472.7,Spain,1,243,7,4,0
5208849,36,1730.0,USA,1,28,8,1,0
14078005,47,17960.1,Canada,1,52,6,2,0
14654827,43,51410.6,Saudi Arabia,2,90,7,2,0
14680092,36,11242.4,Spain,2,43,8,3,0
15936830,27,31057.2,Canada,1,19,7,9,0
3818701,46,36519.9,Canada,1,72,8,6,0
14119933,34,8592.4,USA,2,245,8,4,0
16094100,33,30426.4,Australia,1,292,6,1,0
12942940,39,32112.8,Saudi Arabia,1,370,8,0,0
15068132,46,11894.1,Canada,1,29,6,1,0
166054,18,1730.0,Saudi Arabia,2,22,8,1,0
14434038,49,60959.8,Spain,1,63,8,9,0
4339359,26,1730.0,USA,1,0,8,1,0
14369463,46,60271.4,Australia,1,84,7,4,0
15346071,46,49404.6,Saudi Arabia,0,183,6,4,0
8391154,40,1730.0,Spain,2,46,7,1,0
1851388,20,25761.0,Saudi Arabia,1,99,7,2,0
2911693,35,39456.0,India,0,435,7,5,0
15862668,47,12281.8,Saudi Arabia,1,58,7,3,0
9948856,44,65765.1,Saudi Arabia,1,158,7,2,0
5649298,31,46047.4,Spain,2,71,6,1,0
11652508,39,72375.1,Saudi Arabia,1,34,7,4,0
13965398,18,1730.0,Spain,2,27,6,1,0
1161034,58,70699.2,Spain,1,244,8,7,0
13552763,70,9845.9,Saudi Arabia,2,39,7,0,0
8286686,40,91508.3,Saudi Arabia,1,46,8,1,0
4462646,58,1730.0,Spain,1,52,8,0,0
7765046,48,1730.0,Germany,2,16,8,2,0
10101126,63,19113.9,Spain,1,73,6,1,0
51735,18,28535.2,India,0,376,6,6,0
2006780,49,5431.2,Spain,0,154,7,8,0
3107846,30,29311.5,Spain,1,246,9,4,0
11765521,32,1730.0,Saudi Arabia,1,42,8,1,0
3489974,30,93294.5,Australia,2,290,7,2,0
3147521,41,13719.0,Spain,2,100,6,3,0
11475873,42,37063.4,Spain,1,141,6,2,0
11762054,39,21305.1,Spain,1,73,7,2,0
16156569,41,15249.2,Saudi Arabia,0,207,8,1,0
10829188,47,98783.0,USA,1,229,6,8,0
11608049,39,1730.0,Australia,2,5,6,2,0
7593084,56,8545.1,India,1,93,8,3,0
10814455,34,2844.8,Saudi Arabia,1,42,7,1,0
12750053,36,20919.6,India,1,13,8,7,0
4929772,70,35362.9,Spain,1,114,8,4,0
12812941,69,35274.5,Spain,0,265,9,3,0
10303379,33,80053.2,India,1,279,6,4,0
2222731,30,38585.6,Canada,1,74,7,2,0
492072,23,27699.8,Spain,2,148,7,3,0
7623524,36,1730.0,Saudi Arabia,2,22,8,1,0
6988112,24,83896.6,Canada,1,98,6,2,0
2023768,42,10893.6,USA,1,14,7,1,0
16364606,34,42437.9,Australia,0,233,8,4,0
14042005,59,29156.2,Canada,2,133,8,2,0
5637172,24,20679.6,Saudi Arabia,1,52,7,2,0
5099625,35,98917.9,Spain,0,372,6,1,0
379478,35,1730.0,Canada,1,0,7,2,0
5100170,39,3700.0,Canada,1,13,6,2,0
6980159,52,95713.1,Saudi Arabia,1,243,8,4,0
5452089,28,26391.1,Spain,2,52,8,1,0
12179331,39,24713.6,Spain,2,24,7,4,0
12686520,44,19195.1,Canada,2,231,8,7,0
5466307,29,20623.7,Saudi Arabia,0,104,8,2,0
1168829,36,2103.1,USA,2,31,7,2,0
16716510,67,11186.8,USA,1,171,8,1,0
487799,41,38057.0,Saudi Arabia,2,16,8,1,0
15820732,63,36483.9,USA,1,76,8,4,0
10423552,55,57713.4,Spain,1,275,7,3,0
14979756,19,12832.3,Canada,1,20,7,3,0
16613219,70,66027.0,India,1,120,7,3,0
2154715,54,81395.0,Spain,1,65,8,4,0
401106,35,20244.9,Saudi Arabia,2,37,7,2,0
7571405,31,64414.5,Spain,1,53,7,3,0
9336982,45,1730.0,Spain,2,31,7,2,0
4301950,43,39854.7,Spain,1,29,6,1,0
10192782,43,4425.4,Australia,1,3,8,2,0
9988898,48,59520.9,Spain,2,66,7,3,0
12627728,34,23283.3,Saudi Arabia,1,57,8,1,0
1683696,40,31514.6,Canada,0,413,8,4,0
5665215,39,1730.0,Spain,1,31,8,6,0
7456652,38,46295.9,Canada,3,194,7,3,0
7103661,27,1730.0,India,1,38,7,2,0
12039817,47,71200.6,Australia,2,152,6,3,0
15545317,37,78026.6,Canada,0,186,8,5,0
1683632,48,20952.4,Spain,2,72,8,2,0
8503642,22,39500.4,Spain,2,0,6,1,0
3246572,41,1730.0,Saudi Arabia,2,10,8,1,0
14563108,37,21161.3,USA,1,338,8,1,0
510855,55,25895.8,Spain,1,246,6,1,0
16664521,47,63875.8,Saudi Arabia,1,71,8,1,0
5427602,49,11529.4,Australia,2,248,8,3,0
10308808,20,27352.5,Spain,2,14,6,3,0
704503,37,50913.3,Spain,1,319,8,1,0
14304158,32,36117.4,India,2,243,6,8,0
15924655,45,42071.5,Canada,1,144,8,2,0
5727499,64,1730.0,Spain,2,10,8,1,0
6696575,42,8169.5,Saudi Arabia,1,18,8,2,0
5374376,28,34674.7,Spain,1,213,8,2,0
8674147,50,1730.0,Spain,3,90,6,2,0
4369879,49,25520.4,Canada,1,376,8,8,0
7470088,40,2418.9,Spain,2,44,7,1,0
2518869,41,30680.2,Spain,1,233,7,3,0
8263974,32,37587.7,Canada,1,265,8,1,0
523861,20,14475.5,Spain,2,46,7,2,0
2188287,61,36423.3,Canada,2,326,6,3,0
5884759,36,71716.8,Saudi Arabia,0,301,7,4,0
9018794,33,52462.7,Australia,1,165,8,2,0
6854222,43,77388.0,Australia,1,326,8,8,0
9165247,38,2481.0,Spain,2,26,8,1,0
4777678,43,68093.1,Spain,1,88,6,1,0
12759815,31,59879.2,Spain,1,267,6,8,0
15127738,53,44324.9,Canada,0,336,8,4,0
14018246,42,4441.1,Spain,1,15,7,2,0
16157116,25,31621.4,Spain,0,72,8,12,0
3058218,50,19984.1,India,2,17,7,0,0
7669211,32,69734.2,Saudi Arabia,1,391,7,7,0
6135597,52,2616.9,Spain,2,50,7,3,0
8700531,43,1730.0,Spain,1,47,7,1,0
5627834,41,11445.2,Germany,2,240,7,7,0
14212700,56,3175.9,Australia,1,49,7,1,0
6008854,34,29159.8,Spain,1,73,7,1,0
14480395,47,31758.4,Canada,1,97,7,9,0
12184273,55,71007.8,Spain,1,379,7,2,0
8855119,37,7767.4,Spain,1,82,7,1,0
11859223,27,10022.7,Spain,1,17,7,1,0
2882036,45,3327.8,Spain,1,49,7,3,0
1320593,43,1730.0,Canada,2,64,8,3,0
2156215,73,14694.1,India,0,428,8,3,0
12966980,48,78741.4,India,1,90,8,3,0
1917267,48,9398.1,Canada,2,171,7,1,0
2307825,47,33964.5,USA,1,5,8,2,0
7180034,32,13306.7,Canada,1,100,8,6,0
6935932,37,76986.7,Germany,1,228,8,3,0
15136387,34,35173.2,Canada,2,75,7,1,0
11527259,25,50702.5,Saudi Arabia,1,278,8,2,0
8321611,25,42338.9,Spain,1,60,8,3,0
14105068,19,1730.0,Canada,1,17,6,3,0
7561617,28,1730.0,Canada,1,61,7,1,0
13719222,51,47635.4,Spain,2,69,6,1,0
11401642,30,67224.6,Spain,1,150,8,1,0
632497,37,1730.0,Spain,1,51,7,2,0
14774494,33,47643.3,USA,1,68,8,7,0
15017488,33,41440.5,Canada,1,54,8,6,0
3275904,36,16192.4,Spain,1,46,8,1,0
9713634,23,40813.7,Spain,2,154,7,4,0
13905129,38,54582.9,Saudi Arabia,0,153,7,3,0
6995572,34,12781.3,Spain,0,47,8,8,0
15630038,34,51896.1,Saudi Arabia,2,45,7,1,0
13300847,57,5473.8,Saudi Arabia,0,172,6,1,0
15913277,42,1730.0,Spain,1,7,8,2,0
2097045,53,14402.8,Canada,1,396,8,6,0
12697662,51,1730.0,Canada,1,29,6,6,0
14670550,44,50216.2,Spain,1,71,6,9,0
320793,37,10058.6,Australia,1,16,8,10,0
4408696,29,31894.5,Canada,0,17,6,4,0
15159788,36,50613.7,Canada,0,19,6,2,0
13138877,35,18254.6,Canada,2,113,8,3,0
16057250,41,33258.8,Germany,2,140,7,3,0
14803276,45,47854.0,Canada,1,285,8,2,0
3235792,58,66225.2,Spain,0,36,6,2,0
7636731,53,14185.9,Mexico,1,100,7,0,0
9883952,42,23000.3,Canada,1,161,8,2,0
4087390,31,14625.1,Australia,2,65,6,13,0
13120303,37,1730.0,Spain,1,49,7,1,0
15781774,36,1730.0,Australia,2,56,7,2,0
10896199,41,40469.9,Australia,0,302,6,2,0
7991744,50,36121.4,Canada,1,242,8,2,0
6507367,28,30904.2,Canada,2,38,8,6,0
1422522,42,11844.6,USA,1,98,6,1,0
3868027,67,5960.3,Canada,1,196,7,3,0
266908,37,1730.0,Saudi Arabia,1,17,8,1,0
8516187,34,1730.0,Spain,1,53,8,2,0
1486862,38,24264.5,Saudi Arabia,0,35,6,1,0
14780648,22,4199.5,Mexico,1,50,7,3,0
5036004,21,71585.0,Saudi Arabia,1,160,7,2,0
5852147,49,67715.5,Spain,0,126,8,2,0
10382282,33,36625.0,Spain,3,50,7,2,0
3968489,29,1730.0,Mexico,2,53,8,1,0
15890487,32,95806.5,Spain,2,213,7,2,0
10724232,58,18710.8,Mexico,1,59,7,8,0
4927366,36,58257.7,Spain,1,368,6,0,0
5613097,49,1730.0,Spain,1,45,7,2,0
7172703,19,35742.4,Spain,1,285,7,3,0
1143026,35,87910.8,Australia,1,336,6,8,0
10966948,62,29273.4,Saudi Arabia,0,65,7,3,0
2942123,37,1730.0,Australia,2,23,8,2,0
7052694,36,7277.9,Canada,1,8,8,5,0
3742124,48,10623.3,Australia,1,30,8,5,0
4409673,22,3975.8,USA,1,47,8,2,0
1355024,28,53121.4,USA,1,119,8,2,0
10448164,31,54244.5,Spain,1,143,6,1,0
985631,36,40520.8,Spain,0,216,8,6,0
10824889,42,12524.8,Spain,2,68,8,1,0
7123935,51,53613.2,Spain,2,308,7,6,0
5091725,44,65797.9,Australia,2,78,8,1,0
9286791,51,9214.0,Saudi Arabia,1,53,8,2,0
2316515,65,3265.5,Spain,1,125,7,0,0
2801156,27,64089.6,Canada,1,279,6,6,0
14213386,38,65338.9,Canada,1,76,6,4,0
8566717,36,1730.0,Canada,2,43,8,1,0
594378,67,1730.0,Canada,1,52,8,1,0
2262300,71,100993.4,Canada,0,261,7,2,0
8077347,27,40704.0,Spain,2,65,7,2,0
9406318,29,44749.1,Australia,0,220,7,4,0
794198,30,1730.0,Spain,2,67,7,0,0
7286487,38,65666.5,India,1,120,8,6,0
546921,54,15305.3,Spain,3,47,6,2,0
4949225,45,5587.5,Germany,2,56,7,3,0
13916542,53,57326.2,Saudi Arabia,1,36,6,4,0
1081364,42,1730.0,Spain,1,225,8,9,0
3330892,59,8024.2,USA,1,74,8,4,0
12872444,49,29019.0,Canada,0,88,7,9,0
2005719,32,69888.7,Canada,1,172,8,3,0
15891274,41,1730.0,Canada,1,16,7,1,0
2013052,24,38122.8,Canada,1,32,6,2,0
11229436,39,74037.7,Spain,1,136,8,2,0
5883113,30,17076.4,Spain,1,194,8,0,0
16396056,61,47744.1,USA,0,345,8,3,0
11533101,68,36254.7,Spain,1,86,6,8,0
3969672,45,95852.8,Germany,0,339,7,3,0
651674,64,2590.6,Canada,1,10,6,1,0
9676310,28,35284.1,Germany,1,68,6,3,0
13038480,35,70414.6,Australia,0,195,7,4,0
6137036,32,95845.6,Saudi Arabia,1,150,6,7,0
9314903,22,67027.4,Spain,1,88,8,3,0
11200031,20,8326.2,Australia,2,53,6,2,0
9610617,44,48738.4,Saudi Arabia,1,96,7,4,0
6806097,38,89976.6,Spain,0,169,7,10,0
6237246,25,19675.6,Canada,1,187,7,3,0
13013684,62,11322.2,Spain,2,340,7,3,0
2907224,32,1730.0,Canada,1,49,8,3,0
15683347,42,9649.1,Germany,1,15,7,4,0
16141726,29,68130.5,Australia,1,215,6,2,0
16164290,40,22906.6,India,2,49,6,11,0
15388179,41,26081.8,Saudi Arabia,2,94,7,2,0
3185665,74,30269.1,Canada,2,64,8,1,0
12942167,46,27125.9,USA,2,252,8,8,0
8679500,38,43319.9,Germany,2,97,7,2,0
6409497,67,51756.5,USA,1,245,7,14,0
1642446,37,1730.0,Canada,1,9,8,2,0
9252320,50,89349.9,Australia,1,351,8,5,0
3019624,45,40734.8,Saudi Arabia,1,44,8,2,0
4314008,29,63724.8,India,0,343,7,4,0
2183926,54,62223.8,Spain,2,61,8,1,0
8894074,36,51323.8,Saudi Arabia,1,275,7,4,0
9142398,42,65639.4,India,0,399,8,3,0
7384619,50,22865.9,Spain,2,93,7,7,0
14529867,43,1730.0,Saudi Arabia,1,25,8,3,0
10222704,42,68155.6,USA,0,183,8,2,0
13645114,37,28436.1,Spain,2,53,6,0,0
12755036,33,90573.1,Germany,0,424,7,6,0
12862509,47,10891.9,Spain,0,210,8,2,0
7004190,38,25439.1,Canada,2,251,8,3,0
8904915,37,31457.1,Spain,2,68,8,0,0
4659810,51,57517.6,USA,1,70,7,2,0
6532112,36,46703.1,Spain,2,47,6,9,0
9854452,35,1730.0,Spain,1,56,8,0,0
9086668,27,19042.5,Spain,2,38,7,1,0
8498905,27,1730.0,Spain,0,160,8,1,0
3355898,31,25074.2,Canada,1,104,8,1,0
10108268,38,1730.0,Spain,2,53,8,1,0
3933042,46,27886.8,USA,1,149,8,3,0
3875574,25,10224.4,Saudi Arabia,1,53,7,2,0
12869739,21,68004.5,Canada,0,353,8,5,0
7938494,32,88654.9,USA,2,43,8,6,0
5526201,61,15884.7,Saudi Arabia,0,89,8,7,0
5835718,30,4836.8,Saudi Arabia,1,0,8,5,0
3364308,48,57656.1,Spain,2,100,6,3,0
11500910,43,17812.3,Germany,1,132,7,1,0
3035443,34,106510.3,Spain,1,332,7,1,0
7604588,67,38833.9,Australia,2,256,8,1,0
12548746,43,21107.9,Australia,1,42,6,11,0
4914581,35,54514.5,Germany,1,268,6,14,0
11675153,36,24388.3,Saudi Arabia,2,123,8,5,0
1187621,45,1730.0,Saudi Arabia,1,58,7,1,0
8721354,40,15365.4,Spain,2,40,6,0,0
15515319,18,77617.9,Canada,1,159,8,8,0
2952353,53,74401.9,Spain,0,265,8,13,0
10898544,36,1730.0,Canada,2,35,7,2,0
13965249,48,2277.9,Saudi Arabia,1,188,6,2,0
13632217,46,1730.0,USA,2,19,7,0,0
7408848,26,66458.7,USA,2,218,8,2,0
11172488,54,1730.0,Canada,1,43,7,0,0
4631329,35,71771.3,Canada,0,431,7,3,0
11177549,69,9420.6,Spain,1,89,7,4,0
15302674,43,6166.9,Spain,1,69,7,1,0
9849934,49,56285.2,Spain,1,376,8,4,0
12664924,22,3670.6,Spain,1,0,6,1,0
6755163,32,1730.0,Spain,2,36,6,1,0
12653056,48,73912.7,Canada,1,256,7,4,0
4432735,27,76393.3,Saudi Arabia,2,296,8,5,0
9712831,36,44043.1,USA,1,133,6,2,0
2050662,26,51569.5,Saudi Arabia,0,108,6,1,0
14803540,51,33674.5,Saudi Arabia,1,360,6,2,0
10334356,20,34525.8,Saudi Arabia,1,45,6,1,0
16181083,29,1730.0,Canada,2,39,7,3,0
8995045,42,16837.7,Spain,2,121,8,1,0
16276153,47,17904.2,USA,1,79,8,1,0
1323084,34,13459.4,Canada,2,53,7,2,0
2863782,56,102770.9,India,1,119,8,3,0
3196703,40,72821.8,Spain,1,54,7,4,0
10313488,38,1730.0,Germany,1,75,8,1,0
12436029,41,101978.0,Spain,0,411,7,5,0
14023992,72,32986.0,Saudi Arabia,1,23,7,1,0
3296710,39,13304.8,Spain,1,60,8,2,0
11380650,56,1730.0,Canada,2,9,8,1,0
714517,35,31657.2,Spain,0,155,7,3,0
13451307,30,79472.3,Germany,1,439,8,6,0
5633839,19,9038.9,Germany,1,31,7,2,0
12655493,43,48828.1,Germany,1,325,7,3,0
8610300,37,1730.0,Spain,2,38,7,1,0
8162943,62,76531.6,Saudi Arabia,1,328,7,8,0
1385838,35,1730.0,India,2,44,8,7,0
9286414,33,1730.0,USA,1,6,7,2,0
4416779,21,2551.3,Spain,2,11,7,2,0
11293400,44,45584.5,Spain,2,53,7,1,0
5508751,18,1730.0,India,1,33,6,1,0
9282656,26,11628.0,Spain,1,31,7,3,0
10909673,45,1730.0,Germany,1,45,8,1,0
3598703,33,43280.8,Spain,0,188,7,1,0
1117370,21,1949.5,Australia,1,41,8,2,0
10547323,49,83380.0,Spain,2,274,6,8,0
5251769,44,24912.4,Saudi Arabia,2,202,6,9,0
7851451,25,1730.0,Germany,1,102,6,1,0
14934094,49,26718.8,Spain,1,55,8,6,0
2275637,40,12520.2,Germany,0,222,7,6,0
259246,39,5572.0,Canada,2,370,8,6,0
4222125,37,102358.6,Canada,0,429,6,2,0
16547620,52,44295.1,Canada,2,74,6,2,0
7300536,27,30033.4,India,1,136,8,3,0
9833236,60,29641.5,USA,0,382,8,4,0
12419610,42,16534.1,Spain,2,40,7,2,0
9738118,19,30735.9,Canada,2,79,6,0,0
11415206,22,14506.0,Germany,1,76,6,3,0
3605952,40,1730.0,Australia,1,8,8,1,0
14908467,52,43693.8,Spain,1,159,6,1,0
12462335,43,10900.7,Spain,2,101,8,3,0
5328474,36,7940.4,Spain,1,70,8,1,0
8508165,35,12571.9,USA,1,237,8,3,0
1217146,40,82375.3,Germany,1,203,8,3,0
9730637,37,101369.4,Spain,2,175,8,4,0
8981136,46,51011.1,USA,3,61,8,1,0
5499490,53,18658.8,Spain,2,124,6,5,0
6002647,29,46645.5,India,2,197,6,5,0
2986105,33,1730.0,India,1,72,7,3,0
14754849,50,47974.7,Spain,1,224,7,1,0
14464582,27,87844.9,Spain,2,126,7,7,0
12583355,69,9134.7,Saudi Arabia,1,431,7,6,0
12944521,61,1730.0,Canada,2,44,7,8,0
12724457,37,1730.0,Spain,1,123,6,5,0
12166421,18,48280.0,Spain,1,124,7,1,0
9439796,42,33435.8,Saudi Arabia,3,75,8,1,0
2267129,57,1730.0,Spain,1,60,6,3,0
12596399,43,24284.2,Spain,1,235,8,2,0
11814007,45,75324.1,Spain,1,120,6,3,0
15745184,31,30417.7,Spain,1,15,6,1,0
11089644,21,1730.0,Spain,2,47,6,1,0
4430306,35,67184.7,Germany,3,439,6,2,0
16435113,54,38494.7,Saudi Arabia,2,263,8,2,0
11107968,31,18437.5,USA,1,27,8,2,0
16195648,49,9455.8,Spain,1,20,7,6,0
9393063,35,1730.0,USA,1,49,8,2,0
7364580,22,66464.4,Spain,2,240,8,8,0
15930911,40,1730.0,Saudi Arabia,2,218,8,1,0
3362610,33,20368.6,Spain,2,13,8,3,0
12933453,49,43246.2,Germany,1,75,6,2,0
9886557,26,3011.1,Spain,1,72,8,0,0
779617,33,20352.6,Canada,1,87,7,6,0
15185982,24,79939.8,Canada,2,273,7,4,0
16503990,39,68014.7,USA,0,225,7,1,0
11831146,43,1730.0,Canada,1,15,7,1,0
12426456,49,42147.6,Australia,1,3,8,3,0
9112676,32,1730.0,Spain,1,32,6,0,0
7162337,35,1730.0,Australia,1,6,8,1,0
3757787,33,32389.4,Canada,1,86,9,2,0
3300996,44,54163.4,Spain,2,263,9,2,0
3052175,45,1730.0,Spain,1,73,7,1,0
4723899,29,29022.7,Saudi Arabia,1,69,7,0,0
12567135,45,69552.8,Spain,0,424,7,5,0
4112768,36,9991.8,Spain,1,25,8,1,0
25975,36,44689.4,Saudi Arabia,1,68,7,3,0
5759618,62,44736.6,Saudi Arabia,1,148,9,7,0
11715281,61,34542.3,Canada,1,98,8,6,0
4836444,45,23730.1,Australia,1,46,6,3,0
2788526,32,73532.2,USA,1,4,6,2,0
15099355,44,1730.0,Spain,2,59,7,3,0
8775304,61,67165.4,Canada,0,315,8,4,0
14013849,52,62500.3,Australia,2,91,6,1,0
10873911,28,53016.6,Australia,2,390,8,1,0
640677,29,2151.9,Germany,1,49,7,3,0
1606889,45,9850.8,Saudi Arabia,1,433,8,1,0
11628405,40,25302.2,Canada,1,114,6,3,0
8279826,40,52108.8,India,1,98,7,3,0
15754446,21,54009.4,Canada,0,237,7,1,0
9214020,43,53617.3,Spain,2,147,7,2,0
1863960,27,14640.7,Canada,1,55,8,1,0
11129997,59,80935.6,Spain,1,328,7,6,0
6949048,48,40039.5,Saudi Arabia,1,44,8,1,0
7736339,37,36578.2,Spain,2,234,8,9,0
15165499,58,66494.8,India,2,143,8,9,0
7992919,52,39257.9,Germany,0,322,7,5,0
16159953,45,65992.9,Canada,0,308,6,8,0
6204174,42,8117.4,USA,1,53,8,2,0
9208798,25,22914.2,Canada,1,40,6,2,0
14937515,24,53494.3,Canada,2,8,6,2,0
7207101,46,51644.3,Saudi Arabia,2,235,8,2,0
5670736,32,1730.0,Spain,2,21,6,3,0
1268424,45,51534.3,Germany,1,30,8,1,0
12270798,43,1730.0,Australia,1,55,8,2,0
108152,39,1730.0,Spain,1,122,6,1,0
4389599,26,1730.0,Spain,1,35,6,2,0
202302,51,47088.8,USA,1,412,8,2,0
9934852,26,56669.9,Saudi Arabia,0,357,8,4,0
2251369,22,38097.4,Saudi Arabia,1,67,7,5,0
13308099,39,72599.2,Saudi Arabia,1,37,7,2,0
5662079,30,64321.5,USA,1,67,7,4,0
9987080,75,1730.0,Spain,1,31,6,1,0
8835297,30,38692.8,USA,1,256,6,5,0
13745071,74,14191.7,Spain,1,158,7,11,0
4994257,29,37526.4,Spain,1,54,6,10,0
4749034,39,1730.0,USA,2,77,8,1,0
16430894,62,14475.5,India,2,50,8,3,0
1935127,45,3553.3,Canada,2,28,8,2,0
16578255,35,1730.0,Spain,1,50,7,0,0
12440901,36,51327.4,Spain,1,30,8,3,0
1538608,58,19865.9,Spain,2,56,6,2,0
1792803,29,20469.7,India,1,204,8,2,0
7515095,35,1730.0,Mexico,1,328,7,1,0
8306359,18,4945.2,Canada,1,46,7,6,0
8841199,42,34128.5,Canada,1,56,8,0,0
714212,32,44515.1,Saudi Arabia,1,68,6,2,0
12561243,26,15081.0,Spain,1,58,8,1,0
11241329,50,24220.1,USA,1,29,7,2,0
9063389,63,52825.9,Canada,2,269,8,2,0
11420506,41,89949.5,Spain,1,295,7,2,0
11262890,47,7699.9,India,2,325,7,4,0
8116696,29,24496.3,Germany,2,50,7,4,0
4137105,19,90570.0,USA,1,91,8,2,0
9007764,41,58527.3,Saudi Arabia,1,290,6,11,0
7863298,57,39490.6,Spain,0,73,8,7,0
10541562,53,48047.8,Canada,1,35,8,3,0
61031,38,10330.3,Spain,1,63,7,4,0
3348187,45,59772.5,Germany,1,53,8,2,0
11893664,60,74243.3,India,1,391,8,4,0
16614549,33,1730.0,Australia,1,42,7,1,0
598459,34,74484.8,India,2,35,7,4,0
14489412,42,74259.8,Saudi Arabia,1,235,6,8,0
10693612,44,29122.6,Canada,1,71,8,2,0
3027200,40,1730.0,Spain,1,80,7,0,0
12257979,37,12031.0,Spain,1,105,7,2,0
14622843,35,1730.0,Spain,2,63,7,7,0
8679516,56,55957.0,Saudi Arabia,1,21,8,3,0
5902741,18,1730.0,India,2,37,8,3,0
5083285,49,9699.6,Spain,1,51,8,2,0
13165184,50,78896.9,Canada,1,152,8,3,0
10323312,31,1730.0,Canada,2,24,8,2,0
2307499,50,6097.6,Spain,1,93,7,5,0
15411475,65,1730.0,Spain,1,23,8,1,0
14800704,41,24299.0,Spain,2,35,8,1,0
3122984,59,40880.4,Germany,1,273,8,6,0
12282624,30,68591.2,India,2,75,8,1,0
2077643,48,1730.0,USA,1,0,8,3,0
9912590,26,1730.0,Spain,1,69,7,2,0
1745751,36,38695.8,Saudi Arabia,1,317,8,6,0
8833564,21,42432.3,Spain,1,158,8,2,0
13701600,45,48109.8,Saudi Arabia,1,43,8,13,0
14814773,49,95631.8,Spain,1,436,7,8,0
4892876,29,43790.7,Saudi Arabia,1,97,8,6,0
5904695,37,49786.0,Spain,1,202,6,1,0
6836311,33,13928.9,Spain,2,60,6,2,0
16756034,44,24548.9,Spain,2,103,8,2,0
5306883,30,16067.1,USA,2,38,7,1,0
14299450,43,1730.0,Saudi Arabia,1,38,8,2,0
10124071,24,63703.2,USA,2,369,7,2,0
13276745,26,1730.0,Spain,1,3,7,1,0
9922565,50,62572.7,Saudi Arabia,1,30,8,2,0
13636636,35,29339.1,Spain,1,34,8,2,0
13682171,28,100945.7,Canada,2,150,7,4,0
12801627,48,1730.0,Canada,1,52,8,1,0
6664452,22,67220.3,Canada,1,388,8,4,0
14387295,51,29228.1,Spain,1,132,7,2,0
1179099,34,7053.2,Germany,2,53,8,4,0
12515739,37,40729.3,Canada,1,130,6,3,0
7307756,45,37470.8,Saudi Arabia,0,12,7,1,0
8366670,40,1730.0,Canada,2,16,8,1,0
15049537,41,27278.0,Saudi Arabia,1,436,7,5,0
571654,38,1730.0,Canada,1,20,7,6,0
13856969,31,69534.9,Australia,1,124,6,3,0
5767763,44,5143.0,India,1,185,8,3,0
3207175,41,58146.7,Spain,2,413,8,4,0
13516639,20,30722.4,Spain,2,49,8,3,0
3219810,28,49075.6,India,1,213,8,2,0
13308787,41,61936.6,Mexico,1,70,8,3,0
3424562,40,1730.0,Spain,2,58,8,1,0
14027836,33,56150.6,Canada,0,111,7,2,0
4136988,46,17293.5,Saudi Arabia,0,50,7,3,0
3969318,42,42559.0,USA,1,74,7,3,0
14669201,51,12692.5,Saudi Arabia,1,29,8,2,0
5872742,37,1730.0,Canada,2,15,8,2,0
2118658,25,84893.5,Saudi Arabia,1,215,7,10,0
11398291,28,1730.0,Saudi Arabia,1,0,8,2,0
16270612,70,44813.3,Spain,1,37,7,2,0
4074037,40,1730.0,Germany,2,73,8,3,0
14944685,52,1730.0,Australia,1,267,8,0,0
14995815,34,1730.0,Spain,1,59,7,2,0
2651231,65,18743.5,Canada,2,49,7,6,0
16525057,34,9271.3,India,2,51,8,9,0
12026507,33,21514.4,Canada,2,66,7,7,0
585540,32,23315.9,Spain,1,60,6,0,0
12274805,35,39251.6,Saudi Arabia,2,119,7,4,0
13670243,39,37950.5,Australia,1,82,8,2,0
14322456,46,1730.0,Spain,1,86,6,2,0
15499312,22,20720.7,Germany,1,0,8,2,0
5365877,21,53464.9,USA,2,94,7,4,0
8683561,18,42671.2,Spain,1,53,7,0,0
5924333,66,99316.0,Saudi Arabia,2,380,8,8,0
1407420,50,48708.5,Spain,0,104,6,3,0
15613432,32,76349.1,Spain,1,320,8,7,0
16029405,51,56952.5,India,2,50,6,3,0
13735994,46,81299.3,Australia,1,215,7,4,0
5717872,45,75133.2,Canada,2,321,7,6,0
16106618,29,13807.9,Spain,2,74,6,1,0
6827788,23,69983.8,Spain,2,212,8,0,0
12051377,37,30532.3,Spain,1,70,8,2,0
14159832,44,33112.0,Canada,2,75,8,3,0
1040230,28,12614.4,Saudi Arabia,2,34,8,2,0
2063048,41,78559.2,Spain,1,404,8,12,0
5758196,37,16636.7,Spain,1,83,7,2,0
8877595,29,62794.0,Spain,0,250,6,2,0
4992363,33,7194.1,Canada,1,72,8,1,0
14688779,23,92033.5,Australia,0,192,6,3,0
8719082,51,9309.3,Canada,2,58,8,2,0
6317683,36,37132.9,USA,2,135,7,5,0
16114912,35,49053.4,USA,0,127,8,1,0
4534027,32,66496.8,Spain,2,76,8,3,0
15811700,42,57495.1,Germany,2,104,6,7,0
15989975,74,81875.4,Canada,0,421,8,4,0
11119675,51,35165.8,Spain,1,13,6,2,0
12873814,26,8521.9,Australia,0,61,7,1,0
9391445,40,39958.2,Germany,2,63,8,4,0
8153677,23,1730.0,Canada,1,69,7,0,0
16159993,53,1730.0,Spain,1,37,8,1,0
14898998,49,87212.9,Spain,1,76,7,4,0
7872419,33,33962.0,Australia,0,173,7,3,0
10218506,41,21646.4,Mexico,2,158,6,1,0
5723040,53,1730.0,Spain,2,30,7,1,0
15141828,24,15177.6,Spain,1,381,6,14,0
12570194,45,1730.0,India,2,62,7,5,0
11741722,32,1730.0,Spain,2,57,8,1,0
14302562,55,1730.0,USA,1,37,7,9,0
16537648,34,84822.1,Germany,2,24,8,1,0
508188,18,1730.0,India,1,32,7,2,0
13441084,18,50164.1,Canada,1,29,6,2,0
3666335,42,91924.0,Spain,1,242,6,6,0
14424005,40,1730.0,Spain,2,76,8,1,0
472797,30,38774.0,Canada,2,60,6,2,0
12426085,41,73982.1,Spain,2,220,6,0,0
1302585,45,14169.3,Spain,0,148,8,2,0
14284534,47,42542.2,Saudi Arabia,1,153,8,2,0
16477711,59,1730.0,Spain,1,36,7,1,0
3851038,37,16778.4,Germany,0,181,8,3,0
11927179,33,30210.6,USA,2,150,7,1,0
4619334,29,1730.0,Spain,2,103,8,1,0
13874,18,31487.0,Canada,1,10,8,2,0
10010320,39,51940.0,Canada,1,87,8,11,0
1181482,49,25422.5,USA,0,63,8,3,0
6627564,47,27210.4,Canada,1,189,8,3,0
13788089,18,53753.0,India,2,8,7,2,0
5253892,26,49335.5,Canada,2,60,7,2,0
7440045,42,8076.4,Spain,2,58,6,2,0
7004629,36,1730.0,Spain,2,63,8,2,0
1530327,29,9328.4,USA,1,54,8,1,0
14379892,48,13931.8,Canada,1,75,7,0,0
1298244,33,32826.3,Spain,1,20,7,3,0
11394199,36,1730.0,Spain,2,29,8,1,0
1851879,37,1730.0,Spain,2,54,6,1,0
4486644,41,9216.7,India,1,89,8,2,0
8280034,40,1730.0,Canada,2,33,7,3,0
6210368,48,37146.7,India,0,405,8,14,0
8633212,35,9710.3,Canada,2,18,6,1,0
7529318,29,20849.7,Spain,1,69,8,2,0
2052176,30,51148.5,Spain,1,101,6,3,0
16040172,38,80997.9,USA,1,63,6,8,0
1252152,50,27785.5,Spain,0,417,8,4,0
11002882,38,1730.0,Spain,1,0,8,2,0
13440163,26,75617.9,Spain,2,235,7,3,0
3475323,18,17183.3,Spain,2,2,6,1,0
2154771,39,10483.7,Canada,2,66,8,1,0
11776573,27,1730.0,Saudi Arabia,1,60,7,3,0
675623,55,56656.0,USA,3,296,7,1,0
5467717,39,49314.5,Spain,1,97,8,1,0
16437071,33,1730.0,Canada,1,91,8,1,0
4376375,57,67365.8,Germany,0,226,7,3,0
1763326,45,8341.7,Germany,1,118,8,1,0
5263480,50,52870.5,Saudi Arabia,2,259,6,2,0
5697919,41,1730.0,India,2,7,8,1,0
10445333,20,28489.4,Australia,1,57,8,1,0
2133261,70,13614.6,India,1,114,8,1,0
598310,18,9317.8,Canada,2,146,7,8,0
15899005,42,25347.6,Spain,1,77,8,11,0
11697278,29,52836.5,Spain,2,1,8,2,0
2421803,44,1730.0,Canada,1,37,8,0,0
12004152,31,44588.5,Canada,1,30,8,2,0
927176,55,1730.0,Canada,2,47,8,2,0
14992345,34,39367.3,Australia,2,315,6,3,0
5646290,46,1730.0,Canada,0,48,8,1,0
9266413,26,31451.3,Spain,0,218,7,7,0
16545980,39,1730.0,Spain,1,35,7,3,0
3457426,30,1730.0,Spain,1,26,6,0,0
5531058,63,39213.1,Saudi Arabia,0,122,6,3,0
5317328,24,1730.0,Saudi Arabia,1,39,8,0,0
6754132,59,94360.5,Saudi Arabia,1,276,7,13,0
8311030,36,1730.0,India,1,38,8,1,0
3904059,30,59364.3,Australia,1,198,6,7,0
713346,26,19241.4,Canada,1,65,8,6,0
14940965,55,40905.0,Germany,1,231,8,14,0
11683195,40,40039.0,USA,1,20,7,6,0
1668182,33,45950.1,Spain,1,54,9,2,0
15983007,29,3678.6,Canada,1,54,7,1,0
13999562,72,1730.0,Spain,2,83,8,2,0
7865601,48,11445.7,Spain,1,63,8,5,0
1164108,38,34286.1,Spain,2,186,7,2,0
10314378,44,1730.0,Saudi Arabia,1,29,7,0,0
1791328,31,9112.5,Spain,2,425,6,1,0
8278931,38,47340.7,Spain,2,419,7,3,0
12175571,47,46735.6,Germany,1,154,6,6,0
7602488,43,16754.0,Germany,1,22,6,2,0
5602983,55,22904.6,Spain,1,65,8,2,0
2433015,27,62714.8,Spain,1,196,8,2,0
8542821,47,55002.5,India,2,145,7,6,0
8217476,18,7689.6,Spain,1,124,6,3,0
9943521,39,51661.3,Germany,2,67,7,4,0
9568721,50,32314.5,Australia,2,67,8,3,0
1610162,45,1730.0,Spain,2,53,7,2,0
14689540,58,69122.3,Germany,1,163,8,7,0
13700023,40,2185.6,Saudi Arabia,1,0,7,2,0
2619751,30,76280.3,Saudi Arabia,0,339,6,4,0
6521178,38,24725.8,Saudi Arabia,2,176,8,15,0
15053255,40,69733.2,Saudi Arabia,1,441,7,3,0
8523766,37,54092.6,Saudi Arabia,1,205,9,3,0
2243235,28,1730.0,Saudi Arabia,2,4,8,3,0
3129527,43,1730.0,Saudi Arabia,2,35,6,1,0
3636042,27,43850.6,Canada,2,227,8,2,0
6105867,20,43871.7,Saudi Arabia,0,59,8,2,0
11127125,38,10289.1,Spain,1,65,8,3,0
3986261,39,1730.0,Canada,1,68,8,1,0
1746972,32,37955.1,India,2,107,7,2,0
4803287,41,83220.5,Spain,0,208,7,4,0
16624705,46,1730.0,Spain,2,32,7,4,0
16298974,20,5329.6,Spain,1,97,7,1,0
7063556,47,1730.0,India,2,91,7,4,0
7237620,61,49325.4,India,1,106,6,3,0
4281014,39,1730.0,Australia,1,91,7,2,0
1897230,41,33060.1,Spain,0,164,8,2,0
12476676,32,1730.0,Spain,2,68,7,5,0
5837918,35,32372.5,India,2,260,6,8,0
7372774,24,71743.6,Canada,1,431,6,4,0
3837503,26,13226.7,Saudi Arabia,2,6,7,2,0
1042243,21,26402.1,Spain,2,51,8,1,0
16354893,27,1730.0,USA,1,65,8,2,0
10448921,66,65521.7,Germany,1,71,7,2,0
12556938,27,6035.1,Spain,1,56,7,3,0
16168753,49,56293.1,Spain,1,47,7,3,0
14059031,23,11935.4,Spain,2,61,6,2,0
11599693,43,23245.5,Spain,1,43,7,3,0
7747622,70,42623.1,Canada,2,106,8,2,0
8889102,44,37808.2,USA,1,112,8,11,0
5886871,54,24176.9,Spain,1,82,7,3,0
3601133,40,80121.6,Spain,1,255,8,5,0
5606310,28,40124.1,India,1,232,7,4,0
8809613,28,24703.9,Mexico,1,7,7,2,0
813048,32,76523.7,Canada,2,104,6,4,0
951596,61,4767.7,Spain,1,20,7,2,0
850253,69,41633.0,Saudi Arabia,1,350,8,6,0
11063495,26,7018.2,Germany,1,60,6,8,0
12785850,43,77089.1,Saudi Arabia,0,166,7,6,0
15770557,67,48332.5,Germany,1,138,7,2,0
10428037,36,73467.7,India,0,435,7,10,0
3930737,27,71302.3,Saudi Arabia,1,48,8,3,0
12389611,44,33738.5,Spain,1,47,7,3,0
13125584,56,72395.2,Australia,2,59,7,2,0
5184194,28,68480.6,USA,1,405,6,2,0
4477837,31,5636.5,Spain,1,253,7,1,0
16433385,45,58388.4,Spain,1,57,7,4,0
7954627,44,1730.0,Spain,1,36,7,1,0
8015946,23,50185.3,Canada,2,198,8,3,0
6898909,48,72727.6,Spain,0,124,7,5,0
2689114,35,1730.0,Canada,1,53,7,1,0
4108028,44,1730.0,Australia,1,428,8,1,0
4072924,31,1730.0,Spain,2,23,7,3,0
10304648,31,24049.5,India,1,367,7,6,0
12047,27,38559.0,Saudi Arabia,0,159,8,12,0
11569968,33,1730.0,Spain,1,86,7,3,0
1961287,49,54128.2,USA,1,139,7,1,0
2965017,43,51181.1,USA,1,70,7,10,0
6226968,35,84985.6,Saudi Arabia,2,153,7,7,0
12292660,37,44712.1,USA,3,12,7,2,0
1165437,49,89672.5,Spain,0,253,7,2,0
286174,67,31649.2,Australia,2,292,7,3,0
3021322,41,71175.5,Germany,0,93,8,3,0
15597618,46,39880.2,USA,1,195,6,0,0
1236193,26,18698.6,Canada,0,99,8,2,0
9650809,50,23841.1,Spain,1,89,7,3,0
4429930,58,2986.0,Australia,1,141,8,1,0
13252060,67,1730.0,Spain,1,52,8,1,0
2485789,31,8916.3,USA,2,83,7,3,0
14661288,36,64433.2,Canada,0,116,8,6,0
3491492,33,18056.5,India,2,23,7,1,0
9066524,56,77577.5,Spain,1,354,8,3,0
4791523,29,10674.9,Canada,1,106,8,1,0
1897703,23,60654.2,Spain,1,259,8,8,0
12523682,38,1730.0,Saudi Arabia,2,4,7,2,0
7302723,47,89894.2,Mexico,1,228,8,4,0
1397348,26,1730.0,Spain,1,20,7,2,0
13884665,39,1730.0,Canada,2,0,8,3,0
6050602,41,1730.0,USA,1,51,6,2,0
12739699,19,1730.0,Germany,1,21,8,11,0
4125577,37,52690.3,Canada,2,109,7,0,0
3516270,21,47269.9,Germany,2,38,7,12,0
11126697,18,75563.8,Australia,0,412,6,3,0
6882467,34,70010.5,Germany,1,102,7,12,0
15312809,44,1730.0,Canada,1,3,8,0,0
10942427,70,57085.3,India,2,169,8,7,0
13036191,45,10731.1,Spain,2,99,7,1,0
7093423,67,30938.7,Germany,1,96,6,2,0
11575778,43,28422.2,USA,1,60,8,1,0
8458901,68,72399.2,Canada,0,378,7,3,0
5151188,28,1730.0,Mexico,1,25,7,2,0
4399102,41,34969.7,Australia,2,118,7,5,0
15059893,32,19151.9,Spain,2,57,7,1,0
12055060,34,1730.0,Canada,2,68,7,10,0
9205632,26,1730.0,Spain,1,73,8,1,0
2920015,21,36712.3,USA,1,218,7,2,0
2745213,18,25347.5,Saudi Arabia,1,34,8,2,0
6650393,28,1730.0,Spain,2,19,8,3,0
15286032,37,49909.9,Spain,1,382,6,3,0
13236855,52,52551.5,USA,0,207,8,1,0
5415905,47,72200.6,Germany,1,212,8,13,0
11815303,28,68393.5,Saudi Arabia,0,385,7,2,0
14201802,51,10465.7,Canada,1,172,8,1,0
16432003,46,8884.7,Saudi Arabia,2,46,7,2,0
16260602,38,20181.2,Spain,1,124,8,1,0
14844272,47,75070.4,USA,2,47,6,5,0
656011,44,19469.3,Germany,0,58,6,2,0
10603943,32,9346.1,Canada,2,2,6,2,0
10083796,19,91006.1,Saudi Arabia,2,108,8,1,0
1399939,47,39335.9,Canada,1,49,8,4,0
2685889,18,1730.0,Spain,1,29,7,1,0
8183619,47,33795.5,Australia,2,100,8,3,0
8129728,51,96413.6,Spain,1,425,6,5,0
7680676,47,49904.0,India,1,180,7,5,0
13984110,52,90395.4,Saudi Arabia,1,155,8,2,0
15461517,29,70540.9,Saudi Arabia,2,34,7,1,0
15398018,36,20821.2,Canada,2,86,6,4,0
4145339,58,20633.9,Spain,2,2,7,1,0
3533486,50,82209.0,Canada,0,82,7,4,0
16565981,48,45457.5,USA,2,100,8,3,0
2667,34,1730.0,India,1,77,8,2,0
8185942,52,59297.9,Spain,1,258,7,2,0
355693,32,1730.0,Saudi Arabia,2,0,7,2,0
2075503,35,24614.6,Spain,2,72,8,0,0
1918795,27,1730.0,Canada,1,32,7,2,0
11914190,30,61052.1,Canada,2,279,8,1,0
5181139,18,1730.0,Spain,1,40,7,1,0
11102661,39,74641.0,Saudi Arabia,1,129,8,3,0
10883401,45,48479.4,Germany,2,259,8,2,0
9731680,18,66853.0,Spain,0,68,6,1,0
15166751,34,9965.6,USA,2,47,7,0,0
13676587,41,1730.0,Spain,1,38,8,2,0
13468833,45,17135.7,Canada,2,389,8,2,0
14535092,41,51213.5,Canada,1,39,7,1,0
6424421,31,88269.2,USA,0,430,8,5,0
11346958,53,7529.1,USA,1,23,8,5,0
4554662,38,2171.5,Spain,2,56,7,4,0
12572714,19,57130.1,Spain,2,147,7,2,0
8131160,35,48090.9,Saudi Arabia,1,65,7,9,0
926186,71,31087.9,Canada,2,7,7,3,0
3306239,43,62154.4,Saudi Arabia,1,373,8,8,0
3439658,22,21473.9,Saudi Arabia,0,91,6,7,0
2551084,53,76365.6,Canada,0,210,8,2,0
1102320,48,29289.1,Spain,1,38,8,2,0
16072074,27,7637.3,Spain,1,97,8,2,0
6267567,43,1730.0,India,3,255,7,3,0
11783092,36,50545.8,Saudi Arabia,1,146,7,2,0
1253549,37,51948.6,Spain,1,81,7,2,0
14892567,51,31583.7,Australia,0,418,7,6,0
7869263,30,24042.4,Canada,2,201,6,2,0
15205346,48,22995.2,USA,0,75,8,3,0
15007626,38,20279.6,Spain,1,212,7,2,0
4665948,44,8839.4,Saudi Arabia,1,0,8,2,0
16328408,26,22767.1,Spain,1,266,6,0,0
15266386,33,61155.5,Germany,1,34,8,1,0
12203023,51,14027.2,Spain,1,45,8,4,0
1888973,18,66129.9,Australia,0,106,8,3,0
1376874,43,57238.9,Australia,3,405,6,5,0
4230098,65,76129.7,Canada,1,168,6,5,0
10873026,38,35121.4,India,1,379,8,1,0
13774887,20,83343.8,India,1,345,8,7,0
2021996,50,16261.2,India,2,33,7,2,0
115045,40,15278.5,Australia,1,127,6,5,0
4795867,36,46834.6,USA,1,76,7,2,0
868330,35,3614.0,Spain,1,22,6,2,0
919551,68,68071.2,Spain,1,61,8,2,0
1051125,27,37641.0,USA,1,72,8,3,0
11966655,40,26143.6,Spain,1,291,7,3,0
2337647,41,11684.0,Saudi Arabia,1,31,7,3,0
10456886,27,1730.0,Spain,1,47,7,2,0
1926760,21,22887.9,India,1,46,7,3,0
5702198,30,83221.3,India,1,54,8,2,0
3413281,40,1730.0,Canada,1,45,8,6,0
4981746,36,15881.7,Saudi Arabia,1,62,7,4,0
11163889,45,43138.7,Spain,0,6,7,4,0
6299119,48,48348.1,Spain,1,34,8,2,0
8212552,22,10749.2,Saudi Arabia,2,79,7,1,0
3838906,37,1730.0,Spain,1,86,8,1,0
6187089,28,71277.4,Canada,1,124,7,11,0
16329253,33,1730.0,Canada,2,54,8,1,0
763748,46,29392.1,Australia,1,143,8,2,0
9376718,37,18922.8,Spain,1,68,8,2,0
8935169,20,13943.7,Spain,1,53,7,1,0
4575368,39,6862.6,Australia,2,51,6,1,0
8784947,50,1730.0,Spain,1,5,8,2,0
15397347,36,6443.3,Canada,1,244,6,2,0
3537517,25,96490.2,India,1,208,8,4,0
14047314,29,1730.0,Spain,1,4,8,0,0
15993086,39,6441.0,India,1,46,7,2,0
12809518,24,1730.0,Spain,2,19,8,0,0
2660499,40,1730.0,Spain,1,12,7,0,0
12221939,39,42338.5,Saudi Arabia,1,60,8,2,0
14408007,32,29988.4,Canada,1,97,7,1,0
3233621,23,52454.7,Spain,1,103,7,6,0
3231446,68,59649.2,Canada,0,334,6,4,0
310426,55,93811.3,Saudi Arabia,2,84,6,1,0
2909534,18,1730.0,Canada,1,2,7,3,0
13853547,39,32066.1,Saudi Arabia,0,439,6,7,0
7400612,38,1730.0,Germany,2,37,7,0,0
6806662,35,24323.6,Canada,0,105,8,2,0
15854501,45,46462.0,Canada,0,343,7,9,0
12969486,38,60081.9,Australia,0,433,8,2,0
4329049,56,38672.4,Germany,2,81,6,4,0
11131090,53,61854.2,India,1,226,6,7,0
4015720,34,4420.4,Spain,1,0,7,3,0
3737927,40,65033.9,Canada,1,370,8,0,0
12752405,51,2325.8,Spain,1,33,7,2,0
11885469,43,48868.9,Spain,0,345,6,5,0
2931274,42,73059.6,Canada,2,80,7,1,0
16570336,33,1730.0,Saudi Arabia,1,245,8,0,0
13923642,41,48094.1,Canada,1,240,8,4,0
1368721,23,13920.5,Spain,2,38,7,8,0
13184801,46,13921.6,Spain,1,408,7,2,0
7669538,44,6817.0,Spain,2,222,6,8,0
8829936,60,62514.6,Spain,0,76,7,4,0
6473522,60,11003.6,Spain,0,44,8,2,0
5978469,36,1730.0,Germany,2,48,6,2,0
8185877,27,40044.3,Spain,0,67,7,2,0
10864075,69,55962.1,USA,0,113,7,4,0
11439407,25,23570.3,Canada,1,55,7,2,0
9443307,35,28319.3,Saudi Arabia,1,80,8,5,0
6531559,18,8161.7,Germany,2,209,9,0,0
7733951,32,1730.0,Canada,2,64,7,1,0
16179428,18,38196.0,Spain,1,73,7,3,0
14077925,54,36480.9,Spain,1,69,7,3,0
3621093,30,1730.0,Spain,2,0,8,1,0
15589711,48,46061.5,Spain,1,34,6,3,0
7604899,18,1730.0,Spain,2,18,8,2,0
9308604,29,27335.2,Spain,2,395,8,4,0
9781586,56,1966.9,Canada,2,16,8,1,0
12909364,54,50247.3,Spain,0,403,8,3,0
1832410,52,1730.0,Saudi Arabia,1,48,8,2,0
222876,36,3822.7,Australia,1,97,8,1,0
15469096,28,28551.7,Germany,2,59,7,1,0
14039368,72,80719.4,Canada,0,361,8,10,0
3222199,46,69192.9,Germany,2,226,6,2,0
2378670,35,49456.0,Australia,1,335,8,6,0
2247510,37,7300.6,Germany,2,59,8,2,0
9665786,38,70042.4,Saudi Arabia,1,216,9,8,0
541343,29,1730.0,Mexico,1,10,7,2,0
7464472,41,16250.9,Canada,1,37,8,3,0
12700653,47,38852.8,USA,1,228,7,5,0
8391998,18,21438.3,Spain,2,9,6,2,0
9390344,72,7072.4,USA,1,290,8,7,0
2337129,59,7603.6,Saudi Arabia,1,14,8,2,0
13047925,34,40673.7,Spain,1,12,6,2,0
9103074,66,69112.5,Canada,0,366,7,2,0
6336426,24,13241.5,Saudi Arabia,1,27,8,1,0
15093314,43,5871.2,Spain,1,155,8,5,0
15008991,36,1730.0,Australia,1,3,7,1,0
16028617,39,7491.9,USA,2,72,6,1,0
13667375,34,6799.5,Spain,1,84,7,2,0
6655921,22,1730.0,Canada,2,54,7,0,0
11950937,36,34508.4,Spain,2,51,8,1,0
13718542,30,5685.1,Germany,1,12,8,2,0
2485439,29,32533.4,Australia,0,53,8,5,0
3843719,38,64218.1,Saudi Arabia,0,69,8,2,0
